id,type,severity,original_location,issue,evidence,remedy,status,remaining_blocker
I-01,implementation,critical,c3e/calibration/policy.py hamming_error; Tables 4-13; abstract,"Selective risk counted studies with no labelled target as error-free (denominator max(n_i,1)), contrary to the function's documented intent.","47.2% of source vs 18.7% of external evaluation studies have no labelled target (raw label files); original risk = evaluable-study risk x evaluable fraction (identity verified); results/c3e_revision/label_audit_by_study.csv, levels.csv","Corrected evaluable-study estimator made the primary; original retained beside it; cell-pooled, pathology-macro and per-pathology estimators as sensitivities; unit tests pin both.",resolved,None for the correction; the corrected estimand still compares selected labelled subsets (see L-01).
I-02,implementation,major,"Sec 4.10, Table 11; c3e/training/dataset.py, external/dataset.py","Findings-label cohorts were asymmetric: source restricted to studies with a findings section, external retained all studies with missing labels masked.","Source findings cohort 9,293 (6.0% label-less) vs external 132,923 (75.7% label-less); label_source_contrasts.csv step A2x/A2","Controlled decomposition holding studies, predictions, thresholds and cutoffs fixed; reported both orders.",resolved,None.
I-03,implementation,major,c3e/evaluation/interventions.py apply_c2 / check_invariants; Sec 4.1,"C2 applied per image row, so studies' images received different donors; the 'retaining own context' invariant compared text strings only and counted image rows.","Replay reproduces apply_c2 exactly; 0 same-patient donors at either site; all 6 (source) and 34 (external) rows are identical text from a different patient; 1,465/1,607 and 2,564/2,608 multi-image studies had >1 donor study; c2_audit.csv","Documented in Methods and Results; mislabel corrected; two extra source permutations and one extra external permutation, all with H4 essentially unchanged.",partly mitigated,A per-study C2 re-implementation would require new inference for all text models at both sites and was not run.
I-04,implementation,minor,c3e/training/finalize.py parse_curves; results/c3e_mimic/stage6_training/stage6b_audit.json,M2 training curve in the Stage 6b artifact splices epochs 1-4 of a discarded empty-context run (AUROC 0.50) with epochs 5-6 of the valid run.,"Logs show the valid run (best epoch 3, 0.7629 = selected checkpoint); stage6_runs_from_logs.json",Runs separated per log in the supplement; original artifact left unchanged.,resolved,None (checkpoint unaffected).
I-05,implementation,minor,c3e/analysis/runner.py holm_adjust use,"Holm was applied to four H4 bootstrap p-values (all at the 1/2000 floor, reported as 0.0) under the label 'per-pathology secondary family'; no per-pathology analysis existed.",stage10_analysis.json holm_adjusted_secondary,Explicit p-value floor 1/(B+1); post hoc pathology-specific contrasts with Holm across pathologies; Bonferroni sensitivity for the six confirmatory contrasts.,resolved,Adjustments are post hoc.
I-06,implementation,minor,Stage 8/9b prediction caches,"Caches stored no study identifiers, so label-source and stratified analyses could not be aligned.",align.py reconstruction verified exactly against all 10 caches (alignment_checks.csv),Verified reconstruction; new revision caches store study keys.,resolved,None.
I-07,implementation,minor,data/chexpert_plus/images_224,"One external image present at the primary run has since been lost from storage (seed replicate cohort 132,922).",Restoring that path is required to reproduce the primary caches; alignment_checks.csv restored_lost_images=1,Handled in alignment; documented.,resolved,Re-acquire the image if new external inference on the primary cohort is needed.
P-01,provenance,critical,"Sec 3.9, Table 13 caption, Fig 1 caption",Manuscript stated one 0.02 rule for all hypotheses and called H4 confirmatory; registry makes H4 secondary with direction >=0 and no materiality; H3 has no materiality either.,hypothesis_registry.yaml; pre-results commit b6052a7 implements H4 direction-only rule,One registry-driven verdict function (revision/verdict.py) with tests; all verdicts regenerated; H4 '+0.0173 confirmed' explained as its registered rule.,resolved,None.
P-02,provenance,major,"Tables 6-7, Sec 4.4-4.5","H2 registered for C0 vs C1 only, yet C2 interactions were reported as H2 instances; registered H3 (MET006 Omega contrast) is algebraically H2-C1 because M1 is context-invariant, and the reported transfer-gap H3 was defined in code after external estimates were inspected.",hypothesis_registry.yaml; analysis runner first committed 2026-08-07 15:08 after 02d4403 (08:15),H2-C2 and transfer-gap H3 labelled not registered/post hoc; registered H3 reported as identical to H2-C1.,resolved,None.
P-03,provenance,major,"Abstract, Sec 4.12, Preregistration",Second training seed described as pre-specified; registry names only a conditional three-seed ensemble; seed decided 2026-08-08 after inspection.,"git history (080f62a, 6d782b1); experiment_registry.yaml uncertainty_baselines.conditional",Described as post hoc; protocol history table; amendment log retrospective entries.,resolved,None.
P-04,provenance,major,Preregistration section,"Two pre-data planning documents exist (prose H1-H6 registry and SAP, AURC-led, pathology-specific, five mandatory sensitivities; and the machine-readable H1-H4 registry); the manuscript described only the latter and stated no amendment followed inspection.","docs/HYPOTHESIS_REGISTRY.md, docs/STATISTICAL_ANALYSIS_PLAN.md (commit 6b02a62, 17:14) vs protocols registry (c8c8065, 22:38)","Disclosed in Methods, Limitations and protocol history; SAP-required analyses run post hoc where feasible.",partly mitigated,One-image-per-study and concordant-study sensitivities not run (need image-level predictions); no independent time-stamped registration exists.
P-05,provenance,major,Not reported anywhere in main.pdf,"Registry-required baselines (temperature-scaled margin, split-conformal singleton acceptance), primary threshold-free metric AUGRC (MET007), AURC, failure AUROC and subgroup metrics MET016/MET017 were never computed.",experiment_registry.yaml uncertainty_baselines.required; metric_registry.yaml,Computed post hoc on the source calibration tier / evaluation data; reported as exploratory.,resolved,Post hoc status.
R-01,reporting,major,"Abstract, Sec 4.10, 5.5",'Reversed every cross-site contrast while leaving every within-site contrast intact': H3 is cross-site and did not reverse; H2-C2 rows omitted; Sec 5.5 says H3 never compares sites.,stage10_analysis_findings/stage10_hypotheses.csv,Statement removed; S1 decomposed.,resolved,None.
R-02,interpretation,critical,"Abstract, Sec 4.10-4.11, 5.5","'Only the labels differ' / image-only control 'decisive': S1 also changed cohort, thresholds, cutoffs and C2 donors; M1 external probabilities agree only to 1.2e-7, and S1 thresholds changed 44,180 M1 decisions and 1,633 acceptances.",label_source_meta.json external_decision_identity,"Controlled decomposition (A0-A3, A1c, A2x, B2); corrected interpretation.",resolved,None.
R-03,interpretation,critical,"Abstract, Sec 4.3, 5.1, 5.2, 5.8, Conclusion",Headline 'policy did not transport' and 'failure driven by institution' rest on I-01.,"Corrected H1 M3 -0.0042 (-0.0145, +0.0061), M4 -0.0018 (-0.0108, +0.0064); hypotheses.csv",Conclusion rewritten: not confirmed; cross-site sign not identified across defensible choices.,resolved,Expert reference standard needed for any cross-site claim (L-01).
R-04,interpretation,major,"Sec 4.5, 5.3, abstract","'Multimodal models transported better, reversed at materiality' is not robust: below materiality after correction and sign flips with uncertain/unmentioned handling.",tab_sensitivity; hypotheses.csv,Reported as post hoc operationalisation with full sensitivity.,resolved,None.
R-05,interpretation,major,"Sec 4.12, Table 13, Limitations","'Seven of seven verdicts replicated' compares binary verdicts under the defective estimator; under the second seed corrected H1 moves from -0.002 to -0.047 (M4) and -0.004 to -0.040 (M3); even the original estimator gives M3 +0.0145, below materiality.",hypotheses.csv analysis=seed20260719,Magnitudes reported for all runs; replication claim withdrawn.,resolved,More seeds for all models (L-03).
R-06,reporting,major,"Abstract, Sec 5.2, 5.8",Unsupported deployment claims: coverage monitoring would miss degradation; target-site recalibration would conceal it (never evaluated).,No recalibration analysis exists; protocol prohibits external tuning,Removed; replaced by evidence-based statements (operating points shift while coverage holds).,resolved,None.
R-07,reporting,major,Sec 3.7-3.8,'Same labeller family ... a site effect cannot be confounded with a labeller artefact' is unsupported (external labels' settings undocumented; availability differs).,Label audit; CheXpert Plus release; VisualCheXbert and expert-audit literature,Claim removed; label composition and agreement reported.,resolved,L-01.
R-08,reporting,moderate,Sec 5.9 vs 4.12; Sec 4.11 vs 4.9,Stale text: single-seed limitation contradicts two-seed section; 'T sensitivity outstanding' contradicts reported T results.,"main.pdf pages 15, 19, 13-15",Rewritten.,resolved,None.
R-09,reporting,moderate,Sec 4.9,"'One interval changes character' - at least three do (H2 M3 C1 at T=5/10, H2 M4 C1 and H4 M4 external at T=10).",stage10_analysis_T5/T10 hypotheses.csv,All intervals reported in supplement.,resolved,None.
R-10,reporting,moderate,Figure 2 caption,'Ordering between models is preserved' - M1 and M3 swap at the external site (original estimator).,Table 4 of main.pdf,Figure replaced; tables report levels.,resolved,None.
R-11,reporting,minor,Abstract,Positive-rate difference '35%' is 35.2 percentage points.,label_audit_by_study.csv,Corrected.,resolved,None.
R-12,reporting,minor,Sec 3.4 vs Table 3,'134 merged ... 200 studies' vs waterfall 133 and 199.,stage3c_exclusion_waterfall.csv,Corrected.,resolved,None.
R-13,reporting,minor,Throughout,"Number formatting bugs from digit grouping ('0.603,719', seeds '20,260,718', '-0.008,0') and double rounding (M3 external C0 risk 0.157050... printed 0.1570 from the 6-decimal artifact; correct 4-decimal value 0.1571).",main.pdf; stage9b_results.csv,Revision generates macros from 10-decimal outputs without grouping in decimals.,resolved,None.
R-14,reporting,minor,Sec 3.9,MDE stated 0.022-0.026 (artifact 0.021-0.0265) and official split 0.026-0.072 (artifact 0.023-0.072).,results/c3e_power/stage3d_mde_summary.csv,Corrected.,resolved,None.
R-15,reporting,minor,Sec 4.1,"External natural-state counts sum to 187,674 against 187,673 studies without explanation.",One study's two images have different context fields (N1 and N2),Explained.,resolved,None.
R-16,reporting,moderate,"Sec 2, references","'Every work verified' while one entry was abstract-only; ref [2] lacked authors and had wrong year (Liang, Peng & Sun, TMLR 2024); ref [1] lacked authors; generalisations ('usually re-fitted', 'typically Youden') unsupported.",Official pages checked 2026-10-06,"Bibliography rebuilt with verification notes; generalisations removed; closer work added (failure-detection benchmarks, rejection for CXR, label validity).",resolved,Scientific Reports version of Aperstein et al. could not be retrieved.
R-17,reporting,moderate,"Sec 1, 3.9, 5.7",50% power ceiling presented as a generalisable methodological contribution 'regardless of sample size'.,Elementary boundary property; equals 1/2 only once delta >= 1.96 SE,Demoted to a design note with correct statement.,resolved,None.
R-18,reporting,moderate,Limitations (fairness),Claimed the protocol named no subgroup analysis; metric registry includes MET016/MET017 (no strata defined).,metric_registry.yaml,Corrected; external-only exploratory strata reported.,resolved,Source demographics unavailable (L-05).
R-19,reporting,moderate,"User concern: abstract '14,766 as development size' and 'coverage falls to zero'","Neither statement appears in paper/main.tex, jamia or npjdm sources in this repository.",grep of all three builds,No change possible without the PDF in which they appear.,unresolved,Confirm which PDF is 'c3e.pdf'.
R-20,reporting,major,"paper/jamia, paper/npjdm",Venue builds carry the superseded conclusions and the unsupported recalibration claim ('erased rather than repaired').,npjdm/main_npjdm.tex abstract,Not edited; must be re-derived from the revision.,unresolved,Author decision on venue after revision.
R-21,reporting,major,Back matter,"No ethics, funding, competing-interest or contribution statements; repository URL absent from availability statement.",main.tex,Explicit placeholders and checklist (docs/revision/SUBMISSION_CHECKLIST.md).,unresolved,Author input required.
R-22,interpretation,moderate,"Sec 3.7, 4.7, 5.2",Frozen cutoff described as fixing operating burden; realised coverage is a site property and per-pathology operating points shifted.,coverage_gap.csv; operating_characteristics.csv,Source target vs realised coverage separated; per-pathology sensitivity/specificity reported.,resolved,None.
R-23,interpretation,moderate,"Sec 3.9, 4.4, 4.6",Paired context comparisons described as 'same patients'; accepted sets overlap only partially (Jaccard 0.64-0.85).,context_decomposition.csv,Selection vs prediction decomposition in both orders; full-cohort contrast.,resolved,No unique additive split exists.
R-24,interpretation,moderate,Sec 3.9,Intervals described without stating what they condition on; calibration-sample variability is 1.5-3.4x evaluation-bootstrap variability.,calibration_uncertainty.csv,Conditioning stated; calibration uncertainty quantified.,partly mitigated,Nested (calibration x evaluation x training) intervals not computed.
R-25,interpretation,minor,Sec 3.7 (confidence |2p-1|),Confidence centred at 0.5 while decisions use thresholds 0.41-0.99; ranking of decision correctness untested.,failure_detection.csv; comparators.csv,Failure AUROC per study and cell; threshold-centred and decision-aware comparators.,resolved,Comparators are post hoc and fitted on the calibration tier.
L-01,limitation,critical,Whole study,"No expert reference standard; neither label source is dense and comparable at both sites, so the cross-site sign is not identified.",Sensitivity range for M4 H1: -0.018 to +0.131,Blinded adjudication protocol with sampling and sample-size rationale (docs/revision/EXPERT_ADJUDICATION_PROTOCOL.md).,unresolved,Requires two to three board-certified radiologists and data-use approval for image review.
L-02,limitation,major,Whole study,"One pair of hospitals, one direction; no compatible third site with pre-diagnostic text; reverse transfer requires training on CheXpert Plus (not authorised; ~2-3 GPU-days).",AGENTS.md authorisations; local data inventory,Scope narrowed in text.,unresolved,New data or authorisation.
L-03,limitation,major,Seeds,Only M1/M4 had a second seed; M2/M3 unreplicated; two seeds cannot establish seed-independence.,M2 retrained under seed 20260719 (2026-10-06); M2/M3 replicate scored at both sites (2026-10-07): corrected H1 M3 -0.0402 vs -0.0042; H4 M3 external +0.0011 (inconclusive) vs +0.0263,Two seeds now for all four models; main text revised (seed moves both multimodal transfer gaps by about -0.04; M3 external context effect not seed-robust).,partly mitigated,Two seeds cannot establish seed-independence; three or more seeds per model needed.
L-04,limitation,moderate,SAP sensitivities,One-image-per-study and concordant-study sensitivities not run (need image-level predictions not cached).,Caches are study-level,Listed as unrun with command plan in the experiment ledger.,unresolved,New inference at both sites.
L-05,limitation,moderate,Fairness,Source-site demographics not available (MIMIC-IV not acquired); subgroup analysis external-only and exploratory.,data/mimic/metadata contents,External strata reported.,unresolved,Acquire MIMIC-IV patients table under the existing credential.
L-06,limitation,moderate,Interventions,Synthetic removal (C1) is not natural missingness; informativeness rule measures length; C2 per-image.,Design,Stated in limitations.,unresolved,Design change.
