label,subset,n,direct_mention_rate,synonym_mention_rate,negated_mention_rate,speculative_mention_rate,any_mention_rate
Cardiomegaly,all,191071,0.00023,4.2e-05,0.0,6.3e-05,0.000272
Cardiomegaly,positive,26281,0.000761,0.00019,0.0,0.000152,0.000951
Cardiomegaly,negative,11462,0.000611,0.000262,0.0,0.000436,0.000872
Cardiomegaly,uncertain,3376,0.0,0.0,0.0,0.0,0.0
Edema,all,191071,0.014916,0.001753,2.6e-05,0.005197,0.016669
Edema,positive,50475,0.029619,0.002873,4e-05,0.008202,0.032491
Edema,negative,16256,0.03328,0.00406,0.000123,0.016671,0.03734
Edema,uncertain,11144,0.022075,0.002872,0.0,0.008256,0.024946
Pleural Effusion,all,191071,0.019841,0.000236,5.8e-05,0.003208,0.020076
Pleural Effusion,positive,79671,0.038446,0.000502,1.3e-05,0.005209,0.038948
Pleural Effusion,negative,25810,0.00895,3.9e-05,3.9e-05,0.003603,0.008989
Pleural Effusion,uncertain,6330,0.013744,0.000158,0.000158,0.003633,0.013902
Atelectasis,all,191071,0.00113,5e-06,0.0,0.000251,0.001136
Atelectasis,positive,30169,0.002155,0.0,0.0,0.000663,0.002155
Atelectasis,negative,528,0.005682,0.0,0.0,0.001894,0.005682
Atelectasis,uncertain,30446,0.001609,0.0,0.0,0.000164,0.001609
Consolidation,all,191071,0.001471,0.0,1e-05,0.000539,0.001471
Consolidation,positive,12181,0.004433,0.0,0.0,0.000903,0.004433
Consolidation,negative,22032,0.002587,0.0,4.5e-05,0.001679,0.002587
Consolidation,uncertain,23707,0.001772,0.0,0.0,0.000717,0.001772
