model,condition,policy,coverage_source,coverage_external,risk_source_evaluable_study,risk_external_evaluable_study,gap_evaluable_study,gap_evaluable_study_ci_low,gap_evaluable_study_ci_high,risk_source_cell_micro,risk_external_cell_micro,gap_cell_micro,gap_cell_micro_ci_low,gap_cell_micro_ci_high,risk_source_original,risk_external_original,gap_original,gap_original_ci_low,gap_original_ci_high
M1,C0,frozen,0.7956115400,0.7715669974,0.2110779601,0.2230499169,0.0119719568,-0.0002196983,0.0244113906,0.1924626490,0.2080934080,0.0156307590,0.0047614465,0.0269197992,0.1083957553,0.1818148578,0.0734191025,0.0667566189,0.0801875479
M1,C0,temp_margin,0.7977109576,0.7731017205,0.2110027011,0.2216716997,0.0106689987,-0.0018011424,0.0230127272,0.1924139663,0.2067274513,0.0143134850,0.0035900954,0.0256802457,0.1083227212,0.1807210118,0.0723982906,0.0658178179,0.0791404328
M1,C0,expected_loss,0.7977786808,0.7418204524,0.1677737979,0.1704914425,0.0027176446,-0.0074367704,0.0126963392,0.1560859580,0.1625118909,0.0064259329,-0.0024257403,0.0152675381,0.0874759479,0.1414350185,0.0539590706,0.0483858444,0.0594185406
M1,C0,conformal,0.4619395910,0.4733718017,0.0983296542,0.0934949480,-0.0048347061,-0.0136129089,0.0033836751,0.1001089325,0.0969929214,-0.0031160111,-0.0108624056,0.0048837637,0.0653032302,0.0807846752,0.0154814450,0.0098464121,0.0210830524
M1,C0,conformal_accept_frozen_decisions,0.4619395910,0.4733718017,0.1803016924,0.1683928659,-0.0119088265,-0.0238917805,0.0005311715,0.1697167756,0.1711533344,0.0014365588,-0.0096104389,0.0129790371,0.1197429507,0.1455005139,0.0257575632,0.0175095676,0.0339286181
M1,C1,frozen,0.7956115400,0.7715669974,0.2110779601,0.2230499169,0.0119719568,-0.0002196983,0.0244113906,0.1924626490,0.2080934080,0.0156307590,0.0047614465,0.0269197992,0.1083957553,0.1818148578,0.0734191025,0.0667566189,0.0801875479
M1,C1,temp_margin,0.7977109576,0.7731017205,0.2110027011,0.2216716997,0.0106689987,-0.0018011424,0.0230127272,0.1924139663,0.2067274513,0.0143134850,0.0035900954,0.0256802457,0.1083227212,0.1807210118,0.0723982906,0.0658178179,0.0791404328
M1,C1,expected_loss,0.7977786808,0.7418204524,0.1677737979,0.1704914425,0.0027176446,-0.0074367704,0.0126963392,0.1560859580,0.1625118909,0.0064259329,-0.0024257403,0.0152675381,0.0874759479,0.1414350185,0.0539590706,0.0483858444,0.0594185406
M1,C1,conformal,0.4619395910,0.4733718017,0.0983296542,0.0934949480,-0.0048347061,-0.0136129089,0.0033836751,0.1001089325,0.0969929214,-0.0031160111,-0.0108624056,0.0048837637,0.0653032302,0.0807846752,0.0154814450,0.0098464121,0.0210830524
M1,C1,conformal_accept_frozen_decisions,0.4619395910,0.4733718017,0.1803016924,0.1683928659,-0.0119088265,-0.0238917805,0.0005311715,0.1697167756,0.1711533344,0.0014365588,-0.0096104389,0.0129790371,0.1197429507,0.1455005139,0.0257575632,0.0175095676,0.0339286181
M1,C2,frozen,0.7956115400,0.7715669974,0.2110779601,0.2230499169,0.0119719568,-0.0002196983,0.0244113906,0.1924626490,0.2080934080,0.0156307590,0.0047614465,0.0269197992,0.1083957553,0.1818148578,0.0734191025,0.0667566189,0.0801875479
M1,C2,temp_margin,0.7977109576,0.7731017205,0.2110027011,0.2216716997,0.0106689987,-0.0018011424,0.0230127272,0.1924139663,0.2067274513,0.0143134850,0.0035900954,0.0256802457,0.1083227212,0.1807210118,0.0723982906,0.0658178179,0.0791404328
M1,C2,expected_loss,0.7977786808,0.7418204524,0.1677737979,0.1704914425,0.0027176446,-0.0074367704,0.0126963392,0.1560859580,0.1625118909,0.0064259329,-0.0024257403,0.0152675381,0.0874759479,0.1414350185,0.0539590706,0.0483858444,0.0594185406
M1,C2,conformal,0.4619395910,0.4733718017,0.0983296542,0.0934949480,-0.0048347061,-0.0136129089,0.0033836751,0.1001089325,0.0969929214,-0.0031160111,-0.0108624056,0.0048837637,0.0653032302,0.0807846752,0.0154814450,0.0098464121,0.0210830524
M1,C2,conformal_accept_frozen_decisions,0.4619395910,0.4733718017,0.1803016924,0.1683928659,-0.0119088265,-0.0238917805,0.0005311715,0.1697167756,0.1711533344,0.0014365588,-0.0096104389,0.0129790371,0.1197429507,0.1455005139,0.0257575632,0.0175095676,0.0339286181
M2,C0,frozen,0.8027901937,0.8468662308,0.3042318557,0.2869414552,-0.0172904005,-0.0292168134,-0.0054204312,0.3156205120,0.3142860657,-0.0013344463,-0.0136070830,0.0108862641,0.1574798943,0.2337963127,0.0763164185,0.0687250749,0.0837796694
M2,C0,temp_margin,0.8036705946,0.8440901876,0.3047391445,0.2867416116,-0.0179975330,-0.0299212117,-0.0066238320,0.3164249183,0.3141285198,-0.0022963985,-0.0143200952,0.0098120297,0.1584941434,0.2334741546,0.0749800111,0.0673438024,0.0824060555
M2,C0,expected_loss,0.8002167141,0.8527944750,0.2704633858,0.2654548304,-0.0050085553,-0.0164429112,0.0062840609,0.2801487515,0.2969771490,0.0168283975,0.0056297796,0.0285069849,0.1353461408,0.2166568157,0.0813106749,0.0746756791,0.0879188132
M2,C0,conformal,0.5904104023,0.7565733545,0.1627900147,0.2231617243,0.0603717096,0.0490361119,0.0714287966,0.1771282171,0.2542288454,0.0771006283,0.0650650799,0.0889717205,0.0847747954,0.1817652089,0.0969904135,0.0906166073,0.1032147421
M2,C0,conformal_accept_frozen_decisions,0.5904104023,0.7565733545,0.2525624082,0.2519472354,-0.0006151728,-0.0142728673,0.0119466634,0.2670315593,0.2836318604,0.0166003011,0.0028500954,0.0293411669,0.1315248146,0.2052110057,0.0736861911,0.0662317494,0.0809254788
M2,C1,frozen,1.0000000000,1.0000000000,0.4565144909,0.3202847003,-0.1362297906,-0.1520874467,-0.1206163027,0.4684411648,0.3559666811,-0.1124744837,-0.1273884235,-0.0979587520,0.2410876338,0.2604772437,0.0193896100,0.0106318233,0.0279885597
M2,C1,temp_margin,1.0000000000,1.0000000000,0.4565144909,0.3202847003,-0.1362297906,-0.1520874467,-0.1206163027,0.4684411648,0.3559666811,-0.1124744837,-0.1273884235,-0.0979587520,0.2410876338,0.2604772437,0.0193896100,0.0106318233,0.0279885597
M2,C1,expected_loss,1.0000000000,1.0000000000,0.4565144909,0.3202847003,-0.1362297906,-0.1520874467,-0.1206163027,0.4684411648,0.3559666811,-0.1124744837,-0.1273884235,-0.0979587520,0.2410876338,0.2604772437,0.0193896100,0.0106318233,0.0279885597
M2,C1,conformal,1.0000000000,1.0000000000,0.2745810892,0.2272494188,-0.0473316704,-0.0612162348,-0.0349602232,0.2957570167,0.2567871356,-0.0389698811,-0.0531976732,-0.0258972476,0.1450076753,0.1848146421,0.0398069668,0.0326133310,0.0464279432
M2,C1,conformal_accept_frozen_decisions,1.0000000000,1.0000000000,0.4565144909,0.3202847003,-0.1362297906,-0.1520874467,-0.1206163027,0.4684411648,0.3559666811,-0.1124744837,-0.1273884235,-0.0979587520,0.2410876338,0.2604772437,0.0193896100,0.0106318233,0.0279885597
M2,C2,frozen,0.7899905188,0.8459107905,0.4618333333,0.3279096175,-0.1339237158,-0.1466550023,-0.1211098728,0.4688814130,0.3596157399,-0.1092656731,-0.1213486394,-0.0966443317,0.2415073582,0.2666677042,0.0251603461,0.0165752908,0.0337058095
M2,C2,temp_margin,0.7901259651,0.8429993304,0.4632569558,0.3286620872,-0.1345948686,-0.1471738123,-0.1219663390,0.4700193424,0.3605837523,-0.1094355901,-0.1213435294,-0.0967017883,0.2426073541,0.2672964226,0.0246890685,0.0160797823,0.0332259083
M2,C2,expected_loss,0.7803738318,0.8524559331,0.4307149629,0.3055709818,-0.1251439811,-0.1384399173,-0.1121019704,0.4402591793,0.3405174785,-0.0997417008,-0.1126177201,-0.0868952330,0.2234125951,0.2486264940,0.0252138989,0.0170037541,0.0335854728
M2,C2,conformal,0.5861438440,0.7570849289,0.2886778864,0.2586721760,-0.0300057104,-0.0450659488,-0.0160506111,0.3047438779,0.2942604796,-0.0104833983,-0.0258661035,0.0040924407,0.1466570383,0.2105718081,0.0639147697,0.0561613216,0.0711681008
M2,C2,conformal_accept_frozen_decisions,0.5861438440,0.7570849289,0.3884049731,0.2914087963,-0.0969961768,-0.1123337074,-0.0826540102,0.3993848338,0.3274842136,-0.0719006202,-0.0867835081,-0.0576506924,0.1973213942,0.2372210187,0.0398996246,0.0316283767,0.0483820623
M3,C0,frozen,0.7979818502,0.7741925777,0.1937248172,0.1895004260,-0.0042243912,-0.0144850205,0.0061481246,0.1873348932,0.1846950366,-0.0026398566,-0.0120135767,0.0068862360,0.1101714334,0.1570503103,0.0468788769,0.0407778223,0.0530729958
M3,C0,temp_margin,0.7983204659,0.7720183866,0.1926450035,0.1884595197,-0.0041854838,-0.0145121781,0.0060724660,0.1864342554,0.1837028200,-0.0027314354,-0.0121117280,0.0066728307,0.1091349960,0.1562840864,0.0471490904,0.0412037710,0.0533024063
M3,C0,expected_loss,0.7971014493,0.7326271601,0.1637635379,0.1472085636,-0.0165549743,-0.0258462491,-0.0071593796,0.1610727969,0.1488503153,-0.0122224816,-0.0206234678,-0.0034677005,0.0924978760,0.1241998090,0.0317019330,0.0263381275,0.0374507804
M3,C0,conformal,0.5148313694,0.5524175651,0.1044129473,0.0839577337,-0.0204552136,-0.0286102982,-0.0126597865,0.1108094520,0.0930522582,-0.0177571938,-0.0258025395,-0.0095313849,0.0683175480,0.0715073972,0.0031898492,-0.0019922591,0.0082640113
M3,C0,conformal_accept_frozen_decisions,0.5148313694,0.5524175651,0.1585946924,0.1472135167,-0.0113811757,-0.0218576348,-0.0013003973,0.1594771242,0.1501787512,-0.0092983729,-0.0193136446,0.0004584593,0.1037687451,0.1253827961,0.0216140510,0.0150024885,0.0281372188
M3,C1,frozen,0.8214817825,0.8277423772,0.1755045127,0.1760883457,0.0005838329,-0.0097980237,0.0108099587,0.1659706110,0.1677555858,0.0017849748,-0.0075467714,0.0113489928,0.0951167903,0.1444287411,0.0493119508,0.0436102973,0.0551612119
M3,C1,temp_margin,0.8186374103,0.8267944600,0.1745132428,0.1751930245,0.0006797816,-0.0099151982,0.0113284461,0.1652456983,0.1670861532,0.0018404549,-0.0074724560,0.0115011718,0.0946627509,0.1436997270,0.0490369761,0.0432263209,0.0550601031
M3,C1,expected_loss,0.7864689151,0.7769310052,0.1472598226,0.1370655051,-0.0101943175,-0.0189597013,-0.0015083739,0.1439103056,0.1372494808,-0.0066608248,-0.0146513722,0.0011879863,0.0833749534,0.1151728768,0.0317979234,0.0268026107,0.0368186554
M3,C1,conformal,0.5395503183,0.5716918818,0.1238144394,0.0798065194,-0.0440079201,-0.0535187818,-0.0350703660,0.1327905671,0.0876629173,-0.0451276498,-0.0542782563,-0.0358922586,0.0828019748,0.0680126594,-0.0147893154,-0.0209472076,-0.0089688486
M3,C1,conformal_accept_frozen_decisions,0.5395503183,0.5716918818,0.1525431682,0.1383736611,-0.0141695071,-0.0244468821,-0.0036286922,0.1501965188,0.1408498482,-0.0093466706,-0.0190867551,0.0008217129,0.1020145601,0.1179247104,0.0159101503,0.0093218231,0.0228526529
M3,C2,frozen,0.7281592848,0.7462591124,0.2538416956,0.2023882002,-0.0514534954,-0.0631100726,-0.0404335034,0.2432363882,0.1971337822,-0.0461026060,-0.0568531487,-0.0357319297,0.1425734747,0.1675622091,0.0249887344,0.0180941550,0.0318373280
M3,C2,temp_margin,0.7210483543,0.7416775125,0.2510121232,0.2015310329,-0.0494810903,-0.0610082044,-0.0383637454,0.2412414966,0.1965534309,-0.0446880657,-0.0551156311,-0.0345170990,0.1413136721,0.1669429060,0.0256292339,0.0187686770,0.0323409304
M3,C2,expected_loss,0.7096708655,0.6858632441,0.2184482855,0.1541846356,-0.0642636499,-0.0760049257,-0.0533252281,0.2112676056,0.1555349733,-0.0557326323,-0.0661514695,-0.0458432756,0.1242230493,0.1298072036,0.0055841544,-0.0010219417,0.0120447225
M3,C2,conformal,0.4637003928,0.5436004303,0.1361601885,0.0893709057,-0.0467892827,-0.0578195956,-0.0367510092,0.1421579533,0.0987301557,-0.0434277975,-0.0540095174,-0.0332896501,0.0900443016,0.0761527142,-0.0138915875,-0.0210095039,-0.0074471928
M3,C2,conformal_accept_frozen_decisions,0.4637003928,0.5436004303,0.2127760601,0.1529105084,-0.0598655517,-0.0712517392,-0.0485917384,0.2082313682,0.1558590482,-0.0523723200,-0.0631677825,-0.0414991927,0.1407112604,0.1302946427,-0.0104166177,-0.0177579736,-0.0029474441
M4,C0,frozen,0.7998103752,0.7949263860,0.1391315817,0.1373527130,-0.0017788687,-0.0107936275,0.0063945024,0.1345161290,0.1421085740,0.0075924450,-0.0004247586,0.0153896920,0.0744312729,0.1128209860,0.0383897131,0.0335627288,0.0430422775
M4,C0,temp_margin,0.7996749289,0.7955056687,0.1389117802,0.1371136513,-0.0017981290,-0.0106192136,0.0064626194,0.1344415752,0.1419659821,0.0075244069,-0.0005163491,0.0154704559,0.0742321590,0.1126450478,0.0384128888,0.0334903241,0.0431046684
M4,C0,expected_loss,0.8002844372,0.8547956336,0.1199955016,0.1256073104,0.0056118088,-0.0022053822,0.0128426610,0.1217894978,0.1349243600,0.0131348623,0.0058540183,0.0201283243,0.0677202336,0.1039995189,0.0362792853,0.0316727210,0.0406427966
M4,C0,conformal,0.5589191386,0.6933111651,0.0962910128,0.1252561262,0.0289651133,0.0209665651,0.0366402721,0.0982023626,0.1374763055,0.0392739429,0.0317778986,0.0467021887,0.0572519084,0.1042747702,0.0470228618,0.0420424494,0.0516928659
M4,C0,conformal_accept_frozen_decisions,0.5589191386,0.6933111651,0.1056517900,0.1181586722,0.0125068823,0.0042224462,0.0202385815,0.1080636877,0.1266307378,0.0185670501,0.0107868929,0.0258794178,0.0628175613,0.0983661939,0.0355486326,0.0305465304,0.0404344123
M4,C1,frozen,0.8051605039,0.7641491691,0.1394509612,0.1465586679,0.0071077067,-0.0013152701,0.0152341761,0.1383684298,0.1391637023,0.0007952725,-0.0071303668,0.0086371990,0.0719951215,0.1200195918,0.0480244703,0.0431970861,0.0528924748
M4,C1,temp_margin,0.8033997020,0.7619825011,0.1397981451,0.1457902434,0.0059920983,-0.0026452500,0.0141421693,0.1380432063,0.1384326576,0.0003894513,-0.0076962325,0.0083453002,0.0720025851,0.1194217637,0.0474191786,0.0424760823,0.0522684558
M4,C1,expected_loss,0.9316673439,0.9365045929,0.1468896635,0.1490154161,0.0021257526,-0.0057971047,0.0101353759,0.1458176079,0.1439399356,-0.0018776723,-0.0092120112,0.0059800411,0.0796430908,0.1223517803,0.0427086895,0.0380723721,0.0476998885
M4,C1,conformal,0.6558309630,0.7011578132,0.1273301458,0.1188713175,-0.0084588283,-0.0170588177,-0.0003107983,0.1289513746,0.1204481587,-0.0085032159,-0.0168347650,-0.0005470919,0.0742496214,0.0982333691,0.0239837477,0.0187078479,0.0289096906
M4,C1,conformal_accept_frozen_decisions,0.6558309630,0.7011578132,0.1362877044,0.1427799201,0.0064922157,-0.0024991312,0.0153823322,0.1355780424,0.1380795504,0.0025015079,-0.0057464951,0.0107975393,0.0794730139,0.1179910587,0.0385180447,0.0331350629,0.0438795739
M4,C2,frozen,0.7892455641,0.7877342522,0.1695082234,0.1388251322,-0.0306830913,-0.0408814671,-0.0210002655,0.1608536788,0.1438692669,-0.0169844119,-0.0267113901,-0.0078058521,0.0893212631,0.1140267856,0.0247055225,0.0190259612,0.0303139040
M4,C2,temp_margin,0.7887715021,0.7883586738,0.1694974192,0.1385191512,-0.0309782680,-0.0411979509,-0.0213621483,0.1609443844,0.1437383080,-0.0172060764,-0.0269136960,-0.0081403294,0.0892819324,0.1137487952,0.0244668628,0.0187723459,0.0299592727
M4,C2,expected_loss,0.7689286198,0.8423523393,0.1464947395,0.1274943929,-0.0190003466,-0.0279734552,-0.0107251447,0.1455038760,0.1368869360,-0.0086169399,-0.0171239223,-0.0005706954,0.0838015971,0.1054304206,0.0216288235,0.0160870111,0.0267798471
M4,C2,conformal,0.5191656508,0.6810108108,0.1331773165,0.1253315914,-0.0078457251,-0.0178149983,0.0019066134,0.1375543643,0.1375246324,-0.0000297319,-0.0098356309,0.0095820325,0.0853682929,0.1043862266,0.0190179337,0.0128691755,0.0254616741
M4,C2,conformal_accept_frozen_decisions,0.5191656508,0.6810108108,0.1362671279,0.1206731747,-0.0155939532,-0.0250764524,-0.0061697159,0.1378577931,0.1293921479,-0.0084656451,-0.0177579001,0.0009929963,0.0873488999,0.1005063226,0.0131574227,0.0070890872,0.0194475066
