model,policy,site,failure_auroc,aurc_evaluable,augrc_evaluable
M1,frozen,source,0.6157505365,0.1630693983,0.0960793098
M1,frozen,external,0.6314682890,0.1750397936,0.1022818576
M1,temp_margin,source,0.6185805595,0.1619474579,0.0955514865
M1,temp_margin,external,0.6377203415,0.1717179091,0.1011311488
M1,expected_loss,source,0.7443472609,0.1080865798,0.0711900092
M1,expected_loss,external,0.7647442722,0.1115377775,0.0758640875
M1,conformal,source,0.6300946594,0.0985524954,0.0601145077
M1,conformal,external,0.6590931910,0.1079441604,0.0696889700
M1,conformal_accept_frozen_decisions,source,0.6246032847,0.1424331814,0.0907188681
M1,conformal_accept_frozen_decisions,external,0.6404843421,0.1533539122,0.0993180937
M2,frozen,source,0.6461680434,0.2372977560,0.1387673897
M2,frozen,external,0.6466388729,0.2208591238,0.1276588096
M2,temp_margin,source,0.6392230656,0.2407572846,0.1397085297
M2,temp_margin,external,0.6506907207,0.2183681255,0.1272431289
M2,expected_loss,source,0.7393319049,0.1903733311,0.1201282904
M2,expected_loss,external,0.7058193813,0.1970729839,0.1147697216
M2,conformal,source,0.6822565077,0.1619634763,0.0971303371
M2,conformal,external,0.6751763471,0.1912589050,0.1076448129
M2,conformal_accept_frozen_decisions,source,0.6830251660,0.2096999506,0.1304970261
M2,conformal_accept_frozen_decisions,external,0.7002257062,0.2009378821,0.1160851693
M3,frozen,source,0.6320801307,0.1317004554,0.0812488125
M3,frozen,external,0.6476432267,0.1269148870,0.0813005408
M3,temp_margin,source,0.6325503681,0.1306121511,0.0809181255
M3,temp_margin,external,0.6523053410,0.1252130803,0.0806058049
M3,expected_loss,source,0.7378151758,0.0989398729,0.0637301881
M3,expected_loss,external,0.7464262188,0.0923126825,0.0635656204
M3,conformal,source,0.6431794340,0.0963504930,0.0589109040
M3,conformal,external,0.6971015196,0.0805713844,0.0533662561
M3,conformal_accept_frozen_decisions,source,0.6450223875,0.1231250215,0.0787863424
M3,conformal_accept_frozen_decisions,external,0.6579249715,0.1200490026,0.0796343284
M4,frozen,source,0.6247219240,0.1010513406,0.0613755510
M4,frozen,external,0.6033020842,0.1015463417,0.0613221336
M4,temp_margin,source,0.6265307509,0.1006641496,0.0611612920
M4,temp_margin,external,0.6038137334,0.1015471235,0.0612654515
M4,expected_loss,source,0.7044036290,0.0777538621,0.0490593410
M4,expected_loss,external,0.6867003592,0.0769380190,0.0498683783
M4,conformal,source,0.6443388118,0.0888178900,0.0537676181
M4,conformal,external,0.6635832852,0.0902341444,0.0577525484
M4,conformal_accept_frozen_decisions,source,0.6369551156,0.0955115397,0.0577490791
M4,conformal_accept_frozen_decisions,external,0.6508748815,0.0863119252,0.0545600508
