site,model,condition,estimator,term,estimate,ci_low,ci_high,accepted_C0,accepted_intervention,accepted_both,jaccard_acceptance
source,M2,C1,evaluable_study,policy_effect,0.1522826352,0.1384173542,0.1669085702,11854,14766,11854,0.8027901937
source,M2,C1,evaluable_study,order1_prediction_on_C0_set,0.1478541938,0.1335622582,0.1626273744,11854,14766,11854,0.8027901937
source,M2,C1,evaluable_study,order1_selection,0.0044284414,-0.0002077526,0.0091941097,11854,14766,11854,0.8027901937
source,M2,C1,evaluable_study,order2_selection,0.0281225941,0.0231536267,0.0328856788,11854,14766,11854,0.8027901937
source,M2,C1,evaluable_study,order2_prediction_on_intervention_set,0.1241600410,0.1092937550,0.1396714193,11854,14766,11854,0.8027901937
source,M2,C1,evaluable_study,full_cohort_prediction_effect,0.1241600410,0.1092937550,0.1396714193,11854,14766,11854,0.8027901937
source,M2,C2,evaluable_study,policy_effect,0.1576014776,0.1424247972,0.1723237331,11854,11665,9363,0.6614156541
source,M2,C2,evaluable_study,order1_prediction_on_C0_set,0.1744160148,0.1599996895,0.1885350505,11854,11665,9363,0.6614156541
source,M2,C2,evaluable_study,order1_selection,-0.0168145372,-0.0239863290,-0.0097000080,11854,11665,9363,0.6614156541
source,M2,C2,evaluable_study,order2_selection,0.0318583082,0.0258518579,0.0377623841,11854,11665,9363,0.6614156541
source,M2,C2,evaluable_study,order2_prediction_on_intervention_set,0.1257431694,0.1104060783,0.1403224354,11854,11665,9363,0.6614156541
source,M2,C2,evaluable_study,full_cohort_prediction_effect,0.1485487732,0.1342539955,0.1624545235,11854,11665,9363,0.6614156541
source,M3,C1,evaluable_study,policy_effect,-0.0182203045,-0.0259060765,-0.0095803557,11783,12130,9754,0.6888904584
source,M3,C1,evaluable_study,order1_prediction_on_C0_set,-0.0181042630,-0.0249915022,-0.0110427129,11783,12130,9754,0.6888904584
source,M3,C1,evaluable_study,order1_selection,-0.0001160414,-0.0051119382,0.0046543957,11783,12130,9754,0.6888904584
source,M3,C1,evaluable_study,order2_selection,0.0075174503,0.0025127294,0.0128470700,11783,12130,9754,0.6888904584
source,M3,C1,evaluable_study,order2_prediction_on_intervention_set,-0.0257377548,-0.0329747677,-0.0178495854,11783,12130,9754,0.6888904584
source,M3,C1,evaluable_study,full_cohort_prediction_effect,-0.0222813542,-0.0287976453,-0.0152079278,11783,12130,9754,0.6888904584
source,M3,C2,evaluable_study,policy_effect,0.0601168785,0.0505215547,0.0698077746,11783,10752,8795,0.6401018923
source,M3,C2,evaluable_study,order1_prediction_on_C0_set,0.0714321246,0.0621819025,0.0807433937,11783,10752,8795,0.6401018923
source,M3,C2,evaluable_study,order1_selection,-0.0113152461,-0.0172934444,-0.0049839347,11783,10752,8795,0.6401018923
source,M3,C2,evaluable_study,order2_selection,0.0147699667,0.0095472580,0.0199427046,11783,10752,8795,0.6401018923
source,M3,C2,evaluable_study,order2_prediction_on_intervention_set,0.0453469117,0.0358697547,0.0544030403,11783,10752,8795,0.6401018923
source,M3,C2,evaluable_study,full_cohort_prediction_effect,0.0639052749,0.0549194363,0.0728730747,11783,10752,8795,0.6401018923
source,M4,C1,evaluable_study,policy_effect,0.0003193795,-0.0077454973,0.0090024362,11810,11889,9609,0.6819730305
source,M4,C1,evaluable_study,order1_prediction_on_C0_set,0.0000316556,-0.0070311157,0.0073942245,11810,11889,9609,0.6819730305
source,M4,C1,evaluable_study,order1_selection,0.0002877239,-0.0050411647,0.0056496636,11810,11889,9609,0.6819730305
source,M4,C1,evaluable_study,order2_selection,0.0054024685,0.0003153940,0.0106113753,11810,11889,9609,0.6819730305
source,M4,C1,evaluable_study,order2_prediction_on_intervention_set,-0.0050830890,-0.0120982271,0.0023754826,11810,11889,9609,0.6819730305
source,M4,C1,evaluable_study,full_cohort_prediction_effect,-0.0004018124,-0.0070687519,0.0065117795,11810,11889,9609,0.6819730305
source,M4,C2,evaluable_study,policy_effect,0.0303766417,0.0220956850,0.0387359440,11810,11654,9471,0.6768384192
source,M4,C2,evaluable_study,order1_prediction_on_C0_set,0.0333175055,0.0254946157,0.0412561583,11810,11654,9471,0.6768384192
source,M4,C2,evaluable_study,order1_selection,-0.0029408638,-0.0084044600,0.0024602440,11810,11654,9471,0.6768384192
source,M4,C2,evaluable_study,order2_selection,0.0078911616,0.0032427415,0.0129682243,11810,11654,9471,0.6768384192
source,M4,C2,evaluable_study,order2_prediction_on_intervention_set,0.0224854801,0.0148154750,0.0300585561,11810,11654,9471,0.6768384192
source,M4,C2,evaluable_study,full_cohort_prediction_effect,0.0306210994,0.0229349731,0.0381827374,11810,11654,9471,0.6768384192
source,M2,C1,original,policy_effect,0.0836077395,0.0766423705,0.0913644503,11854,14766,11854,0.8027901937
source,M2,C1,original,order1_prediction_on_C0_set,0.0765339407,0.0694401962,0.0837198730,11854,14766,11854,0.8027901937
source,M2,C1,original,order1_selection,0.0070737988,0.0041426384,0.0102157278,11854,14766,11854,0.8027901937
source,M2,C1,original,order2_selection,0.0180381878,0.0148288926,0.0211134273,11854,14766,11854,0.8027901937
source,M2,C1,original,order2_prediction_on_intervention_set,0.0655695517,0.0582617504,0.0732483894,11854,14766,11854,0.8027901937
source,M2,C1,original,full_cohort_prediction_effect,0.0655695517,0.0582617504,0.0732483894,11854,14766,11854,0.8027901937
source,M2,C2,original,policy_effect,0.0840274639,0.0758886458,0.0919299512,11854,11665,9363,0.6614156541
source,M2,C2,original,order1_prediction_on_C0_set,0.0902831674,0.0824175466,0.0980964941,11854,11665,9363,0.6614156541
source,M2,C2,original,order1_selection,-0.0062557035,-0.0111561952,-0.0016977999,11854,11665,9363,0.6614156541
source,M2,C2,original,order2_selection,0.0182723561,0.0144290282,0.0220590214,11854,11665,9363,0.6614156541
source,M2,C2,original,order2_prediction_on_intervention_set,0.0657551079,0.0578860039,0.0734971977,11854,11665,9363,0.6614156541
source,M2,C2,original,full_cohort_prediction_effect,0.0784493657,0.0709755554,0.0859925288,11854,11665,9363,0.6614156541
source,M3,C1,original,policy_effect,-0.0150546431,-0.0197536549,-0.0100037709,11783,12130,9754,0.6888904584
source,M3,C1,original,order1_prediction_on_C0_set,-0.0102959065,-0.0142775272,-0.0062371330,11783,12130,9754,0.6888904584
source,M3,C1,original,order1_selection,-0.0047587366,-0.0077322210,-0.0017948283,11783,12130,9754,0.6888904584
source,M3,C1,original,order2_selection,-0.0011057560,-0.0042432735,0.0022300887,11783,12130,9754,0.6888904584
source,M3,C1,original,order2_prediction_on_intervention_set,-0.0139488871,-0.0178245730,-0.0096516588,11783,12130,9754,0.6888904584
source,M3,C1,original,full_cohort_prediction_effect,-0.0117668969,-0.0152688492,-0.0080303322,11783,12130,9754,0.6888904584
source,M3,C2,original,policy_effect,0.0324020413,0.0267472607,0.0381754764,11783,10752,8795,0.6401018923
source,M3,C2,original,order1_prediction_on_C0_set,0.0406234971,0.0352468354,0.0460852730,11783,10752,8795,0.6401018923
source,M3,C2,original,order1_selection,-0.0082214558,-0.0121801547,-0.0040054700,11783,10752,8795,0.6401018923
source,M3,C2,original,order2_selection,0.0069323612,0.0037067785,0.0101267236,11783,10752,8795,0.6401018923
source,M3,C2,original,order2_prediction_on_intervention_set,0.0254696801,0.0201851294,0.0306575464,11783,10752,8795,0.6401018923
source,M3,C2,original,full_cohort_prediction_effect,0.0337487020,0.0288880092,0.0386498583,11783,10752,8795,0.6401018923
source,M4,C1,original,policy_effect,-0.0024361514,-0.0067591332,0.0022284835,11810,11889,9609,0.6819730305
source,M4,C1,original,order1_prediction_on_C0_set,0.0000169348,-0.0037564271,0.0039527434,11810,11889,9609,0.6819730305
source,M4,C1,original,order1_selection,-0.0024530862,-0.0054049096,0.0005011698,11810,11889,9609,0.6819730305
source,M4,C1,original,order2_selection,0.0001881231,-0.0026789259,0.0030684819,11810,11889,9609,0.6819730305
source,M4,C1,original,order2_prediction_on_intervention_set,-0.0026242745,-0.0062674627,0.0012325920,11810,11889,9609,0.6819730305
source,M4,C1,original,full_cohort_prediction_effect,-0.0002121992,-0.0037447333,0.0034214425,11810,11889,9609,0.6819730305
source,M4,C2,original,policy_effect,0.0148899902,0.0102729851,0.0195382109,11810,11654,9471,0.6768384192
source,M4,C2,original,order1_prediction_on_C0_set,0.0178238781,0.0136936809,0.0220618327,11810,11654,9471,0.6768384192
source,M4,C2,original,order1_selection,-0.0029338879,-0.0061845098,0.0001899449,11810,11654,9471,0.6768384192
source,M4,C2,original,order2_selection,0.0030414117,0.0002403738,0.0058404863,11810,11654,9471,0.6768384192
source,M4,C2,original,order2_prediction_on_intervention_set,0.0118485785,0.0077811048,0.0158739772,11810,11654,9471,0.6768384192
source,M4,C2,original,full_cohort_prediction_effect,0.0161711590,0.0121387078,0.0202433375,11810,11654,9471,0.6768384192
source,M2,C1,cell_micro,policy_effect,0.1528206529,0.1398251590,0.1679639850,11854,14766,11854,0.8027901937
source,M2,C1,cell_micro,order1_prediction_on_C0_set,0.1468277435,0.1334035622,0.1617510438,11854,14766,11854,0.8027901937
source,M2,C1,cell_micro,order1_selection,0.0059929094,0.0017801325,0.0105260612,11854,14766,11854,0.8027901937
source,M2,C1,cell_micro,order2_selection,0.0264535426,0.0217151470,0.0309324878,11854,14766,11854,0.8027901937
source,M2,C1,cell_micro,order2_prediction_on_intervention_set,0.1263671103,0.1121048518,0.1423843062,11854,14766,11854,0.8027901937
source,M2,C1,cell_micro,full_cohort_prediction_effect,0.1263671103,0.1121048518,0.1423843062,11854,14766,11854,0.8027901937
source,M2,C2,cell_micro,policy_effect,0.1532609010,0.1385444910,0.1675912926,11854,11665,9363,0.6614156541
source,M2,C2,cell_micro,order1_prediction_on_C0_set,0.1678634789,0.1531871386,0.1820593663,11854,11665,9363,0.6614156541
source,M2,C2,cell_micro,order1_selection,-0.0146025779,-0.0212367529,-0.0078469760,11854,11665,9363,0.6614156541
source,M2,C2,cell_micro,order2_selection,0.0303004300,0.0245057624,0.0362287509,11854,11665,9363,0.6614156541
source,M2,C2,cell_micro,order2_prediction_on_intervention_set,0.1229604710,0.1076042207,0.1380244766,11854,11665,9363,0.6614156541
source,M2,C2,cell_micro,full_cohort_prediction_effect,0.1434971670,0.1288849198,0.1574446381,11854,11665,9363,0.6614156541
source,M3,C1,cell_micro,policy_effect,-0.0213642822,-0.0285048988,-0.0136969471,11783,12130,9754,0.6888904584
source,M3,C1,cell_micro,order1_prediction_on_C0_set,-0.0212091479,-0.0274895739,-0.0146416711,11783,12130,9754,0.6888904584
source,M3,C1,cell_micro,order1_selection,-0.0001551344,-0.0040886980,0.0037700868,11783,12130,9754,0.6888904584
source,M3,C1,cell_micro,order2_selection,0.0077153775,0.0035700433,0.0122044334,11783,12130,9754,0.6888904584
source,M3,C1,cell_micro,order2_prediction_on_intervention_set,-0.0290796597,-0.0361369220,-0.0221054598,11783,12130,9754,0.6888904584
source,M3,C1,cell_micro,full_cohort_prediction_effect,-0.0255633153,-0.0318689197,-0.0190872030,11783,12130,9754,0.6888904584
source,M3,C2,cell_micro,policy_effect,0.0559014950,0.0473078154,0.0645391893,11783,10752,8795,0.6401018923
source,M3,C2,cell_micro,order1_prediction_on_C0_set,0.0710997056,0.0620418252,0.0796917382,11783,10752,8795,0.6401018923
source,M3,C2,cell_micro,order1_selection,-0.0151982106,-0.0207908824,-0.0091234851,11783,10752,8795,0.6401018923
source,M3,C2,cell_micro,order2_selection,0.0131216506,0.0087032351,0.0175977459,11783,10752,8795,0.6401018923
source,M3,C2,cell_micro,order2_prediction_on_intervention_set,0.0427798444,0.0344357113,0.0511210729,11783,10752,8795,0.6401018923
source,M3,C2,cell_micro,full_cohort_prediction_effect,0.0624588220,0.0538465850,0.0708835253,11783,10752,8795,0.6401018923
source,M4,C1,cell_micro,policy_effect,0.0038523007,-0.0034210204,0.0111390302,11810,11889,9609,0.6819730305
source,M4,C1,cell_micro,order1_prediction_on_C0_set,0.0018548387,-0.0042598064,0.0082142008,11810,11889,9609,0.6819730305
source,M4,C1,cell_micro,order1_selection,0.0019974620,-0.0024545634,0.0064836580,11810,11889,9609,0.6819730305
source,M4,C1,cell_micro,order2_selection,0.0087436952,0.0043979004,0.0129157030,11810,11889,9609,0.6819730305
source,M4,C1,cell_micro,order2_prediction_on_intervention_set,-0.0048913945,-0.0114866457,0.0014836573,11810,11889,9609,0.6819730305
source,M4,C1,cell_micro,full_cohort_prediction_effect,-0.0002635393,-0.0062381289,0.0058639495,11810,11889,9609,0.6819730305
source,M4,C2,cell_micro,policy_effect,0.0263375498,0.0189336075,0.0342558803,11810,11654,9471,0.6768384192
source,M4,C2,cell_micro,order1_prediction_on_C0_set,0.0278225806,0.0211733420,0.0345314840,11810,11654,9471,0.6768384192
source,M4,C2,cell_micro,order1_selection,-0.0014850309,-0.0062844556,0.0033948152,11810,11654,9471,0.6768384192
source,M4,C2,cell_micro,order2_selection,0.0093137996,0.0049414917,0.0137052066,11810,11654,9471,0.6768384192
source,M4,C2,cell_micro,order2_prediction_on_intervention_set,0.0170237502,0.0105132391,0.0238575448,11810,11654,9471,0.6768384192
source,M4,C2,cell_micro,full_cohort_prediction_effect,0.0242456187,0.0177963197,0.0310535246,11810,11654,9471,0.6768384192
external,M2,C1,evaluable_study,policy_effect,0.0333432450,0.0304811985,0.0360488094,112568,132923,112568,0.8468662308
external,M2,C1,evaluable_study,order1_prediction_on_C0_set,0.0306693997,0.0278219114,0.0333472890,112568,132923,112568,0.8468662308
external,M2,C1,evaluable_study,order1_selection,0.0026738454,0.0016438339,0.0036893680,112568,132923,112568,0.8468662308
external,M2,C1,evaluable_study,order2_selection,0.0202150574,0.0190261058,0.0214149102,112568,132923,112568,0.8468662308
external,M2,C1,evaluable_study,order2_prediction_on_intervention_set,0.0131281876,0.0102341661,0.0158149065,112568,132923,112568,0.8468662308
external,M2,C1,evaluable_study,full_cohort_prediction_effect,0.0131281876,0.0102341661,0.0158149065,112568,132923,112568,0.8468662308
external,M2,C2,evaluable_study,policy_effect,0.0409681623,0.0375819989,0.0441516770,112568,112441,95322,0.7350158458
external,M2,C2,evaluable_study,order1_prediction_on_C0_set,0.0579282010,0.0546698263,0.0610732307,112568,112441,95322,0.7350158458
external,M2,C2,evaluable_study,order1_selection,-0.0169600387,-0.0185935319,-0.0153223258,112568,112441,95322,0.7350158458
external,M2,C2,evaluable_study,order2_selection,0.0199934354,0.0183922756,0.0216060927,112568,112441,95322,0.7350158458
external,M2,C2,evaluable_study,order2_prediction_on_intervention_set,0.0209747269,0.0177264535,0.0241623803,112568,112441,95322,0.7350158458
external,M2,C2,evaluable_study,full_cohort_prediction_effect,0.0407934173,0.0377998757,0.0438579761,112568,112441,95322,0.7350158458
external,M3,C1,evaluable_study,policy_effect,-0.0134120803,-0.0157017844,-0.0111793442,102908,110026,86082,0.6786018352
external,M3,C1,evaluable_study,order1_prediction_on_C0_set,-0.0126943461,-0.0144892576,-0.0107998504,102908,110026,86082,0.6786018352
external,M3,C1,evaluable_study,order1_selection,-0.0007177343,-0.0023333836,0.0008893799,102908,110026,86082,0.6786018352
external,M3,C1,evaluable_study,order2_selection,0.0063353082,0.0047506921,0.0080017333,102908,110026,86082,0.6786018352
external,M3,C1,evaluable_study,order2_prediction_on_intervention_set,-0.0197473886,-0.0215492742,-0.0179056425,102908,110026,86082,0.6786018352
external,M3,C1,evaluable_study,full_cohort_prediction_effect,-0.0158663423,-0.0175655867,-0.0141218119,102908,110026,86082,0.6786018352
external,M3,C2,evaluable_study,policy_effect,0.0128877742,0.0101972136,0.0154488618,102908,99195,81014,0.6690450825
external,M3,C2,evaluable_study,order1_prediction_on_C0_set,0.0157438892,0.0134825253,0.0179783125,102908,99195,81014,0.6690450825
external,M3,C2,evaluable_study,order1_selection,-0.0028561150,-0.0045123736,-0.0012071120,102908,99195,81014,0.6690450825
external,M3,C2,evaluable_study,order2_selection,0.0076943316,0.0060020790,0.0093667070,102908,99195,81014,0.6690450825
external,M3,C2,evaluable_study,order2_prediction_on_intervention_set,0.0051934426,0.0028034485,0.0075499059,102908,99195,81014,0.6690450825
external,M3,C2,evaluable_study,full_cohort_prediction_effect,0.0103366882,0.0083080594,0.0123214241,102908,99195,81014,0.6690450825
external,M4,C1,evaluable_study,policy_effect,0.0092059549,0.0068581264,0.0115771656,105664,101573,81987,0.6545868263
external,M4,C1,evaluable_study,order1_prediction_on_C0_set,0.0131611592,0.0109406712,0.0153090816,105664,101573,81987,0.6545868263
external,M4,C1,evaluable_study,order1_selection,-0.0039552043,-0.0053500010,-0.0024805613,105664,101573,81987,0.6545868263
external,M4,C1,evaluable_study,order2_selection,0.0010898213,-0.0002290052,0.0024994064,105664,101573,81987,0.6545868263
external,M4,C1,evaluable_study,order2_prediction_on_intervention_set,0.0081161337,0.0058957340,0.0102809954,105664,101573,81987,0.6545868263
external,M4,C1,evaluable_study,full_cohort_prediction_effect,0.0108470087,0.0087658916,0.0127770381,105664,101573,81987,0.6545868263
external,M4,C2,evaluable_study,policy_effect,0.0014724192,-0.0005018004,0.0034597544,105664,104708,84998,0.6779555570
external,M4,C2,evaluable_study,order1_prediction_on_C0_set,0.0031431468,0.0013173630,0.0051055582,105664,104708,84998,0.6779555570
external,M4,C2,evaluable_study,order1_selection,-0.0016707277,-0.0030081980,-0.0003060095,105664,104708,84998,0.6779555570
external,M4,C2,evaluable_study,order2_selection,0.0001581392,-0.0011670775,0.0015410455,105664,104708,84998,0.6779555570
external,M4,C2,evaluable_study,order2_prediction_on_intervention_set,0.0013142800,-0.0004756942,0.0031303033,105664,104708,84998,0.6779555570
external,M4,C2,evaluable_study,full_cohort_prediction_effect,0.0031050921,0.0013265037,0.0049221991,105664,104708,84998,0.6779555570
external,M2,C1,original,policy_effect,0.0266809310,0.0243596659,0.0289537767,112568,132923,112568,0.8468662308
external,M2,C1,original,order1_prediction_on_C0_set,0.0249890437,0.0226683698,0.0271601731,112568,132923,112568,0.8468662308
external,M2,C1,original,order1_selection,0.0016918873,0.0008267095,0.0025411550,112568,132923,112568,0.8468662308
external,M2,C1,original,order2_selection,0.0160041983,0.0150045706,0.0170822344,112568,132923,112568,0.8468662308
external,M2,C1,original,order2_prediction_on_intervention_set,0.0106767326,0.0083016667,0.0128607052,112568,132923,112568,0.8468662308
external,M2,C1,original,full_cohort_prediction_effect,0.0106767326,0.0083016667,0.0128607052,112568,132923,112568,0.8468662308
external,M2,C2,original,policy_effect,0.0328713915,0.0301460608,0.0356173365,112568,112441,95322,0.7350158458
external,M2,C2,original,order1_prediction_on_C0_set,0.0471991744,0.0445441700,0.0498067397,112568,112441,95322,0.7350158458
external,M2,C2,original,order1_selection,-0.0143277829,-0.0157466946,-0.0129084179,112568,112441,95322,0.7350158458
external,M2,C2,original,order2_selection,0.0158140014,0.0144849866,0.0171571452,112568,112441,95322,0.7350158458
external,M2,C2,original,order2_prediction_on_intervention_set,0.0170573901,0.0144516192,0.0196240024,112568,112441,95322,0.7350158458
external,M2,C2,original,full_cohort_prediction_effect,0.0331759741,0.0307074276,0.0356708884,112568,112441,95322,0.7350158458
external,M3,C1,original,policy_effect,-0.0126215692,-0.0145319466,-0.0107190019,102908,110026,86082,0.6786018352
external,M3,C1,original,order1_prediction_on_C0_set,-0.0105205621,-0.0119980754,-0.0089610614,102908,110026,86082,0.6786018352
external,M3,C1,original,order1_selection,-0.0021010072,-0.0035148924,-0.0007480813,102908,110026,86082,0.6786018352
external,M3,C1,original,order2_selection,0.0035753600,0.0022347228,0.0050160518,102908,110026,86082,0.6786018352
external,M3,C1,original,order2_prediction_on_intervention_set,-0.0161969292,-0.0177036612,-0.0146876981,102908,110026,86082,0.6786018352
external,M3,C1,original,full_cohort_prediction_effect,-0.0129035858,-0.0142897198,-0.0114998211,102908,110026,86082,0.6786018352
external,M3,C2,original,policy_effect,0.0105118988,0.0082833973,0.0126559762,102908,99195,81014,0.6690450825
external,M3,C2,original,order1_prediction_on_C0_set,0.0130479004,0.0111829234,0.0148944055,102908,99195,81014,0.6690450825
external,M3,C2,original,order1_selection,-0.0025360016,-0.0039609335,-0.0011554165,102908,99195,81014,0.6690450825
external,M3,C2,original,order2_selection,0.0062121189,0.0047252830,0.0076579715,102908,99195,81014,0.6690450825
external,M3,C2,original,order2_prediction_on_intervention_set,0.0042997799,0.0023211825,0.0062375586,102908,99195,81014,0.6690450825
external,M3,C2,original,full_cohort_prediction_effect,0.0084064960,0.0067527272,0.0100229097,102908,99195,81014,0.6690450825
external,M4,C1,original,policy_effect,0.0071986058,0.0052313031,0.0091775359,105664,101573,81987,0.6545868263
external,M4,C1,original,order1_prediction_on_C0_set,0.0108105252,0.0089980123,0.0125892093,105664,101573,81987,0.6545868263
external,M4,C1,original,order1_selection,-0.0036119194,-0.0048169503,-0.0023704249,105664,101573,81987,0.6545868263
external,M4,C1,original,order2_selection,0.0005521545,-0.0005562877,0.0017572145,105664,101573,81987,0.6545868263
external,M4,C1,original,order2_prediction_on_intervention_set,0.0066464513,0.0048323999,0.0084136874,105664,101573,81987,0.6545868263
external,M4,C1,original,full_cohort_prediction_effect,0.0088215232,0.0071221703,0.0104027596,105664,101573,81987,0.6545868263
external,M4,C2,original,policy_effect,0.0012057996,-0.0004236777,0.0028905761,105664,104708,84998,0.6779555570
external,M4,C2,original,order1_prediction_on_C0_set,0.0025817686,0.0010839047,0.0041921072,105664,104708,84998,0.6779555570
external,M4,C2,original,order1_selection,-0.0013759690,-0.0024755281,-0.0002426525,105664,104708,84998,0.6779555570
external,M4,C2,original,order2_selection,0.0001262896,-0.0009732309,0.0012864837,105664,104708,84998,0.6779555570
external,M4,C2,original,order2_prediction_on_intervention_set,0.0010795100,-0.0003909729,0.0025727749,105664,104708,84998,0.6779555570
external,M4,C2,original,full_cohort_prediction_effect,0.0025252715,0.0010786067,0.0039975271,105664,104708,84998,0.6779555570
external,M2,C1,cell_micro,policy_effect,0.0416806154,0.0387226934,0.0443376748,112568,132923,112568,0.8468662308
external,M2,C1,cell_micro,order1_prediction_on_C0_set,0.0386561960,0.0359238819,0.0412438608,112568,132923,112568,0.8468662308
external,M2,C1,cell_micro,order1_selection,0.0030244194,0.0020536662,0.0040289371,112568,132923,112568,0.8468662308
external,M2,C1,cell_micro,order2_selection,0.0179015174,0.0167575067,0.0190679729,112568,132923,112568,0.8468662308
external,M2,C1,cell_micro,order2_prediction_on_intervention_set,0.0237790980,0.0209641849,0.0264209946,112568,132923,112568,0.8468662308
external,M2,C1,cell_micro,full_cohort_prediction_effect,0.0237790980,0.0209641849,0.0264209946,112568,132923,112568,0.8468662308
external,M2,C2,cell_micro,policy_effect,0.0453296742,0.0418606749,0.0486484170,112568,112441,95322,0.7350158458
external,M2,C2,cell_micro,order1_prediction_on_C0_set,0.0592695541,0.0560864707,0.0624756412,112568,112441,95322,0.7350158458
external,M2,C2,cell_micro,order1_selection,-0.0139398799,-0.0155472042,-0.0123087252,112568,112441,95322,0.7350158458
external,M2,C2,cell_micro,order2_selection,0.0175262380,0.0160215406,0.0190538830,112568,112441,95322,0.7350158458
external,M2,C2,cell_micro,order2_prediction_on_intervention_set,0.0278034362,0.0244697121,0.0310348912,112568,112441,95322,0.7350158458
external,M2,C2,cell_micro,full_cohort_prediction_effect,0.0447572800,0.0415966019,0.0477951043,112568,112441,95322,0.7350158458
external,M3,C1,cell_micro,policy_effect,-0.0169394508,-0.0190508567,-0.0148624654,102908,110026,86082,0.6786018352
external,M3,C1,cell_micro,order1_prediction_on_C0_set,-0.0129566527,-0.0146989772,-0.0111823417,102908,110026,86082,0.6786018352
external,M3,C1,cell_micro,order1_selection,-0.0039827982,-0.0053708858,-0.0026053387,102908,110026,86082,0.6786018352
external,M3,C1,cell_micro,order2_selection,0.0026362740,0.0011843699,0.0040737124,102908,110026,86082,0.6786018352
external,M3,C1,cell_micro,order2_prediction_on_intervention_set,-0.0195757249,-0.0212416858,-0.0178937997,102908,110026,86082,0.6786018352
external,M3,C1,cell_micro,full_cohort_prediction_effect,-0.0163256365,-0.0178983002,-0.0146786822,102908,110026,86082,0.6786018352
external,M3,C2,cell_micro,policy_effect,0.0124387456,0.0099319068,0.0148495480,102908,99195,81014,0.6690450825
external,M3,C2,cell_micro,order1_prediction_on_C0_set,0.0157830784,0.0135736455,0.0178711483,102908,99195,81014,0.6690450825
external,M3,C2,cell_micro,order1_selection,-0.0033443328,-0.0048796791,-0.0018173582,102908,99195,81014,0.6690450825
external,M3,C2,cell_micro,order2_selection,0.0076225033,0.0061049199,0.0091167749,102908,99195,81014,0.6690450825
external,M3,C2,cell_micro,order2_prediction_on_intervention_set,0.0048162424,0.0025648536,0.0069863923,102908,99195,81014,0.6690450825
external,M3,C2,cell_micro,full_cohort_prediction_effect,0.0100874699,0.0081313706,0.0119691720,102908,99195,81014,0.6690450825
external,M4,C1,cell_micro,policy_effect,-0.0029448717,-0.0051028691,-0.0008327842,105664,101573,81987,0.6545868263
external,M4,C1,cell_micro,order1_prediction_on_C0_set,0.0009468284,-0.0009885004,0.0028859135,105664,101573,81987,0.6545868263
external,M4,C1,cell_micro,order1_selection,-0.0038917002,-0.0051152801,-0.0026109375,105664,101573,81987,0.6545868263
external,M4,C1,cell_micro,order2_selection,0.0003640752,-0.0008742620,0.0016960444,105664,101573,81987,0.6545868263
external,M4,C1,cell_micro,order2_prediction_on_intervention_set,-0.0033089469,-0.0052920326,-0.0013061185,105664,101573,81987,0.6545868263
external,M4,C1,cell_micro,full_cohort_prediction_effect,-0.0020811275,-0.0039412415,-0.0002252156,105664,101573,81987,0.6545868263
external,M4,C2,cell_micro,policy_effect,0.0017606929,-0.0001592621,0.0037254763,105664,104708,84998,0.6779555570
external,M4,C2,cell_micro,order1_prediction_on_C0_set,0.0041180552,0.0023712322,0.0059140519,105664,104708,84998,0.6779555570
external,M4,C2,cell_micro,order1_selection,-0.0023573624,-0.0036383906,-0.0010304417,105664,104708,84998,0.6779555570
external,M4,C2,cell_micro,order2_selection,0.0001317620,-0.0010930425,0.0014158053,105664,104708,84998,0.6779555570
external,M4,C2,cell_micro,order2_prediction_on_intervention_set,0.0016289309,-0.0000978812,0.0032820308,105664,104708,84998,0.6779555570
external,M4,C2,cell_micro,full_cohort_prediction_effect,0.0036093739,0.0019353224,0.0053272079,105664,104708,84998,0.6779555570
