analysis,label_variant,model,condition,coverage_source,coverage_external,coverage_gap,ci_low,ci_high
primary,primary,M1,C0,0.7956115400,0.7715669974,-0.0240445426,-0.0329189837,-0.0157903384
primary,primary,M1,C1,0.7956115400,0.7715669974,-0.0240445426,-0.0329189837,-0.0157903384
primary,primary,M1,C2,0.7956115400,0.7715669974,-0.0240445426,-0.0329189837,-0.0157903384
primary,primary,M2,C0,0.8027901937,0.8468662308,0.0440760371,0.0370178009,0.0512563586
primary,primary,M2,C1,1.0000000000,1.0000000000,0.0000000000,0.0000000000,0.0000000000
primary,primary,M2,C2,0.7899905188,0.8459107905,0.0559202717,0.0487743577,0.0630027126
primary,primary,M3,C0,0.7979818502,0.7741925777,-0.0237892725,-0.0323576662,-0.0149527593
primary,primary,M3,C1,0.8214817825,0.8277423772,0.0062605947,-0.0015431104,0.0142261946
primary,primary,M3,C2,0.7281592848,0.7462591124,0.0180998276,0.0093927335,0.0270020205
primary,primary,M4,C0,0.7998103752,0.7949263860,-0.0048839892,-0.0121100627,0.0026203599
primary,primary,M4,C1,0.8051605039,0.7641491691,-0.0410113348,-0.0488498964,-0.0331038826
primary,primary,M4,C2,0.7892455641,0.7877342522,-0.0015113120,-0.0095524167,0.0065567476
primary,unmentioned_negative,M1,C0,0.7956115400,0.7715669974,-0.0240445426,-0.0329189837,-0.0157903384
primary,unmentioned_negative,M1,C1,0.7956115400,0.7715669974,-0.0240445426,-0.0329189837,-0.0157903384
primary,unmentioned_negative,M1,C2,0.7956115400,0.7715669974,-0.0240445426,-0.0329189837,-0.0157903384
primary,unmentioned_negative,M2,C0,0.8027901937,0.8468662308,0.0440760371,0.0370178009,0.0512563586
primary,unmentioned_negative,M2,C1,1.0000000000,1.0000000000,0.0000000000,0.0000000000,0.0000000000
primary,unmentioned_negative,M2,C2,0.7899905188,0.8459107905,0.0559202717,0.0487743577,0.0630027126
primary,unmentioned_negative,M3,C0,0.7979818502,0.7741925777,-0.0237892725,-0.0323576662,-0.0149527593
primary,unmentioned_negative,M3,C1,0.8214817825,0.8277423772,0.0062605947,-0.0015431104,0.0142261946
primary,unmentioned_negative,M3,C2,0.7281592848,0.7462591124,0.0180998276,0.0093927335,0.0270020205
primary,unmentioned_negative,M4,C0,0.7998103752,0.7949263860,-0.0048839892,-0.0121100627,0.0026203599
primary,unmentioned_negative,M4,C1,0.8051605039,0.7641491691,-0.0410113348,-0.0488498964,-0.0331038826
primary,unmentioned_negative,M4,C2,0.7892455641,0.7877342522,-0.0015113120,-0.0095524167,0.0065567476
primary,uncertain_positive,M1,C0,0.7956115400,0.7715669974,-0.0240445426,-0.0329189837,-0.0157903384
primary,uncertain_positive,M1,C1,0.7956115400,0.7715669974,-0.0240445426,-0.0329189837,-0.0157903384
primary,uncertain_positive,M1,C2,0.7956115400,0.7715669974,-0.0240445426,-0.0329189837,-0.0157903384
primary,uncertain_positive,M2,C0,0.8027901937,0.8468662308,0.0440760371,0.0370178009,0.0512563586
primary,uncertain_positive,M2,C1,1.0000000000,1.0000000000,0.0000000000,0.0000000000,0.0000000000
primary,uncertain_positive,M2,C2,0.7899905188,0.8459107905,0.0559202717,0.0487743577,0.0630027126
primary,uncertain_positive,M3,C0,0.7979818502,0.7741925777,-0.0237892725,-0.0323576662,-0.0149527593
primary,uncertain_positive,M3,C1,0.8214817825,0.8277423772,0.0062605947,-0.0015431104,0.0142261946
primary,uncertain_positive,M3,C2,0.7281592848,0.7462591124,0.0180998276,0.0093927335,0.0270020205
primary,uncertain_positive,M4,C0,0.7998103752,0.7949263860,-0.0048839892,-0.0121100627,0.0026203599
primary,uncertain_positive,M4,C1,0.8051605039,0.7641491691,-0.0410113348,-0.0488498964,-0.0331038826
primary,uncertain_positive,M4,C2,0.7892455641,0.7877342522,-0.0015113120,-0.0095524167,0.0065567476
primary,uncertain_negative,M1,C0,0.7956115400,0.7715669974,-0.0240445426,-0.0329189837,-0.0157903384
primary,uncertain_negative,M1,C1,0.7956115400,0.7715669974,-0.0240445426,-0.0329189837,-0.0157903384
primary,uncertain_negative,M1,C2,0.7956115400,0.7715669974,-0.0240445426,-0.0329189837,-0.0157903384
primary,uncertain_negative,M2,C0,0.8027901937,0.8468662308,0.0440760371,0.0370178009,0.0512563586
primary,uncertain_negative,M2,C1,1.0000000000,1.0000000000,0.0000000000,0.0000000000,0.0000000000
primary,uncertain_negative,M2,C2,0.7899905188,0.8459107905,0.0559202717,0.0487743577,0.0630027126
primary,uncertain_negative,M3,C0,0.7979818502,0.7741925777,-0.0237892725,-0.0323576662,-0.0149527593
primary,uncertain_negative,M3,C1,0.8214817825,0.8277423772,0.0062605947,-0.0015431104,0.0142261946
primary,uncertain_negative,M3,C2,0.7281592848,0.7462591124,0.0180998276,0.0093927335,0.0270020205
primary,uncertain_negative,M4,C0,0.7998103752,0.7949263860,-0.0048839892,-0.0121100627,0.0026203599
primary,uncertain_negative,M4,C1,0.8051605039,0.7641491691,-0.0410113348,-0.0488498964,-0.0331038826
primary,uncertain_negative,M4,C2,0.7892455641,0.7877342522,-0.0015113120,-0.0095524167,0.0065567476
coverage70,primary,M1,C0,0.6949072193,0.6568991070,-0.0380081123,-0.0484812663,-0.0284061660
coverage70,primary,M1,C1,0.6949072193,0.6568991070,-0.0380081123,-0.0484812663,-0.0284061660
coverage70,primary,M1,C2,0.6949072193,0.6568991070,-0.0380081123,-0.0484812663,-0.0284061660
coverage70,primary,M2,C0,0.6952458350,0.7587249761,0.0634791411,0.0545966883,0.0723868493
coverage70,primary,M2,C1,1.0000000000,1.0000000000,0.0000000000,0.0000000000,0.0000000000
coverage70,primary,M2,C2,0.6808208046,0.7573557624,0.0765349578,0.0680755765,0.0845698751
coverage70,primary,M3,C0,0.6957198971,0.6656109176,-0.0301089795,-0.0410199303,-0.0193080765
coverage70,primary,M3,C1,0.7098063118,0.7190177772,0.0092114654,-0.0009909317,0.0196309310
coverage70,primary,M3,C2,0.6059190031,0.6345102052,0.0285912020,0.0185130535,0.0390369281
coverage70,primary,M4,C0,0.7012054720,0.6961549168,-0.0050505553,-0.0135069923,0.0034278121
coverage70,primary,M4,C1,0.7098740349,0.6548377632,-0.0550362717,-0.0648661656,-0.0456200369
coverage70,primary,M4,C2,0.6921982934,0.6883458845,-0.0038524089,-0.0137335437,0.0058680953
coverage90,primary,M1,C0,0.8971962617,0.8843465766,-0.0128496851,-0.0187171752,-0.0071325560
coverage90,primary,M1,C1,0.8971962617,0.8843465766,-0.0128496851,-0.0187171752,-0.0071325560
coverage90,primary,M1,C2,0.8971962617,0.8843465766,-0.0128496851,-0.0187171752,-0.0071325560
coverage90,primary,M2,C0,0.9005146959,0.9279883843,0.0274736883,0.0223015015,0.0323991050
coverage90,primary,M2,C1,1.0000000000,1.0000000000,0.0000000000,0.0000000000,0.0000000000
coverage90,primary,M2,C2,0.8917784099,0.9273940552,0.0356156453,0.0304563730,0.0409576729
coverage90,primary,M3,C0,0.9026141135,0.8860919480,-0.0165221655,-0.0223576194,-0.0105670100
coverage90,primary,M3,C1,0.9135852634,0.9191411569,0.0055558935,-0.0001361542,0.0107975172
coverage90,primary,M3,C2,0.8610998239,0.8680363820,0.0069365580,0.0008227559,0.0136397298
coverage90,primary,M4,C0,0.9028850061,0.8995282983,-0.0033567078,-0.0086288997,0.0022980641
coverage90,primary,M4,C1,0.9028850061,0.8839102337,-0.0189747724,-0.0242891133,-0.0136603563
coverage90,primary,M4,C2,0.9000406339,0.8940965822,-0.0059440517,-0.0111214925,-0.0005227316
T5,primary,M1,C0,0.7954411765,0.7720371037,-0.0234040727,-0.0320749919,-0.0145861694
T5,primary,M1,C1,0.7954411765,0.7720371037,-0.0234040727,-0.0320749919,-0.0145861694
T5,primary,M1,C2,0.7954411765,0.7720371037,-0.0234040727,-0.0320749919,-0.0145861694
T5,primary,M2,C0,0.8005882353,0.8541606628,0.0535724275,0.0458309171,0.0608081697
T5,primary,M2,C1,1.0000000000,1.0000000000,0.0000000000,0.0000000000,0.0000000000
T5,primary,M2,C2,0.7890441176,0.8531880403,0.0641439227,0.0565025458,0.0720105848
T5,primary,M3,C0,0.8026470588,0.7724693804,-0.0301776784,-0.0385876467,-0.0211011773
T5,primary,M3,C1,0.8243382353,0.8278548271,0.0035165918,-0.0046882179,0.0115839656
T5,primary,M3,C2,0.7355882353,0.7394362392,0.0038480039,-0.0059721782,0.0133273841
T5,primary,M4,C0,0.8018382353,0.7953890490,-0.0064491863,-0.0141026701,0.0012757588
T5,primary,M4,C1,0.8058823529,0.7642110951,-0.0416712578,-0.0495963937,-0.0336098146
T5,primary,M4,C2,0.7919117647,0.7886077089,-0.0033040558,-0.0113360996,0.0048243804
T10,primary,M1,C0,0.7891659706,0.7713643826,-0.0178015880,-0.0297045343,-0.0061402679
T10,primary,M1,C1,0.7891659706,0.7713643826,-0.0178015880,-0.0297045343,-0.0061402679
T10,primary,M1,C2,0.7891659706,0.7713643826,-0.0178015880,-0.0297045343,-0.0061402679
T10,primary,M2,C0,0.7846319055,0.8528039402,0.0681720347,0.0572941775,0.0789804751
T10,primary,M2,C1,1.0000000000,1.0000000000,0.0000000000,0.0000000000,0.0000000000
T10,primary,M2,C2,0.7734160601,0.8508165558,0.0774004956,0.0664149769,0.0883170406
T10,primary,M3,C0,0.8309270970,0.7766352718,-0.0542918253,-0.0642929518,-0.0433673710
T10,primary,M3,C1,0.8335520821,0.8229499698,-0.0106021123,-0.0216147994,0.0003260946
T10,primary,M3,C2,0.7511036869,0.7352026268,-0.0159010601,-0.0277851971,-0.0029375576
T10,primary,M4,C0,0.8075408662,0.7904173507,-0.0171235155,-0.0275524540,-0.0066965447
T10,primary,M4,C1,0.7960863859,0.7619459086,-0.0341404773,-0.0454167081,-0.0230710567
T10,primary,M4,C2,0.7990693235,0.7879547222,-0.0111146013,-0.0222977479,-0.0003398580
seed20260719,primary,M1,C0,0.8056345659,0.7652457832,-0.0403887827,-0.0484328677,-0.0324454458
seed20260719,primary,M1,C1,0.8056345659,0.7652457832,-0.0403887827,-0.0484328677,-0.0324454458
seed20260719,primary,M1,C2,0.8056345659,0.7652457832,-0.0403887827,-0.0484328677,-0.0324454458
seed20260719,primary,M4,C0,0.8077339835,0.7741006004,-0.0336333831,-0.0415736682,-0.0257147332
seed20260719,primary,M4,C1,0.8199918732,0.7778170656,-0.0421748076,-0.0502736287,-0.0342741334
seed20260719,primary,M4,C2,0.7974400650,0.7670964927,-0.0303435723,-0.0380742596,-0.0222474307
findings_S1,primary,M1,C0,0.7973743678,0.7592816894,-0.0380926784,-0.0472399874,-0.0282719560
findings_S1,primary,M1,C1,0.7973743678,0.7592816894,-0.0380926784,-0.0472399874,-0.0282719560
findings_S1,primary,M1,C2,0.7973743678,0.7592816894,-0.0380926784,-0.0472399874,-0.0282719560
findings_S1,primary,M2,C0,0.7990960938,0.8128766278,0.0137805340,0.0052078013,0.0227545904
findings_S1,primary,M2,C1,1.0000000000,1.0000000000,0.0000000000,0.0000000000,0.0000000000
findings_S1,primary,M2,C2,0.7856451092,0.8117857707,0.0261406615,0.0171241580,0.0354701689
findings_S1,primary,M3,C0,0.7968363284,0.8045560212,0.0077196927,-0.0019784295,0.0173966990
findings_S1,primary,M3,C1,0.8417088131,0.8539379942,0.0122291811,0.0043559653,0.0208975844
findings_S1,primary,M3,C2,0.7515334122,0.7783904968,0.0268570845,0.0168894285,0.0368574318
findings_S1,primary,M4,C0,0.7944689551,0.7962655071,0.0017965520,-0.0071702419,0.0113094936
findings_S1,primary,M4,C1,0.8136231572,0.7656763690,-0.0479467882,-0.0566992403,-0.0388580591
findings_S1,primary,M4,C2,0.7804799311,0.7892163132,0.0087363821,-0.0008080839,0.0183607015
