variable,group,model,estimator,studies,coverage,coverage_ci_low,coverage_ci_high,selective_risk,risk_ci_low,risk_ci_high
sex,Female,M1,evaluable_study,55586,0.7687547224,0.7647979050,0.7726836326,0.2211605497,0.2162449267,0.2260384181
sex,Male,M1,evaluable_study,77173,0.7735607013,0.7702966034,0.7767989454,0.2242873506,0.2201763324,0.2283826707
sex,Female,M2,evaluable_study,55586,0.8474975713,0.8440993325,0.8508944154,0.2946755235,0.2895556294,0.2997308052
sex,Male,M2,evaluable_study,77173,0.8463581823,0.8432429100,0.8493145638,0.2812677419,0.2768858708,0.2856341607
sex,Female,M3,evaluable_study,55586,0.7768143058,0.7724547178,0.7810098340,0.1924366939,0.1882714342,0.1967227635
sex,Male,M3,evaluable_study,77173,0.7726147746,0.7689671813,0.7765284352,0.1873128527,0.1839481198,0.1907944487
sex,Female,M4,evaluable_study,55586,0.8000935487,0.7964447027,0.8037582337,0.1382060798,0.1347747450,0.1416562462
sex,Male,M4,evaluable_study,77173,0.7912223187,0.7881324874,0.7944443927,0.1366032596,0.1334856826,0.1395782726
race,Asian,M1,evaluable_study,15271,0.7708728963,0.7632696941,0.7784925323,0.2128530189,0.2038304417,0.2219349542
race,Black,M1,evaluable_study,7274,0.7779763541,0.7673586517,0.7879129752,0.2160696517,0.2033025991,0.2284250701
race,Other,M1,evaluable_study,20048,0.7809756584,0.7747535060,0.7876832277,0.2051738894,0.1971090072,0.2132366203
race,Pacific Islander,M1,evaluable_study,1920,0.7864583333,0.7654295958,0.8066586346,0.2125663482,0.1897919692,0.2379584222
race,Unknown,M1,evaluable_study,12211,0.7631643600,0.7547461434,0.7711518190,0.2540204581,0.2432777743,0.2647993430
race,White,M1,evaluable_study,75653,0.7696191823,0.7663275062,0.7729480847,0.2261579203,0.2220275780,0.2305086660
race,Asian,M2,evaluable_study,15271,0.8555431864,0.8488313655,0.8618579303,0.2825960364,0.2734230830,0.2925952384
race,Black,M2,evaluable_study,7274,0.8524883145,0.8435038375,0.8617442869,0.2939813011,0.2797641775,0.3093282664
race,Other,M2,evaluable_study,20048,0.8472665603,0.8412992360,0.8531548483,0.3047593378,0.2956530219,0.3145629068
race,Pacific Islander,M2,evaluable_study,1920,0.8583333333,0.8390900590,0.8769867873,0.3103561047,0.2847017992,0.3378950503
race,Unknown,M2,evaluable_study,12211,0.8331013021,0.8254374854,0.8408659242,0.2660458741,0.2552320752,0.2768730338
race,White,M2,evaluable_study,75653,0.8463511031,0.8433962778,0.8490478119,0.2852233181,0.2810024406,0.2895352240
race,Asian,M3,evaluable_study,15271,0.7738851418,0.7652852262,0.7822028036,0.1791127416,0.1715619104,0.1865650076
race,Black,M3,evaluable_study,7274,0.7665658510,0.7545352657,0.7781123041,0.1813153961,0.1702519319,0.1919442417
race,Other,M3,evaluable_study,20048,0.7684058260,0.7609762657,0.7759175512,0.1785174472,0.1716234731,0.1857099389
race,Pacific Islander,M3,evaluable_study,1920,0.7526041667,0.7284873583,0.7745399187,0.1885779941,0.1673166786,0.2122267369
race,Unknown,M3,evaluable_study,12211,0.7920727213,0.7835026386,0.8005385844,0.2140447562,0.2046395015,0.2243474169
race,White,M3,evaluable_study,75653,0.7742587868,0.7708372119,0.7779863353,0.1915192425,0.1879645902,0.1952953013
race,Asian,M4,evaluable_study,15271,0.7992927772,0.7920526720,0.8061133712,0.1322380667,0.1255916635,0.1389591407
race,Black,M4,evaluable_study,7274,0.7962606544,0.7860792272,0.8067923435,0.1433547141,0.1330915229,0.1537284979
race,Other,M4,evaluable_study,20048,0.7990323224,0.7928702883,0.8053385596,0.1323902476,0.1266531303,0.1382957482
race,Pacific Islander,M4,evaluable_study,1920,0.7994791667,0.7795883946,0.8180040304,0.1473420647,0.1287580790,0.1676956009
race,Unknown,M4,evaluable_study,12211,0.7933011219,0.7859061523,0.8006704268,0.1331462799,0.1255162248,0.1411672282
race,White,M4,evaluable_study,75653,0.7929758238,0.7896680803,0.7963188034,0.1395381779,0.1365843661,0.1426485840
insurance_type,Medicaid,M1,evaluable_study,13614,0.7758924636,0.7683537941,0.7833599829,0.2163639580,0.2070262192,0.2257395411
insurance_type,Medicare,M1,evaluable_study,65472,0.7638227028,0.7601901606,0.7674648661,0.2294015091,0.2252545879,0.2338059806
insurance_type,Other,M1,evaluable_study,2725,0.7717431193,0.7538029565,0.7896752216,0.2285148706,0.2086346001,0.2489477054
insurance_type,Private Insurance,M1,evaluable_study,29459,0.7877049459,0.7828344079,0.7927213707,0.2290153305,0.2223114102,0.2358859976
insurance_type,Unknown,M1,evaluable_study,21653,0.7702858726,0.7642662209,0.7766080173,0.1995592426,0.1919961112,0.2074827264
insurance_type,Medicaid,M2,evaluable_study,13614,0.8536800353,0.8463674657,0.8605021961,0.3086276615,0.2983479035,0.3199374641
insurance_type,Medicare,M2,evaluable_study,65472,0.8504704301,0.8474781786,0.8534461678,0.2744617403,0.2697468670,0.2791367937
insurance_type,Other,M2,evaluable_study,2725,0.8392660550,0.8214262643,0.8559174212,0.2972740188,0.2742977393,0.3205826914
insurance_type,Private Insurance,M2,evaluable_study,29459,0.8421195560,0.8375818522,0.8468237585,0.3225778370,0.3149401234,0.3306941440
insurance_type,Unknown,M2,evaluable_study,21653,0.8390985083,0.8333180217,0.8450058139,0.2640592365,0.2560099504,0.2721554479
insurance_type,Medicaid,M3,evaluable_study,13614,0.7502570883,0.7411012291,0.7599079562,0.1857755697,0.1772726860,0.1942571621
insurance_type,Medicare,M3,evaluable_study,65472,0.7858473851,0.7820986263,0.7899184497,0.1913125503,0.1875757455,0.1951651238
insurance_type,Other,M3,evaluable_study,2725,0.7592660550,0.7390837112,0.7797434107,0.1959365994,0.1781011170,0.2147962888
insurance_type,Private Insurance,M3,evaluable_study,29459,0.7407922876,0.7343977786,0.7467027826,0.1963993236,0.1901313016,0.2025611148
insurance_type,Unknown,M3,evaluable_study,21653,0.8013208331,0.7949710939,0.8075060534,0.1771780238,0.1705856165,0.1840931081
insurance_type,Medicaid,M4,evaluable_study,13614,0.7924195681,0.7851497247,0.7996627348,0.1450998393,0.1376793901,0.1533426569
insurance_type,Medicare,M4,evaluable_study,65472,0.7958822092,0.7923997193,0.7992972419,0.1395618161,0.1364664806,0.1426897285
insurance_type,Other,M4,evaluable_study,2725,0.7897247706,0.7733469745,0.8053995286,0.1388732658,0.1234686904,0.1555386124
insurance_type,Private Insurance,M4,evaluable_study,29459,0.7866186904,0.7812934113,0.7916673700,0.1447296001,0.1395066943,0.1500515166
insurance_type,Unknown,M4,evaluable_study,21653,0.8055696670,0.7998030396,0.8114635370,0.1165541239,0.1113094137,0.1220356685
age_band,40-64,M1,evaluable_study,55638,0.7744886588,0.7706228013,0.7782275652,0.2280385232,0.2233580829,0.2331182189
age_band,65-79,M1,evaluable_study,37818,0.7605901951,0.7559903027,0.7651026156,0.2293869248,0.2235767452,0.2351566503
age_band,<40,M1,evaluable_study,18254,0.8034403418,0.7969505418,0.8103087852,0.2155689074,0.2071025582,0.2240619803
age_band,>=80,M1,evaluable_study,21049,0.7558078769,0.7495486994,0.7622663664,0.2047062439,0.1981505880,0.2118683928
age_band,40-64,M2,evaluable_study,55638,0.8430928502,0.8396343819,0.8465112466,0.2984319067,0.2930422059,0.3038342765
age_band,65-79,M2,evaluable_study,37818,0.8521867894,0.8481417185,0.8560470228,0.2561871297,0.2505317374,0.2616913019
age_band,<40,M2,evaluable_study,18254,0.8403089734,0.8338676278,0.8463749533,0.3671429801,0.3567639909,0.3784834281
age_band,>=80,M2,evaluable_study,21049,0.8527721032,0.8473079461,0.8580179420,0.2504470449,0.2435983156,0.2573050473
age_band,40-64,M3,evaluable_study,55638,0.7615838096,0.7573383356,0.7659432410,0.1950700009,0.1907171150,0.1995622708
age_band,65-79,M3,evaluable_study,37818,0.7952826696,0.7903625840,0.8002826295,0.1851044938,0.1801906734,0.1902014438
age_band,<40,M3,evaluable_study,18254,0.7107483291,0.7022117020,0.7189503212,0.1943399980,0.1864383868,0.2024463508
age_band,>=80,M3,evaluable_study,21049,0.8257874483,0.8199824376,0.8316830829,0.1804017409,0.1745849470,0.1868757838
age_band,40-64,M4,evaluable_study,55638,0.7910780402,0.7872685869,0.7948122888,0.1380404135,0.1345080336,0.1418703499
age_band,65-79,M4,evaluable_study,37818,0.7962610397,0.7916526190,0.8011962045,0.1308721969,0.1268943493,0.1348391317
age_band,<40,M4,evaluable_study,18254,0.7814725540,0.7749203093,0.7878535844,0.1520729837,0.1446873961,0.1590830539
age_band,>=80,M4,evaluable_study,21049,0.8144329897,0.8087194946,0.8198799666,0.1353658814,0.1302255647,0.1407906576
