variable,model,groups,MET016_coverage_disparity,MET016_ci_low,MET016_ci_high,MET017_worst_group_risk,MET017_worst_group,MET017_ci_low,MET017_ci_high,note
sex,M1,"[""Female"", ""Male""]",0.0048059789,0.0004642856,0.0099227644,0.2242873506,Male,0.2208316631,0.2284181845,max-of-groups statistics are upward-biased in small groups; groups with fewer than 500 studies omitted
sex,M2,"[""Female"", ""Male""]",0.0011393891,0.0000991296,0.0056237581,0.2946755235,Female,0.2895556294,0.2997308052,max-of-groups statistics are upward-biased in small groups; groups with fewer than 500 studies omitted
sex,M3,"[""Female"", ""Male""]",0.0041995312,0.0002109499,0.0098305905,0.1924366939,Female,0.1885256343,0.1967227635,max-of-groups statistics are upward-biased in small groups; groups with fewer than 500 studies omitted
sex,M4,"[""Female"", ""Male""]",0.0088712300,0.0041465861,0.0137339046,0.1382060798,Female,0.1357770486,0.1416681649,max-of-groups statistics are upward-biased in small groups; groups with fewer than 500 studies omitted
race,M1,"[""Asian"", ""Black"", ""Other"", ""Pacific Islander"", ""Unknown"", ""White""]",0.0232939733,0.0138704143,0.0446500641,0.2540204581,Unknown,0.2432777743,0.2648077194,max-of-groups statistics are upward-biased in small groups; groups with fewer than 500 studies omitted
race,M2,"[""Asian"", ""Black"", ""Other"", ""Pacific Islander"", ""Unknown"", ""White""]",0.0252320312,0.0159160093,0.0455510530,0.3103561047,Pacific Islander,0.2997566862,0.3378950503,max-of-groups statistics are upward-biased in small groups; groups with fewer than 500 studies omitted
race,M3,"[""Asian"", ""Black"", ""Other"", ""Pacific Islander"", ""Unknown"", ""White""]",0.0394685547,0.0221758238,0.0642590366,0.2140447562,Unknown,0.2046817987,0.2244032482,max-of-groups statistics are upward-biased in small groups; groups with fewer than 500 studies omitted
race,M4,"[""Asian"", ""Black"", ""Other"", ""Pacific Islander"", ""Unknown"", ""White""]",0.0065033428,0.0062350763,0.0289269340,0.1473420647,Pacific Islander,0.1398788644,0.1676956009,max-of-groups statistics are upward-biased in small groups; groups with fewer than 500 studies omitted
insurance_type,M1,"[""Medicaid"", ""Medicare"", ""Other"", ""Private Insurance"", ""Unknown""]",0.0238822430,0.0186109819,0.0349727555,0.2294015091,Medicare,0.2273308289,0.2489477054,max-of-groups statistics are upward-biased in small groups; groups with fewer than 500 studies omitted
insurance_type,M2,"[""Medicaid"", ""Medicare"", ""Other"", ""Private Insurance"", ""Unknown""]",0.0145815270,0.0094184609,0.0335679420,0.3225778370,Private Insurance,0.3151006439,0.3308996028,max-of-groups statistics are upward-biased in small groups; groups with fewer than 500 studies omitted
insurance_type,M3,"[""Medicaid"", ""Medicare"", ""Other"", ""Private Insurance"", ""Unknown""]",0.0605285456,0.0522085141,0.0695138033,0.1963993236,Private Insurance,0.1922627813,0.2147962888,max-of-groups statistics are upward-biased in small groups; groups with fewer than 500 studies omitted
insurance_type,M4,"[""Medicaid"", ""Medicare"", ""Other"", ""Private Insurance"", ""Unknown""]",0.0189509766,0.0132370889,0.0330156809,0.1450998393,Medicaid,0.1421848688,0.1561233128,max-of-groups statistics are upward-biased in small groups; groups with fewer than 500 studies omitted
age_band,M1,"[""40-64"", ""65-79"", ""<40"", "">=80""]",0.0476324650,0.0391546790,0.0573442411,0.2293869248,65-79,0.2261465719,0.2352437220,max-of-groups statistics are upward-biased in small groups; groups with fewer than 500 studies omitted
age_band,M2,"[""40-64"", ""65-79"", ""<40"", "">=80""]",0.0124631298,0.0080252522,0.0207800425,0.3671429801,<40,0.3567639909,0.3784834281,max-of-groups statistics are upward-biased in small groups; groups with fewer than 500 studies omitted
age_band,M3,"[""40-64"", ""65-79"", ""<40"", "">=80""]",0.1150391192,0.1050599410,0.1253696743,0.1950700009,40-64,0.1919777543,0.2025286776,max-of-groups statistics are upward-biased in small groups; groups with fewer than 500 studies omitted
age_band,M4,"[""40-64"", ""65-79"", ""<40"", "">=80""]",0.0329604357,0.0244976972,0.0418941957,0.1520729837,<40,0.1446873961,0.1590830539,max-of-groups statistics are upward-biased in small groups; groups with fewer than 500 studies omitted
