model,condition,coverage_source,coverage_external,coverage_gap,ci_low,ci_high
M1,C0,0.8056345659,0.7652457832,-0.0403887827,-0.0484328677,-0.0324454458
M1,C1,0.8056345659,0.7652457832,-0.0403887827,-0.0484328677,-0.0324454458
M1,C2,0.8056345659,0.7652457832,-0.0403887827,-0.0484328677,-0.0324454458
M2,C0,0.7986590817,0.8373406960,0.0386816144,0.0304715219,0.0465099630
M2,C1,1.0000000000,1.0000000000,0.0000000000,0.0000000000,0.0000000000
M2,C2,0.7866043614,0.8368366410,0.0502322797,0.0427634620,0.0573453543
M3,C0,0.8063117974,0.7797580536,-0.0265537438,-0.0346851051,-0.0184087270
M3,C1,0.8686170933,0.8511533080,-0.0174637854,-0.0239264008,-0.0106083627
M3,C2,0.7553839902,0.7493718120,-0.0060121782,-0.0139060896,0.0018309797
M4,C0,0.8077339835,0.7741006004,-0.0336333831,-0.0415736682,-0.0257147332
M4,C1,0.8199918732,0.7778170656,-0.0421748076,-0.0502736287,-0.0342741334
M4,C2,0.7974400650,0.7670964927,-0.0303435723,-0.0380742596,-0.0222474307
