estimator,site,model,condition,risk,ci_low,ci_high,coverage_all,coverage_evaluable
original,source,M1,C0,0.0952911343,0.0899853106,0.1006142034,0.8056345659,0.7782764811
original,source,M1,C1,0.0952911343,0.0899853106,0.1006142034,0.8056345659,0.7782764811
original,source,M1,C2,0.0952911343,0.0899853106,0.1006142034,0.8056345659,0.7782764811
original,source,M2,C0,0.1532745414,0.1462646070,0.1605509514,0.7986590817,0.7763529110
original,source,M2,C1,0.2410876338,0.2328052244,0.2492139248,1.0000000000,1.0000000000
original,source,M2,C2,0.2372176783,0.2285306264,0.2456869782,0.7866043614,0.7778917671
original,source,M3,C0,0.1019667955,0.0966126877,0.1077997621,0.8063117974,0.8595793793
original,source,M3,C1,0.0914470607,0.0863254581,0.0970094087,0.8686170933,0.8668889459
original,source,M3,C2,0.1270216963,0.1209657605,0.1332038044,0.7553839902,0.7899461400
original,source,M4,C0,0.1149744278,0.1087303793,0.1212856140,0.8077339835,0.8150807899
original,source,M4,C1,0.1166184892,0.1102441096,0.1231493425,0.8199918732,0.8002051808
original,source,M4,C2,0.1226440198,0.1163713361,0.1291196416,0.7974400650,0.8027699410
original,external,M1,C0,0.1464037830,0.1441084345,0.1487613515,0.7652457832,0.7715747310
original,external,M1,C1,0.1464037830,0.1441084345,0.1487613515,0.7652457832,0.7715747310
original,external,M1,C2,0.1464037830,0.1441084345,0.1487613515,0.7652457832,0.7715747310
original,external,M2,C0,0.2201398310,0.2173784758,0.2226390732,0.8373406960,0.8373095531
original,external,M2,C1,0.2604716801,0.2577846438,0.2628992252,1.0000000000,1.0000000000
original,external,M2,C2,0.2534551786,0.2507124578,0.2560266858,0.8368366410,0.8369302782
original,external,M3,C0,0.1164942867,0.1145474858,0.1185439879,0.7797580536,0.7928511300
original,external,M3,C1,0.1213257673,0.1193249500,0.1233903865,0.8511533080,0.8564305603
original,external,M3,C2,0.1236353171,0.1216071817,0.1256596994,0.7493718120,0.7627311496
original,external,M4,C0,0.1396243744,0.1374043099,0.1418755141,0.7741006004,0.7869029889
original,external,M4,C1,0.1501149381,0.1479609646,0.1523675484,0.7778170656,0.7883460838
original,external,M4,C2,0.1410783871,0.1389076352,0.1433415544,0.7670964927,0.7790399719
evaluable_study,source,M1,C0,0.1867825562,0.1764967691,0.1977491675,0.8056345659,0.7782764811
evaluable_study,source,M1,C1,0.1867825562,0.1764967691,0.1977491675,0.8056345659,0.7782764811
evaluable_study,source,M1,C2,0.1867825562,0.1764967691,0.1977491675,0.8056345659,0.7782764811
evaluable_study,source,M2,C0,0.2985739456,0.2869268583,0.3106889964,0.7986590817,0.7763529110
evaluable_study,source,M2,C1,0.4565144909,0.4417413620,0.4717754029,1.0000000000,1.0000000000
evaluable_study,source,M2,C2,0.4542174964,0.4427802165,0.4654459117,0.7866043614,0.7778917671
evaluable_study,source,M3,C0,0.1811154210,0.1719332868,0.1914977219,0.8063117974,0.8595793793
evaluable_study,source,M3,C1,0.1735059172,0.1638608350,0.1839572119,0.8686170933,0.8668889459
evaluable_study,source,M3,C2,0.2300000000,0.2200980271,0.2407849769,0.7553839902,0.7899461400
evaluable_study,source,M4,C0,0.2157488987,0.2042212867,0.2279396262,0.8077339835,0.8150807899
evaluable_study,source,M4,C1,0.2262847222,0.2141999086,0.2385105360,0.8199918732,0.8002051808
evaluable_study,source,M4,C2,0.2306922258,0.2188441399,0.2432819458,0.7974400650,0.8027699410
evaluable_study,external,M1,C0,0.1785428256,0.1758445855,0.1814492235,0.7652457832,0.7715747310
evaluable_study,external,M1,C1,0.1785428256,0.1758445855,0.1814492235,0.7652457832,0.7715747310
evaluable_study,external,M1,C2,0.1785428256,0.1758445855,0.1814492235,0.7652457832,0.7715747310
evaluable_study,external,M2,C0,0.2706960618,0.2672724701,0.2737698780,0.8373406960,0.8373095531
evaluable_study,external,M2,C1,0.3202784125,0.3169263913,0.3232797543,1.0000000000,1.0000000000
evaluable_study,external,M2,C2,0.3116159886,0.3083282745,0.3146860872,0.8368366410,0.8369302782
evaluable_study,external,M3,C0,0.1408769699,0.1384784976,0.1433264705,0.7797580536,0.7928511300
evaluable_study,external,M3,C1,0.1482640427,0.1458396384,0.1508299461,0.8511533080,0.8564305603
evaluable_study,external,M3,C2,0.1493604360,0.1468567573,0.1517700318,0.7493718120,0.7627311496
evaluable_study,external,M4,C0,0.1688902604,0.1661661868,0.1717367586,0.7741006004,0.7869029889
evaluable_study,external,M4,C1,0.1821174750,0.1795354250,0.1849388427,0.7778170656,0.7883460838
evaluable_study,external,M4,C2,0.1708118110,0.1682530970,0.1735030124,0.7670964927,0.7790399719
cell_micro,source,M1,C0,0.1670428894,0.1577811540,0.1763989093,0.8056345659,0.7782764811
cell_micro,source,M1,C1,0.1670428894,0.1577811540,0.1763989093,0.8056345659,0.7782764811
cell_micro,source,M1,C2,0.1670428894,0.1577811540,0.1763989093,0.8056345659,0.7782764811
cell_micro,source,M2,C0,0.3051567411,0.2938230700,0.3167360557,0.7986590817,0.7763529110
cell_micro,source,M2,C1,0.4684411648,0.4544638138,0.4825424323,1.0000000000,1.0000000000
cell_micro,source,M2,C2,0.4620086595,0.4504086901,0.4730120327,0.7866043614,0.7778917671
cell_micro,source,M3,C0,0.1723850008,0.1637211215,0.1818119146,0.8063117974,0.8595793793
cell_micro,source,M3,C1,0.1629736066,0.1543790934,0.1722715167,0.8686170933,0.8668889459
cell_micro,source,M3,C2,0.2208440856,0.2113854529,0.2303376030,0.7553839902,0.7899461400
cell_micro,source,M4,C0,0.1983034571,0.1883648570,0.2090013027,0.8077339835,0.8150807899
cell_micro,source,M4,C1,0.2046988050,0.1936467057,0.2157304260,0.8199918732,0.8002051808
cell_micro,source,M4,C2,0.2095222698,0.1988775929,0.2210094678,0.7974400650,0.8027699410
cell_micro,external,M1,C0,0.1664712232,0.1640239064,0.1690576049,0.7652457832,0.7715747310
cell_micro,external,M1,C1,0.1664712232,0.1640239064,0.1690576049,0.7652457832,0.7715747310
cell_micro,external,M1,C2,0.1664712232,0.1640239064,0.1690576049,0.7652457832,0.7715747310
cell_micro,external,M2,C0,0.2915852372,0.2881143904,0.2946843039,0.8373406960,0.8373095531
cell_micro,external,M2,C1,0.3559633219,0.3525117375,0.3590807558,1.0000000000,1.0000000000
cell_micro,external,M2,C2,0.3377530093,0.3343697569,0.3409591753,0.8368366410,0.8369302782
cell_micro,external,M3,C0,0.1409557145,0.1386763771,0.1433205967,0.7797580536,0.7928511300
cell_micro,external,M3,C1,0.1411700066,0.1389959568,0.1434303558,0.8511533080,0.8564305603
cell_micro,external,M3,C2,0.1502762431,0.1479153570,0.1525468148,0.7493718120,0.7627311496
cell_micro,external,M4,C0,0.1689406047,0.1665144423,0.1714985401,0.7741006004,0.7869029889
cell_micro,external,M4,C1,0.1734012799,0.1710281858,0.1759370691,0.7778170656,0.7883460838
cell_micro,external,M4,C2,0.1716523979,0.1692781334,0.1742184393,0.7670964927,0.7790399719
