config,estimator,site,model,condition,risk,ci_low,ci_high,coverage_all,coverage_evaluable
A0_primary,original,source,M1,C0,0.1083957553,0.1025431211,0.1146574195,0.7956115400,0.7736599128
A0_primary,original,source,M1,C1,0.1083957553,0.1025431211,0.1146574195,0.7956115400,0.7736599128
A0_primary,original,source,M1,C2,0.1083957553,0.1025431211,0.1146574195,0.7956115400,0.7736599128
A0_primary,original,source,M2,C0,0.1574798943,0.1504885891,0.1647060741,0.8027901937,0.7868684278
A0_primary,original,source,M2,C1,0.2410876338,0.2328052244,0.2492139248,1.0000000000,1.0000000000
A0_primary,original,source,M2,C2,0.2415073582,0.2331519927,0.2496642678,0.7899905188,0.7822518595
A0_primary,original,source,M3,C0,0.1101714334,0.1044309395,0.1162072150,0.7979818502,0.8593229033
A0_primary,original,source,M3,C1,0.0951167903,0.0900401694,0.1005860741,0.8214817825,0.8430366761
A0_primary,original,source,M3,C2,0.1425734747,0.1362838570,0.1489933668,0.7281592848,0.7744293409
A0_primary,original,source,M4,C0,0.0744312729,0.0699878328,0.0790014719,0.7998103752,0.8102077456
A0_primary,original,source,M4,C1,0.0719951215,0.0675599075,0.0764019692,0.8051605039,0.7871249038
A0_primary,original,source,M4,C2,0.0893212631,0.0841528120,0.0944666541,0.7892455641,0.7875096179
A0_primary,original,external,M1,C0,0.1818148578,0.1792290291,0.1844080077,0.7715669974,0.7733344434
A0_primary,original,external,M1,C1,0.1818148578,0.1792290291,0.1844080077,0.7715669974,0.7733344434
A0_primary,original,external,M1,C2,0.1818148578,0.1792290291,0.1844080077,0.7715669974,0.7733344434
A0_primary,original,external,M2,C0,0.2337963127,0.2310466315,0.2364076140,0.8468662308,0.8484486874
A0_primary,original,external,M2,C1,0.2604772437,0.2577893284,0.2629103798,1.0000000000,1.0000000000
A0_primary,original,external,M2,C2,0.2666677042,0.2638048830,0.2693096880,0.8459107905,0.8458770421
A0_primary,original,external,M3,C0,0.1570503103,0.1548982457,0.1593633818,0.7741925777,0.7889400751
A0_primary,original,external,M3,C1,0.1444287411,0.1423705172,0.1466026721,0.8277423772,0.8348041664
A0_primary,original,external,M3,C2,0.1675622091,0.1652338041,0.1699425760,0.7462591124,0.7597084235
A0_primary,original,external,M4,C0,0.1128209860,0.1109940367,0.1146707938,0.7949263860,0.8028713622
A0_primary,original,external,M4,C1,0.1200195918,0.1181329962,0.1219181899,0.7641491691,0.7694584744
A0_primary,original,external,M4,C2,0.1140267856,0.1121700488,0.1158951475,0.7877342522,0.7955819504
A0_primary,evaluable_study,source,M1,C0,0.2110779601,0.2001434577,0.2231630652,0.7956115400,0.7736599128
A0_primary,evaluable_study,source,M1,C1,0.2110779601,0.2001434577,0.2231630652,0.7956115400,0.7736599128
A0_primary,evaluable_study,source,M1,C2,0.2110779601,0.2001434577,0.2231630652,0.7956115400,0.7736599128
A0_primary,evaluable_study,source,M2,C0,0.3042318557,0.2929199693,0.3165166271,0.8027901937,0.7868684278
A0_primary,evaluable_study,source,M2,C1,0.4565144909,0.4417413620,0.4717754029,1.0000000000,1.0000000000
A0_primary,evaluable_study,source,M2,C2,0.4618333333,0.4500288806,0.4729603197,0.7899905188,0.7822518595
A0_primary,evaluable_study,source,M3,C0,0.1937248172,0.1837859990,0.2038208480,0.7979818502,0.8593229033
A0_primary,evaluable_study,source,M3,C1,0.1755045127,0.1663304303,0.1858229992,0.8214817825,0.8430366761
A0_primary,evaluable_study,source,M3,C2,0.2538416956,0.2435138952,0.2647552421,0.7281592848,0.7744293409
A0_primary,evaluable_study,source,M4,C0,0.1391315817,0.1310323148,0.1475838019,0.7998103752,0.8102077456
A0_primary,evaluable_study,source,M4,C1,0.1394509612,0.1315032866,0.1480464010,0.8051605039,0.7871249038
A0_primary,evaluable_study,source,M4,C2,0.1695082234,0.1597812741,0.1790595177,0.7892455641,0.7875096179
A0_primary,evaluable_study,external,M1,C0,0.2230499169,0.2199420514,0.2262113998,0.7715669974,0.7733344434
A0_primary,evaluable_study,external,M1,C1,0.2230499169,0.2199420514,0.2262113998,0.7715669974,0.7733344434
A0_primary,evaluable_study,external,M1,C2,0.2230499169,0.2199420514,0.2262113998,0.7715669974,0.7733344434
A0_primary,evaluable_study,external,M2,C0,0.2869414552,0.2838085963,0.2901917415,0.8468662308,0.8484486874
A0_primary,evaluable_study,external,M2,C1,0.3202847003,0.3169326712,0.3232860027,1.0000000000,1.0000000000
A0_primary,evaluable_study,external,M2,C2,0.3279096175,0.3244480859,0.3310881054,0.8459107905,0.8458770421
A0_primary,evaluable_study,external,M3,C0,0.1895004260,0.1869103747,0.1923254372,0.7741925777,0.7889400751
A0_primary,evaluable_study,external,M3,C1,0.1760883457,0.1735793617,0.1788536315,0.8277423772,0.8348041664
A0_primary,evaluable_study,external,M3,C2,0.2023882002,0.1995729222,0.2052489644,0.7462591124,0.7597084235
A0_primary,evaluable_study,external,M4,C0,0.1373527130,0.1351225815,0.1396067522,0.7949263860,0.8028713622
A0_primary,evaluable_study,external,M4,C1,0.1465586679,0.1442191291,0.1489040750,0.7641491691,0.7694584744
A0_primary,evaluable_study,external,M4,C2,0.1388251322,0.1365315472,0.1410958891,0.7877342522,0.7955819504
A0_primary,cell_micro,source,M1,C0,0.1924626490,0.1827635239,0.2028877197,0.7956115400,0.7736599128
A0_primary,cell_micro,source,M1,C1,0.1924626490,0.1827635239,0.2028877197,0.7956115400,0.7736599128
A0_primary,cell_micro,source,M1,C2,0.1924626490,0.1827635239,0.2028877197,0.7956115400,0.7736599128
A0_primary,cell_micro,source,M2,C0,0.3156205120,0.3038822296,0.3274891593,0.8027901937,0.7868684278
A0_primary,cell_micro,source,M2,C1,0.4684411648,0.4544638138,0.4825424323,1.0000000000,1.0000000000
A0_primary,cell_micro,source,M2,C2,0.4688814130,0.4571206662,0.4795955453,0.7899905188,0.7822518595
A0_primary,cell_micro,source,M3,C0,0.1873348932,0.1788289333,0.1965422233,0.7979818502,0.8593229033
A0_primary,cell_micro,source,M3,C1,0.1659706110,0.1573550285,0.1753124865,0.8214817825,0.8430366761
A0_primary,cell_micro,source,M3,C2,0.2432363882,0.2333827250,0.2535077240,0.7281592848,0.7744293409
A0_primary,cell_micro,source,M4,C0,0.1345161290,0.1269979932,0.1424807252,0.7998103752,0.8102077456
A0_primary,cell_micro,source,M4,C1,0.1383684298,0.1306616508,0.1462532902,0.8051605039,0.7871249038
A0_primary,cell_micro,source,M4,C2,0.1608536788,0.1518710378,0.1695899670,0.7892455641,0.7875096179
A0_primary,cell_micro,external,M1,C0,0.2080934080,0.2052604312,0.2109166197,0.7715669974,0.7733344434
A0_primary,cell_micro,external,M1,C1,0.2080934080,0.2052604312,0.2109166197,0.7715669974,0.7733344434
A0_primary,cell_micro,external,M1,C2,0.2080934080,0.2052604312,0.2109166197,0.7715669974,0.7733344434
A0_primary,cell_micro,external,M2,C0,0.3142860657,0.3108569624,0.3177399278,0.8468662308,0.8484486874
A0_primary,cell_micro,external,M2,C1,0.3559666811,0.3525118218,0.3590847463,1.0000000000,1.0000000000
A0_primary,cell_micro,external,M2,C2,0.3596157399,0.3558306520,0.3631090567,0.8459107905,0.8458770421
A0_primary,cell_micro,external,M3,C0,0.1846950366,0.1822085395,0.1872858575,0.7741925777,0.7889400751
A0_primary,cell_micro,external,M3,C1,0.1677555858,0.1654798081,0.1701944960,0.8277423772,0.8348041664
A0_primary,cell_micro,external,M3,C2,0.1971337822,0.1945294830,0.1997786604,0.7462591124,0.7597084235
A0_primary,cell_micro,external,M4,C0,0.1421085740,0.1398552250,0.1442902814,0.7949263860,0.8028713622
A0_primary,cell_micro,external,M4,C1,0.1391637023,0.1371052821,0.1412401416,0.7641491691,0.7694584744
A0_primary,cell_micro,external,M4,C2,0.1438692669,0.1415899464,0.1461094309,0.7877342522,0.7955819504
A0_primary,pathology_macro,source,M1,C0,0.2002952210,0.1902857944,0.2110210252,0.7956115400,0.7736599128
A0_primary,pathology_macro,source,M1,C1,0.2002952210,0.1902857944,0.2110210252,0.7956115400,0.7736599128
A0_primary,pathology_macro,source,M1,C2,0.2002952210,0.1902857944,0.2110210252,0.7956115400,0.7736599128
A0_primary,pathology_macro,source,M2,C0,0.3184878505,0.3072718429,0.3301454156,0.8027901937,0.7868684278
A0_primary,pathology_macro,source,M2,C1,0.5090667304,0.4976007503,0.5208620925,1.0000000000,1.0000000000
A0_primary,pathology_macro,source,M2,C2,0.4812689795,0.4695641070,0.4924585431,0.7899905188,0.7822518595
A0_primary,pathology_macro,source,M3,C0,0.1930973659,0.1841759323,0.2027603725,0.7979818502,0.8593229033
A0_primary,pathology_macro,source,M3,C1,0.1743809123,0.1649245484,0.1848512609,0.8214817825,0.8430366761
A0_primary,pathology_macro,source,M3,C2,0.2505212282,0.2403856676,0.2616092158,0.7281592848,0.7744293409
A0_primary,pathology_macro,source,M4,C0,0.1350879786,0.1274139775,0.1430516531,0.7998103752,0.8102077456
A0_primary,pathology_macro,source,M4,C1,0.1433841917,0.1350886228,0.1520437615,0.8051605039,0.7871249038
A0_primary,pathology_macro,source,M4,C2,0.1628538575,0.1539113890,0.1722844253,0.7892455641,0.7875096179
A0_primary,pathology_macro,external,M1,C0,0.2477354927,0.2448710316,0.2505268739,0.7715669974,0.7733344434
A0_primary,pathology_macro,external,M1,C1,0.2477354927,0.2448710316,0.2505268739,0.7715669974,0.7733344434
A0_primary,pathology_macro,external,M1,C2,0.2477354927,0.2448710316,0.2505268739,0.7715669974,0.7733344434
A0_primary,pathology_macro,external,M2,C0,0.3342221749,0.3305924520,0.3377033251,0.8468662308,0.8484486874
A0_primary,pathology_macro,external,M2,C1,0.4324604085,0.4296570969,0.4351328392,1.0000000000,1.0000000000
A0_primary,pathology_macro,external,M2,C2,0.3893651646,0.3858289926,0.3927398686,0.8459107905,0.8458770421
A0_primary,pathology_macro,external,M3,C0,0.2118520109,0.2090330997,0.2146672127,0.7741925777,0.7889400751
A0_primary,pathology_macro,external,M3,C1,0.1989975816,0.1963522201,0.2018233957,0.8277423772,0.8348041664
A0_primary,pathology_macro,external,M3,C2,0.2237947684,0.2208841938,0.2267594095,0.7462591124,0.7597084235
A0_primary,pathology_macro,external,M4,C0,0.1413739987,0.1389937049,0.1436040891,0.7949263860,0.8028713622
A0_primary,pathology_macro,external,M4,C1,0.1297503146,0.1276702654,0.1318102610,0.7641491691,0.7694584744
A0_primary,pathology_macro,external,M4,C2,0.1426272572,0.1402628412,0.1449308437,0.7877342522,0.7955819504
A1_label_swap_only,original,source,M1,C0,0.0850924980,0.0808556693,0.0895603883,0.7956115400,0.8082379863
A1_label_swap_only,original,source,M1,C1,0.0850924980,0.0808556693,0.0895603883,0.7956115400,0.8082379863
A1_label_swap_only,original,source,M1,C2,0.0850924980,0.0808556693,0.0895603883,0.7956115400,0.8082379863
A1_label_swap_only,original,source,M2,C0,0.3166343288,0.3058920133,0.3273673415,0.8027901937,0.8367276888
A1_label_swap_only,original,source,M2,C1,0.3686238656,0.3566371179,0.3797702164,1.0000000000,1.0000000000
A1_label_swap_only,original,source,M2,C2,0.3526432347,0.3411709490,0.3634071397,0.7899905188,0.7957665904
A1_label_swap_only,original,source,M3,C0,0.1129508614,0.1077821672,0.1183742301,0.7979818502,0.7621281465
A1_label_swap_only,original,source,M3,C1,0.0971970322,0.0926777862,0.1022083776,0.8214817825,0.8112128146
A1_label_swap_only,original,source,M3,C2,0.1270616319,0.1215528507,0.1326088685,0.7281592848,0.7064073227
A1_label_swap_only,original,source,M4,C0,0.1280496754,0.1221512596,0.1339575666,0.7998103752,0.7924485126
A1_label_swap_only,original,source,M4,C1,0.0709633555,0.0670669041,0.0749173615,0.8051605039,0.8157894737
A1_label_swap_only,original,source,M4,C2,0.1133659402,0.1082222893,0.1187145891,0.7892455641,0.7915331808
A1_label_swap_only,original,external,M1,C0,0.0582513480,0.0566326896,0.0597378328,0.7715669974,0.7670401783
A1_label_swap_only,original,external,M1,C1,0.0582513480,0.0566326896,0.0597378328,0.7715669974,0.7670401783
A1_label_swap_only,original,external,M1,C2,0.0582513480,0.0566326896,0.0597378328,0.7715669974,0.7670401783
A1_label_swap_only,original,external,M2,C0,0.0753738481,0.0737372660,0.0769569076,0.8468662308,0.8735529004
A1_label_swap_only,original,external,M2,C1,0.0900670564,0.0883345913,0.0917255192,1.0000000000,1.0000000000
A1_label_swap_only,original,external,M2,C2,0.0863243835,0.0845814219,0.0880297540,0.8459107905,0.8443323222
A1_label_swap_only,original,external,M3,C0,0.0516704241,0.0502804364,0.0530018673,0.7741925777,0.7882127159
A1_label_swap_only,original,external,M3,C1,0.0511483649,0.0498150772,0.0524544284,0.8277423772,0.8291339070
A1_label_swap_only,original,external,M3,C2,0.0568383823,0.0553156231,0.0582582549,0.7462591124,0.7650591221
A1_label_swap_only,original,external,M4,C0,0.0441446472,0.0429487084,0.0454041704,0.7949263860,0.8044635671
A1_label_swap_only,original,external,M4,C1,0.0455388407,0.0443756306,0.0467351041,0.7641491691,0.7656782022
A1_label_swap_only,original,external,M4,C2,0.0448996256,0.0437067237,0.0460730202,0.7877342522,0.7950845044
A1_label_swap_only,evaluable_study,source,M1,C0,0.1415156663,0.1347575108,0.1485499935,0.7956115400,0.8082379863
A1_label_swap_only,evaluable_study,source,M1,C1,0.1415156663,0.1347575108,0.1485499935,0.7956115400,0.8082379863
A1_label_swap_only,evaluable_study,source,M1,C2,0.1415156663,0.1347575108,0.1485499935,0.7956115400,0.8082379863
A1_label_swap_only,evaluable_study,source,M2,C0,0.5132480970,0.5026656925,0.5237908079,0.8027901937,0.8367276888
A1_label_swap_only,evaluable_study,source,M2,C1,0.6227803204,0.6123294590,0.6324029038,1.0000000000,1.0000000000
A1_label_swap_only,evaluable_study,source,M2,C2,0.5914569854,0.5816572631,0.6009819497,0.7899905188,0.7957665904
A1_label_swap_only,evaluable_study,source,M3,C0,0.1998048341,0.1919635984,0.2080890661,0.7979818502,0.7621281465
A1_label_swap_only,evaluable_study,source,M3,C1,0.1662905501,0.1591216072,0.1739044073,0.8214817825,0.8112128146
A1_label_swap_only,evaluable_study,source,M3,C2,0.2212773998,0.2129758886,0.2298516323,0.7281592848,0.7064073227
A1_label_swap_only,evaluable_study,source,M4,C0,0.2183463278,0.2105666155,0.2267929500,0.7998103752,0.7924485126
A1_label_swap_only,evaluable_study,source,M4,C1,0.1183286583,0.1120563506,0.1246221069,0.8051605039,0.8157894737
A1_label_swap_only,evaluable_study,source,M4,C2,0.1909752337,0.1833183241,0.1994107072,0.7892455641,0.7915331808
A1_label_swap_only,evaluable_study,external,M1,C0,0.2410895884,0.2358526595,0.2461871896,0.7715669974,0.7670401783
A1_label_swap_only,evaluable_study,external,M1,C1,0.2410895884,0.2358526595,0.2461871896,0.7715669974,0.7670401783
A1_label_swap_only,evaluable_study,external,M1,C2,0.2410895884,0.2358526595,0.2461871896,0.7715669974,0.7670401783
A1_label_swap_only,evaluable_study,external,M2,C0,0.3006514062,0.2948492738,0.3065490744,0.8468662308,0.8735529004
A1_label_swap_only,evaluable_study,external,M2,C1,0.3705808003,0.3648468034,0.3760071274,1.0000000000,1.0000000000
A1_label_swap_only,evaluable_study,external,M2,C2,0.3558455842,0.3504027613,0.3616212974,0.8459107905,0.8443323222
A1_label_swap_only,evaluable_study,external,M3,C0,0.2088163682,0.2037756908,0.2135010727,0.7741925777,0.7882127159
A1_label_swap_only,evaluable_study,external,M3,C1,0.2100966923,0.2053512979,0.2145691450,0.8277423772,0.8291339070
A1_label_swap_only,evaluable_study,external,M3,C2,0.2281147165,0.2231343600,0.2329007371,0.7462591124,0.7650591221
A1_label_swap_only,evaluable_study,external,M4,C0,0.1794797799,0.1749973823,0.1839005244,0.7949263860,0.8044635671
A1_label_swap_only,evaluable_study,external,M4,C1,0.1869953374,0.1825723417,0.1911480546,0.7641491691,0.7656782022
A1_label_swap_only,evaluable_study,external,M4,C2,0.1830316126,0.1788149244,0.1873349021,0.7877342522,0.7950845044
A1_label_swap_only,cell_micro,source,M1,C0,0.1493840450,0.1426722137,0.1562367919,0.7956115400,0.8082379863
A1_label_swap_only,cell_micro,source,M1,C1,0.1493840450,0.1426722137,0.1562367919,0.7956115400,0.8082379863
A1_label_swap_only,cell_micro,source,M1,C2,0.1493840450,0.1426722137,0.1562367919,0.7956115400,0.8082379863
A1_label_swap_only,cell_micro,source,M2,C0,0.4979024194,0.4878019316,0.5075276238,0.8027901937,0.8367276888
A1_label_swap_only,cell_micro,source,M2,C1,0.6057474040,0.5961779404,0.6148227067,1.0000000000,1.0000000000
A1_label_swap_only,cell_micro,source,M2,C2,0.5806392694,0.5717605740,0.5893002602,0.7899905188,0.7957665904
A1_label_swap_only,cell_micro,source,M3,C0,0.2010558733,0.1939458186,0.2087423149,0.7979818502,0.7621281465
A1_label_swap_only,cell_micro,source,M3,C1,0.1688311688,0.1623649846,0.1759982829,0.8214817825,0.8112128146
A1_label_swap_only,cell_micro,source,M3,C2,0.2234781424,0.2154087317,0.2313331035,0.7281592848,0.7064073227
A1_label_swap_only,cell_micro,source,M4,C0,0.2151752627,0.2080622802,0.2226917801,0.7998103752,0.7924485126
A1_label_swap_only,cell_micro,source,M4,C1,0.1167887524,0.1112658117,0.1223995114,0.8051605039,0.8157894737
A1_label_swap_only,cell_micro,source,M4,C2,0.1902084225,0.1834514130,0.1979623541,0.7892455641,0.7915331808
A1_label_swap_only,cell_micro,external,M1,C0,0.2350927186,0.2301458323,0.2396039030,0.7715669974,0.7670401783
A1_label_swap_only,cell_micro,external,M1,C1,0.2350927186,0.2301458323,0.2396039030,0.7715669974,0.7670401783
A1_label_swap_only,cell_micro,external,M1,C2,0.2350927186,0.2301458323,0.2396039030,0.7715669974,0.7670401783
A1_label_swap_only,cell_micro,external,M2,C0,0.3138208938,0.3078572052,0.3197357502,0.8468662308,0.8735529004
A1_label_swap_only,cell_micro,external,M2,C1,0.3905617534,0.3852013266,0.3957593222,1.0000000000,1.0000000000
A1_label_swap_only,cell_micro,external,M2,C2,0.3734440641,0.3679816589,0.3792774177,0.8459107905,0.8443323222
A1_label_swap_only,cell_micro,external,M3,C0,0.2069174124,0.2021646566,0.2112457092,0.7741925777,0.7882127159
A1_label_swap_only,cell_micro,external,M3,C1,0.2071763612,0.2027972002,0.2113558511,0.8277423772,0.8291339070
A1_label_swap_only,cell_micro,external,M3,C2,0.2275823538,0.2229682214,0.2320944316,0.7462591124,0.7650591221
A1_label_swap_only,cell_micro,external,M4,C0,0.1838780134,0.1796074524,0.1882555886,0.7949263860,0.8044635671
A1_label_swap_only,cell_micro,external,M4,C1,0.1830306652,0.1792115982,0.1869571266,0.7641491691,0.7656782022
A1_label_swap_only,cell_micro,external,M4,C2,0.1863626035,0.1823254134,0.1903281377,0.7877342522,0.7950845044
A1_label_swap_only,pathology_macro,source,M1,C0,0.2023961593,0.1945542172,0.2101134368,0.7956115400,0.8082379863
A1_label_swap_only,pathology_macro,source,M1,C1,0.2023961593,0.1945542172,0.2101134368,0.7956115400,0.8082379863
A1_label_swap_only,pathology_macro,source,M1,C2,0.2023961593,0.1945542172,0.2101134368,0.7956115400,0.8082379863
A1_label_swap_only,pathology_macro,source,M2,C0,0.4612653041,0.4513212212,0.4715260763,0.8027901937,0.8367276888
A1_label_swap_only,pathology_macro,source,M2,C1,0.6154568437,0.6056582450,0.6248593624,1.0000000000,1.0000000000
A1_label_swap_only,pathology_macro,source,M2,C2,0.5651020466,0.5554177943,0.5745581346,0.7899905188,0.7957665904
A1_label_swap_only,pathology_macro,source,M3,C0,0.2179964644,0.2098619321,0.2263354826,0.7979818502,0.7621281465
A1_label_swap_only,pathology_macro,source,M3,C1,0.1867863356,0.1796250897,0.1945871758,0.8214817825,0.8112128146
A1_label_swap_only,pathology_macro,source,M3,C2,0.2529313781,0.2449080811,0.2614608854,0.7281592848,0.7064073227
A1_label_swap_only,pathology_macro,source,M4,C0,0.1867868147,0.1799521958,0.1939471683,0.7998103752,0.7924485126
A1_label_swap_only,pathology_macro,source,M4,C1,0.1087375749,0.1032608266,0.1141927500,0.8051605039,0.8157894737
A1_label_swap_only,pathology_macro,source,M4,C2,0.1790314322,0.1719161877,0.1869196808,0.7892455641,0.7915331808
A1_label_swap_only,pathology_macro,external,M1,C0,0.2793290526,0.2740326830,0.2840776421,0.7715669974,0.7670401783
A1_label_swap_only,pathology_macro,external,M1,C1,0.2793290526,0.2740326830,0.2840776421,0.7715669974,0.7670401783
A1_label_swap_only,pathology_macro,external,M1,C2,0.2793290526,0.2740326830,0.2840776421,0.7715669974,0.7670401783
A1_label_swap_only,pathology_macro,external,M2,C0,0.3220941464,0.3160133381,0.3281127641,0.8468662308,0.8735529004
A1_label_swap_only,pathology_macro,external,M2,C1,0.4682645847,0.4639121306,0.4725728730,1.0000000000,1.0000000000
A1_label_swap_only,pathology_macro,external,M2,C2,0.4008529615,0.3952477357,0.4067778109,0.8459107905,0.8443323222
A1_label_swap_only,pathology_macro,external,M3,C0,0.2348305994,0.2295748837,0.2400388221,0.7741925777,0.7882127159
A1_label_swap_only,pathology_macro,external,M3,C1,0.2410000724,0.2360029354,0.2456659123,0.8277423772,0.8291339070
A1_label_swap_only,pathology_macro,external,M3,C2,0.2589899787,0.2539179983,0.2641380420,0.7462591124,0.7650591221
A1_label_swap_only,pathology_macro,external,M4,C0,0.1748428398,0.1707384982,0.1789350453,0.7949263860,0.8044635671
A1_label_swap_only,pathology_macro,external,M4,C1,0.1706051431,0.1667518609,0.1742170704,0.7641491691,0.7656782022
A1_label_swap_only,pathology_macro,external,M4,C2,0.1790767161,0.1751258587,0.1829928626,0.7877342522,0.7950845044
A1c_common_cells_impression,original,source,M1,C0,0.0451920894,0.0412193169,0.0491534221,0.7956115400,0.7761548913
A1c_common_cells_impression,original,source,M1,C1,0.0451920894,0.0412193169,0.0491534221,0.7956115400,0.7761548913
A1c_common_cells_impression,original,source,M1,C2,0.0451920894,0.0412193169,0.0491534221,0.7956115400,0.7761548913
A1c_common_cells_impression,original,source,M2,C0,0.0476983859,0.0440023025,0.0512223594,0.8027901937,0.8478260870
A1c_common_cells_impression,original,source,M2,C1,0.0641846133,0.0600234561,0.0682809936,1.0000000000,1.0000000000
A1c_common_cells_impression,original,source,M2,C2,0.0758679811,0.0707844928,0.0810743669,0.7899905188,0.7805706522
A1c_common_cells_impression,original,source,M3,C0,0.0379077202,0.0342778361,0.0414622173,0.7979818502,0.8464673913
A1c_common_cells_impression,original,source,M3,C1,0.0322478703,0.0290179730,0.0356993722,0.8214817825,0.8430706522
A1c_common_cells_impression,original,source,M3,C2,0.0560050843,0.0514946487,0.0602316984,0.7281592848,0.7900815217
A1c_common_cells_impression,original,source,M4,C0,0.0231795089,0.0206845241,0.0260283340,0.7998103752,0.8063858696
A1c_common_cells_impression,original,source,M4,C1,0.0240067850,0.0212908648,0.0268722365,0.8051605039,0.7839673913
A1c_common_cells_impression,original,source,M4,C2,0.0310622962,0.0279392667,0.0342649018,0.7892455641,0.7843070652
A1c_common_cells_impression,original,external,M1,C0,0.0430966566,0.0417031572,0.0444771799,0.7715669974,0.7617325374
A1c_common_cells_impression,original,external,M1,C1,0.0430966566,0.0417031572,0.0444771799,0.7715669974,0.7617325374
A1c_common_cells_impression,original,external,M1,C2,0.0430966566,0.0417031572,0.0444771799,0.7715669974,0.7617325374
A1c_common_cells_impression,original,external,M2,C0,0.0276680170,0.0266432418,0.0286545124,0.8468662308,0.8793411478
A1c_common_cells_impression,original,external,M2,C1,0.0327297257,0.0317285569,0.0337128514,1.0000000000,1.0000000000
A1c_common_cells_impression,original,external,M2,C2,0.0363435046,0.0352418034,0.0375233644,0.8459107905,0.8443940912
A1c_common_cells_impression,original,external,M3,C0,0.0320214820,0.0309724273,0.0331315363,0.7741925777,0.8203407556
A1c_common_cells_impression,original,external,M3,C1,0.0331017214,0.0320189861,0.0342089741,0.8277423772,0.8383371824
A1c_common_cells_impression,original,external,M3,C2,0.0367422753,0.0354757484,0.0379782033,0.7462591124,0.8000784348
A1c_common_cells_impression,original,external,M4,C0,0.0167179298,0.0160007059,0.0174930001,0.7949263860,0.8181184365
A1c_common_cells_impression,original,external,M4,C1,0.0273829331,0.0263311429,0.0284602750,0.7641491691,0.7674844220
A1c_common_cells_impression,original,external,M4,C2,0.0179317722,0.0171598265,0.0187248259,0.7877342522,0.8084448124
A1c_common_cells_impression,evaluable_study,source,M1,C0,0.2323486506,0.2134022004,0.2528845047,0.7956115400,0.7761548913
A1c_common_cells_impression,evaluable_study,source,M1,C1,0.2323486506,0.2134022004,0.2528845047,0.7956115400,0.7761548913
A1c_common_cells_impression,evaluable_study,source,M1,C2,0.2323486506,0.2134022004,0.2528845047,0.7956115400,0.7761548913
A1c_common_cells_impression,evaluable_study,source,M2,C0,0.2265291132,0.2112122459,0.2418329543,0.8027901937,0.8478260870
A1c_common_cells_impression,evaluable_study,source,M2,C1,0.3219259511,0.3036565201,0.3406415881,1.0000000000,1.0000000000
A1c_common_cells_impression,evaluable_study,source,M2,C2,0.3851174935,0.3654313800,0.4047888916,0.7899905188,0.7805706522
A1c_common_cells_impression,evaluable_study,source,M3,C0,0.1792402354,0.1632149507,0.1955057973,0.7979818502,0.8464673913
A1c_common_cells_impression,evaluable_study,source,M3,C1,0.1576013967,0.1426726483,0.1730479468,0.8214817825,0.8430706522
A1c_common_cells_impression,evaluable_study,source,M3,C2,0.2588850674,0.2408071528,0.2764526919,0.7281592848,0.7900815217
A1c_common_cells_impression,evaluable_study,source,M4,C0,0.1153117102,0.1033331486,0.1279224978,0.7998103752,0.8063858696
A1c_common_cells_impression,evaluable_study,source,M4,C1,0.1236640670,0.1110122325,0.1377228279,0.8051605039,0.7839673913
A1c_common_cells_impression,evaluable_study,source,M4,C2,0.1567778259,0.1415969485,0.1712869317,0.7892455641,0.7843070652
A1c_common_cells_impression,evaluable_study,external,M1,C0,0.2528430868,0.2458516348,0.2599673029,0.7715669974,0.7617325374
A1c_common_cells_impression,evaluable_study,external,M1,C1,0.2528430868,0.2458516348,0.2599673029,0.7715669974,0.7617325374
A1c_common_cells_impression,evaluable_study,external,M1,C2,0.2528430868,0.2458516348,0.2599673029,0.7715669974,0.7617325374
A1c_common_cells_impression,evaluable_study,external,M2,C0,0.1543376280,0.1487567313,0.1599018798,0.8468662308,0.8793411478
A1c_common_cells_impression,evaluable_study,external,M2,C1,0.1895739829,0.1844749077,0.1944716350,1.0000000000,1.0000000000
A1c_common_cells_impression,evaluable_study,external,M2,C2,0.2108834761,0.2055276035,0.2165367538,0.8459107905,0.8443940912
A1c_common_cells_impression,evaluable_study,external,M3,C0,0.1750380679,0.1694615526,0.1806752719,0.7741925777,0.8203407556
A1c_common_cells_impression,evaluable_study,external,M3,C1,0.1893055772,0.1833913652,0.1950675998,0.8277423772,0.8383371824
A1c_common_cells_impression,evaluable_study,external,M3,C2,0.1984995371,0.1927712603,0.2043189728,0.7462591124,0.8000784348
A1c_common_cells_impression,evaluable_study,external,M4,C0,0.0940869951,0.0900751653,0.0981506640,0.7949263860,0.8181184365
A1c_common_cells_impression,evaluable_study,external,M4,C1,0.1579155548,0.1523522806,0.1632493468,0.7641491691,0.7674844220
A1c_common_cells_impression,evaluable_study,external,M4,C2,0.1012019619,0.0970745383,0.1054792184,0.7877342522,0.8084448124
A1c_common_cells_impression,cell_micro,source,M1,C0,0.2121304480,0.1945448835,0.2300446405,0.7956115400,0.7761548913
A1c_common_cells_impression,cell_micro,source,M1,C1,0.2121304480,0.1945448835,0.2300446405,0.7956115400,0.7761548913
A1c_common_cells_impression,cell_micro,source,M1,C2,0.2121304480,0.1945448835,0.2300446405,0.7956115400,0.7761548913
A1c_common_cells_impression,cell_micro,source,M2,C0,0.2220662549,0.2074950416,0.2368735762,0.8027901937,0.8478260870
A1c_common_cells_impression,cell_micro,source,M2,C1,0.3134578544,0.2966772364,0.3304140093,1.0000000000,1.0000000000
A1c_common_cells_impression,cell_micro,source,M2,C2,0.3830570902,0.3626259825,0.4027624934,0.7899905188,0.7805706522
A1c_common_cells_impression,cell_micro,source,M3,C0,0.1638291934,0.1489118350,0.1785638797,0.7979818502,0.8464673913
A1c_common_cells_impression,cell_micro,source,M3,C1,0.1417410714,0.1286665605,0.1552786871,0.8214817825,0.8430706522
A1c_common_cells_impression,cell_micro,source,M3,C2,0.2447447447,0.2269060575,0.2621960344,0.7281592848,0.7900815217
A1c_common_cells_impression,cell_micro,source,M4,C0,0.1093009479,0.0983256284,0.1204140832,0.7998103752,0.8063858696
A1c_common_cells_impression,cell_micro,source,M4,C1,0.1199395770,0.1088880008,0.1320525938,0.8051605039,0.7839673913
A1c_common_cells_impression,cell_micro,source,M4,C2,0.1455868972,0.1317327935,0.1590228550,0.7892455641,0.7843070652
A1c_common_cells_impression,cell_micro,external,M1,C0,0.2445230806,0.2378694525,0.2510514796,0.7715669974,0.7617325374
A1c_common_cells_impression,cell_micro,external,M1,C1,0.2445230806,0.2378694525,0.2510514796,0.7715669974,0.7617325374
A1c_common_cells_impression,cell_micro,external,M1,C2,0.2445230806,0.2378694525,0.2510514796,0.7715669974,0.7617325374
A1c_common_cells_impression,cell_micro,external,M2,C0,0.1616284316,0.1558839848,0.1674794186,0.8468662308,0.8793411478
A1c_common_cells_impression,cell_micro,external,M2,C1,0.2105632942,0.2057280170,0.2156055803,1.0000000000,1.0000000000
A1c_common_cells_impression,cell_micro,external,M2,C2,0.2225949573,0.2170902148,0.2283767216,0.8459107905,0.8443940912
A1c_common_cells_impression,cell_micro,external,M3,C0,0.1700298816,0.1646293145,0.1755305762,0.7741925777,0.8203407556
A1c_common_cells_impression,cell_micro,external,M3,C1,0.1835671922,0.1779126960,0.1889641511,0.8277423772,0.8383371824
A1c_common_cells_impression,cell_micro,external,M3,C2,0.1938075568,0.1881628309,0.1994140332,0.7462591124,0.8000784348
A1c_common_cells_impression,cell_micro,external,M4,C0,0.0939612271,0.0902617251,0.0978036572,0.7949263860,0.8181184365
A1c_common_cells_impression,cell_micro,external,M4,C1,0.1514052584,0.1462684042,0.1562598881,0.7641491691,0.7674844220
A1c_common_cells_impression,cell_micro,external,M4,C2,0.1007615261,0.0967801694,0.1046945661,0.7877342522,0.8084448124
A1c_common_cells_impression,pathology_macro,source,M1,C0,0.2024586570,0.1873188713,0.2189918108,0.7956115400,0.7761548913
A1c_common_cells_impression,pathology_macro,source,M1,C1,0.2024586570,0.1873188713,0.2189918108,0.7956115400,0.7761548913
A1c_common_cells_impression,pathology_macro,source,M1,C2,0.2024586570,0.1873188713,0.2189918108,0.7956115400,0.7761548913
A1c_common_cells_impression,pathology_macro,source,M2,C0,0.2252549968,0.2096527081,0.2412020621,0.8027901937,0.8478260870
A1c_common_cells_impression,pathology_macro,source,M2,C1,0.3258698370,0.3134085276,0.3390516648,1.0000000000,1.0000000000
A1c_common_cells_impression,pathology_macro,source,M2,C2,0.3984464692,0.3781244467,0.4179880723,0.7899905188,0.7805706522
A1c_common_cells_impression,pathology_macro,source,M3,C0,0.1633670527,0.1487065162,0.1783101703,0.7979818502,0.8464673913
A1c_common_cells_impression,pathology_macro,source,M3,C1,0.1429584139,0.1295425793,0.1563230338,0.8214817825,0.8430706522
A1c_common_cells_impression,pathology_macro,source,M3,C2,0.2374378719,0.2209749791,0.2543709561,0.7281592848,0.7900815217
A1c_common_cells_impression,pathology_macro,source,M4,C0,0.1071084782,0.0959744829,0.1191641753,0.7998103752,0.8063858696
A1c_common_cells_impression,pathology_macro,source,M4,C1,0.1141909270,0.1024311095,0.1266988548,0.8051605039,0.7839673913
A1c_common_cells_impression,pathology_macro,source,M4,C2,0.1439006537,0.1305264134,0.1574053969,0.7892455641,0.7843070652
A1c_common_cells_impression,pathology_macro,external,M1,C0,0.2698290557,0.2628276060,0.2762203940,0.7715669974,0.7617325374
A1c_common_cells_impression,pathology_macro,external,M1,C1,0.2698290557,0.2628276060,0.2762203940,0.7715669974,0.7617325374
A1c_common_cells_impression,pathology_macro,external,M1,C2,0.2698290557,0.2628276060,0.2762203940,0.7715669974,0.7617325374
A1c_common_cells_impression,pathology_macro,external,M2,C0,0.2001232403,0.1930805805,0.2070375186,0.8468662308,0.8793411478
A1c_common_cells_impression,pathology_macro,external,M2,C1,0.3444642904,0.3406968722,0.3484069901,1.0000000000,1.0000000000
A1c_common_cells_impression,pathology_macro,external,M2,C2,0.2859752250,0.2794440726,0.2928817337,0.8459107905,0.8443940912
A1c_common_cells_impression,pathology_macro,external,M3,C0,0.1908065501,0.1842020823,0.1974311475,0.7741925777,0.8203407556
A1c_common_cells_impression,pathology_macro,external,M3,C1,0.2093083619,0.2028853995,0.2156380681,0.8277423772,0.8383371824
A1c_common_cells_impression,pathology_macro,external,M3,C2,0.2154187534,0.2091245657,0.2219379292,0.7462591124,0.8000784348
A1c_common_cells_impression,pathology_macro,external,M4,C0,0.0988901785,0.0944608382,0.1032737713,0.7949263860,0.8181184365
A1c_common_cells_impression,pathology_macro,external,M4,C1,0.1241887355,0.1194288855,0.1288199953,0.7641491691,0.7674844220
A1c_common_cells_impression,pathology_macro,external,M4,C2,0.1037170226,0.0994299213,0.1083833123,0.7877342522,0.8084448124
A1c_common_cells_findings,original,source,M1,C0,0.0457666553,0.0417567140,0.0495928046,0.7956115400,0.7761548913
A1c_common_cells_findings,original,source,M1,C1,0.0457666553,0.0417567140,0.0495928046,0.7956115400,0.7761548913
A1c_common_cells_findings,original,source,M1,C2,0.0457666553,0.0417567140,0.0495928046,0.7956115400,0.7761548913
A1c_common_cells_findings,original,source,M2,C0,0.0488161521,0.0451586527,0.0524423186,0.8027901937,0.8478260870
A1c_common_cells_findings,original,source,M2,C1,0.0662783873,0.0621004513,0.0705334945,1.0000000000,1.0000000000
A1c_common_cells_findings,original,source,M2,C2,0.0765895128,0.0715354515,0.0818905988,0.7899905188,0.7805706522
A1c_common_cells_findings,original,source,M3,C0,0.0388554132,0.0351779137,0.0424744694,0.7979818502,0.8464673913
A1c_common_cells_findings,original,source,M3,C1,0.0331066227,0.0298823827,0.0364437089,0.8214817825,0.8430706522
A1c_common_cells_findings,original,source,M3,C2,0.0564623636,0.0519596913,0.0606963858,0.7281592848,0.7900815217
A1c_common_cells_findings,original,source,M4,C0,0.0245977985,0.0220175071,0.0273613419,0.7998103752,0.8063858696
A1c_common_cells_findings,original,source,M4,C1,0.0235932374,0.0209876513,0.0264675707,0.8051605039,0.7839673913
A1c_common_cells_findings,original,source,M4,C2,0.0312267605,0.0281558486,0.0344331491,0.7892455641,0.7843070652
A1c_common_cells_findings,original,external,M1,C0,0.0428155176,0.0414197331,0.0441681246,0.7715669974,0.7617325374
A1c_common_cells_findings,original,external,M1,C1,0.0428155176,0.0414197331,0.0441681246,0.7715669974,0.7617325374
A1c_common_cells_findings,original,external,M1,C2,0.0428155176,0.0414197331,0.0441681246,0.7715669974,0.7617325374
A1c_common_cells_findings,original,external,M2,C0,0.0280226174,0.0270012797,0.0290353747,0.8468662308,0.8793411478
A1c_common_cells_findings,original,external,M2,C1,0.0331108988,0.0321221374,0.0341003914,1.0000000000,1.0000000000
A1c_common_cells_findings,original,external,M2,C2,0.0366740483,0.0355691765,0.0378451135,0.8459107905,0.8443940912
A1c_common_cells_findings,original,external,M3,C0,0.0319558894,0.0309030583,0.0330566430,0.7741925777,0.8203407556
A1c_common_cells_findings,original,external,M3,C1,0.0328737450,0.0318251132,0.0339717465,0.8277423772,0.8383371824
A1c_common_cells_findings,original,external,M3,C2,0.0367338744,0.0354739590,0.0379797697,0.7462591124,0.8000784348
A1c_common_cells_findings,original,external,M4,C0,0.0169221936,0.0162071926,0.0176934865,0.7949263860,0.8181184365
A1c_common_cells_findings,original,external,M4,C1,0.0274641555,0.0264341145,0.0285020995,0.7641491691,0.7674844220
A1c_common_cells_findings,original,external,M4,C2,0.0180312552,0.0172434164,0.0188351625,0.7877342522,0.8084448124
A1c_common_cells_findings,evaluable_study,source,M1,C0,0.2353026988,0.2163626087,0.2550356230,0.7956115400,0.7761548913
A1c_common_cells_findings,evaluable_study,source,M1,C1,0.2353026988,0.2163626087,0.2550356230,0.7956115400,0.7761548913
A1c_common_cells_findings,evaluable_study,source,M1,C2,0.2353026988,0.2163626087,0.2550356230,0.7956115400,0.7761548913
A1c_common_cells_findings,evaluable_study,source,M2,C0,0.2318376068,0.2163914598,0.2476366093,0.8027901937,0.8478260870
A1c_common_cells_findings,evaluable_study,source,M2,C1,0.3324275362,0.3135330700,0.3517220365,1.0000000000,1.0000000000
A1c_common_cells_findings,evaluable_study,source,M2,C2,0.3887800986,0.3685572418,0.4078829440,0.7899905188,0.7805706522
A1c_common_cells_findings,evaluable_study,source,M3,C0,0.1837212413,0.1678592871,0.2002591553,0.7979818502,0.8464673913
A1c_common_cells_findings,evaluable_study,source,M3,C1,0.1617982810,0.1467838061,0.1778561593,0.8214817825,0.8430706522
A1c_common_cells_findings,evaluable_study,source,M3,C2,0.2609988535,0.2432061187,0.2783528544,0.7281592848,0.7900815217
A1c_common_cells_findings,evaluable_study,source,M4,C0,0.1223673126,0.1103231521,0.1354398865,0.7998103752,0.8063858696
A1c_common_cells_findings,evaluable_study,source,M4,C1,0.1215337955,0.1091870667,0.1357448225,0.8051605039,0.7839673913
A1c_common_cells_findings,evaluable_study,source,M4,C2,0.1576079111,0.1433305143,0.1718479415,0.7892455641,0.7843070652
A1c_common_cells_findings,evaluable_study,external,M1,C0,0.2511936769,0.2442619935,0.2581783325,0.7715669974,0.7617325374
A1c_common_cells_findings,evaluable_study,external,M1,C1,0.2511936769,0.2442619935,0.2581783325,0.7715669974,0.7617325374
A1c_common_cells_findings,evaluable_study,external,M1,C2,0.2511936769,0.2442619935,0.2581783325,0.7715669974,0.7617325374
A1c_common_cells_findings,evaluable_study,external,M2,C0,0.1563156591,0.1504128965,0.1618097057,0.8468662308,0.8793411478
A1c_common_cells_findings,evaluable_study,external,M2,C1,0.1917817770,0.1868286659,0.1969023722,1.0000000000,1.0000000000
A1c_common_cells_findings,evaluable_study,external,M2,C2,0.2128014587,0.2073596373,0.2185165751,0.8459107905,0.8443940912
A1c_common_cells_findings,evaluable_study,external,M3,C0,0.1746795212,0.1690766998,0.1800880864,0.7741925777,0.8203407556
A1c_common_cells_findings,evaluable_study,external,M3,C1,0.1880018019,0.1820736929,0.1937678975,0.8277423772,0.8383371824
A1c_common_cells_findings,evaluable_study,external,M3,C2,0.1984541510,0.1925755380,0.2045199310,0.7462591124,0.8000784348
A1c_common_cells_findings,evaluable_study,external,M4,C0,0.0952365735,0.0912589566,0.0993593033,0.7949263860,0.8181184365
A1c_common_cells_findings,evaluable_study,external,M4,C1,0.1583839588,0.1529619237,0.1636708851,0.7641491691,0.7674844220
A1c_common_cells_findings,evaluable_study,external,M4,C2,0.1017634165,0.0977156786,0.1059179762,0.7877342522,0.8084448124
A1c_common_cells_findings,cell_micro,source,M1,C0,0.2148735142,0.1977640145,0.2331940034,0.7956115400,0.7761548913
A1c_common_cells_findings,cell_micro,source,M1,C1,0.2148735142,0.1977640145,0.2331940034,0.7956115400,0.7761548913
A1c_common_cells_findings,cell_micro,source,M1,C2,0.2148735142,0.1977640145,0.2331940034,0.7956115400,0.7761548913
A1c_common_cells_findings,cell_micro,source,M2,C0,0.2268388546,0.2117604709,0.2418064092,0.8027901937,0.8478260870
A1c_common_cells_findings,cell_micro,source,M2,C1,0.3235153257,0.3063169996,0.3409546054,1.0000000000,1.0000000000
A1c_common_cells_findings,cell_micro,source,M2,C2,0.3885819521,0.3689179266,0.4071322984,0.7899905188,0.7805706522
A1c_common_cells_findings,cell_micro,source,M3,C0,0.1680156294,0.1532861874,0.1830734976,0.7979818502,0.8464673913
A1c_common_cells_findings,cell_micro,source,M3,C1,0.1456473214,0.1325918186,0.1594457196,0.8214817825,0.8430706522
A1c_common_cells_findings,cell_micro,source,M3,C2,0.2474474474,0.2297124148,0.2641510855,0.7281592848,0.7900815217
A1c_common_cells_findings,cell_micro,source,M4,C0,0.1155213270,0.1043421072,0.1276482887,0.7998103752,0.8063858696
A1c_common_cells_findings,cell_micro,source,M4,C1,0.1181268882,0.1074996267,0.1302344766,0.8051605039,0.7839673913
A1c_common_cells_findings,cell_micro,source,M4,C2,0.1471034274,0.1336857312,0.1602639673,0.7892455641,0.7843070652
A1c_common_cells_findings,cell_micro,external,M1,C0,0.2432110055,0.2364337127,0.2498605662,0.7715669974,0.7617325374
A1c_common_cells_findings,cell_micro,external,M1,C1,0.2432110055,0.2364337127,0.2498605662,0.7715669974,0.7617325374
A1c_common_cells_findings,cell_micro,external,M1,C2,0.2432110055,0.2364337127,0.2498605662,0.7715669974,0.7617325374
A1c_common_cells_findings,cell_micro,external,M2,C0,0.1635719988,0.1578431769,0.1693593775,0.8468662308,0.8793411478
A1c_common_cells_findings,cell_micro,external,M2,C1,0.2127932551,0.2080735397,0.2178802742,1.0000000000,1.0000000000
A1c_common_cells_findings,cell_micro,external,M2,C2,0.2245067273,0.2191321441,0.2303959343,0.8459107905,0.8443940912
A1c_common_cells_findings,cell_micro,external,M3,C0,0.1700667724,0.1647193321,0.1755255755,0.7741925777,0.8203407556
A1c_common_cells_findings,cell_micro,external,M3,C1,0.1830970635,0.1774162072,0.1887952139,0.8277423772,0.8383371824
A1c_common_cells_findings,cell_micro,external,M3,C2,0.1941865312,0.1885942375,0.1999004787,0.7462591124,0.8000784348
A1c_common_cells_findings,cell_micro,external,M4,C0,0.0954467801,0.0916488789,0.0993441370,0.7949263860,0.8181184365
A1c_common_cells_findings,cell_micro,external,M4,C1,0.1521936221,0.1473059368,0.1571122483,0.7641491691,0.7674844220
A1c_common_cells_findings,cell_micro,external,M4,C2,0.1019619612,0.0979809890,0.1059716071,0.7877342522,0.8084448124
A1c_common_cells_findings,pathology_macro,source,M1,C0,0.2055330341,0.1897400413,0.2218123623,0.7956115400,0.7761548913
A1c_common_cells_findings,pathology_macro,source,M1,C1,0.2055330341,0.1897400413,0.2218123623,0.7956115400,0.7761548913
A1c_common_cells_findings,pathology_macro,source,M1,C2,0.2055330341,0.1897400413,0.2218123623,0.7956115400,0.7761548913
A1c_common_cells_findings,pathology_macro,source,M2,C0,0.2287620770,0.2132395144,0.2450232350,0.8027901937,0.8478260870
A1c_common_cells_findings,pathology_macro,source,M2,C1,0.3339316542,0.3208003692,0.3479416076,1.0000000000,1.0000000000
A1c_common_cells_findings,pathology_macro,source,M2,C2,0.4032565994,0.3831152624,0.4215609668,0.7899905188,0.7805706522
A1c_common_cells_findings,pathology_macro,source,M3,C0,0.1678823857,0.1534793126,0.1831945258,0.7979818502,0.8464673913
A1c_common_cells_findings,pathology_macro,source,M3,C1,0.1462417004,0.1332279775,0.1593277196,0.8214817825,0.8430706522
A1c_common_cells_findings,pathology_macro,source,M3,C2,0.2414607245,0.2242693618,0.2582219058,0.7281592848,0.7900815217
A1c_common_cells_findings,pathology_macro,source,M4,C0,0.1124584601,0.1011207882,0.1251255526,0.7998103752,0.8063858696
A1c_common_cells_findings,pathology_macro,source,M4,C1,0.1126907894,0.1014542348,0.1252097601,0.8051605039,0.7839673913
A1c_common_cells_findings,pathology_macro,source,M4,C2,0.1457078932,0.1326093201,0.1595191128,0.7892455641,0.7843070652
A1c_common_cells_findings,pathology_macro,external,M1,C0,0.2693905631,0.2627112697,0.2758312100,0.7715669974,0.7617325374
A1c_common_cells_findings,pathology_macro,external,M1,C1,0.2693905631,0.2627112697,0.2758312100,0.7715669974,0.7617325374
A1c_common_cells_findings,pathology_macro,external,M1,C2,0.2693905631,0.2627112697,0.2758312100,0.7715669974,0.7617325374
A1c_common_cells_findings,pathology_macro,external,M2,C0,0.2035649671,0.1962250569,0.2103123922,0.8468662308,0.8793411478
A1c_common_cells_findings,pathology_macro,external,M2,C1,0.3485821671,0.3444856930,0.3527525760,1.0000000000,1.0000000000
A1c_common_cells_findings,pathology_macro,external,M2,C2,0.2887965358,0.2823631508,0.2958144049,0.8459107905,0.8443940912
A1c_common_cells_findings,pathology_macro,external,M3,C0,0.1917797169,0.1852631444,0.1984130728,0.7741925777,0.8203407556
A1c_common_cells_findings,pathology_macro,external,M3,C1,0.2103058794,0.2040568559,0.2167104685,0.8277423772,0.8383371824
A1c_common_cells_findings,pathology_macro,external,M3,C2,0.2167218389,0.2103723346,0.2234910142,0.7462591124,0.8000784348
A1c_common_cells_findings,pathology_macro,external,M4,C0,0.1010646175,0.0964245727,0.1054268016,0.7949263860,0.8181184365
A1c_common_cells_findings,pathology_macro,external,M4,C1,0.1268413718,0.1221332740,0.1315759862,0.7641491691,0.7674844220
A1c_common_cells_findings,pathology_macro,external,M4,C2,0.1063846507,0.1019789166,0.1108368966,0.7877342522,0.8084448124
A2x_cohort_only,original,source,M1,C0,0.0833666800,0.0770239279,0.0898430801,0.8067362531,0.7756183746
A2x_cohort_only,original,source,M1,C1,0.0833666800,0.0770239279,0.0898430801,0.8067362531,0.7756183746
A2x_cohort_only,original,source,M1,C2,0.0833666800,0.0770239279,0.0898430801,0.8067362531,0.7756183746
A2x_cohort_only,original,source,M2,C0,0.0892542446,0.0834636060,0.0951373681,0.8344990853,0.8418727915
A2x_cohort_only,original,source,M2,C1,0.1285376090,0.1217877983,0.1353147070,1.0000000000,1.0000000000
A2x_cohort_only,original,source,M2,C2,0.1308978720,0.1229778912,0.1386569353,0.8225546110,0.8189045936
A2x_cohort_only,original,source,M3,C0,0.0761941665,0.0700412126,0.0824153646,0.7636931023,0.8454063604
A2x_cohort_only,original,source,M3,C1,0.0646481359,0.0589666022,0.0702517631,0.8129775100,0.8409893993
A2x_cohort_only,original,source,M3,C2,0.0977576121,0.0903639321,0.1048434635,0.7174217153,0.8038869258
A2x_cohort_only,original,source,M4,C0,0.0464030566,0.0419530117,0.0509575683,0.7932852685,0.8071260306
A2x_cohort_only,original,source,M4,C1,0.0461637055,0.0415117976,0.0508392930,0.8115786076,0.7797408716
A2x_cohort_only,original,source,M4,C2,0.0544774401,0.0495283392,0.0594482748,0.7790810287,0.7859246172
A2x_cohort_only,original,external,M1,C0,0.1818148578,0.1792290291,0.1844080077,0.7715669974,0.7733344434
A2x_cohort_only,original,external,M1,C1,0.1818148578,0.1792290291,0.1844080077,0.7715669974,0.7733344434
A2x_cohort_only,original,external,M1,C2,0.1818148578,0.1792290291,0.1844080077,0.7715669974,0.7733344434
A2x_cohort_only,original,external,M2,C0,0.2337963127,0.2310466315,0.2364076140,0.8468662308,0.8484486874
A2x_cohort_only,original,external,M2,C1,0.2604772437,0.2577893284,0.2629103798,1.0000000000,1.0000000000
A2x_cohort_only,original,external,M2,C2,0.2666677042,0.2638048830,0.2693096880,0.8459107905,0.8458770421
A2x_cohort_only,original,external,M3,C0,0.1570503103,0.1548982457,0.1593633818,0.7741925777,0.7889400751
A2x_cohort_only,original,external,M3,C1,0.1444287411,0.1423705172,0.1466026721,0.8277423772,0.8348041664
A2x_cohort_only,original,external,M3,C2,0.1675622091,0.1652338041,0.1699425760,0.7462591124,0.7597084235
A2x_cohort_only,original,external,M4,C0,0.1128209860,0.1109940367,0.1146707938,0.7949263860,0.8028713622
A2x_cohort_only,original,external,M4,C1,0.1200195918,0.1181329962,0.1219181899,0.7641491691,0.7694584744
A2x_cohort_only,original,external,M4,C2,0.1140267856,0.1121700488,0.1158951475,0.7877342522,0.7955819504
A2x_cohort_only,evaluable_study,source,M1,C0,0.2372817008,0.2209730075,0.2554462847,0.8067362531,0.7756183746
A2x_cohort_only,evaluable_study,source,M1,C1,0.2372817008,0.2209730075,0.2554462847,0.8067362531,0.7756183746
A2x_cohort_only,evaluable_study,source,M1,C2,0.2372817008,0.2209730075,0.2554462847,0.8067362531,0.7756183746
A2x_cohort_only,evaluable_study,source,M2,C0,0.2421009677,0.2274121988,0.2577253104,0.8344990853,0.8418727915
A2x_cohort_only,evaluable_study,source,M2,C1,0.3517373380,0.3354768143,0.3689815290,1.0000000000,1.0000000000
A2x_cohort_only,evaluable_study,source,M2,C2,0.3597926405,0.3425796684,0.3759319559,0.8225546110,0.8189045936
A2x_cohort_only,evaluable_study,source,M3,C0,0.1883490073,0.1739158148,0.2037231796,0.7636931023,0.8454063604
A2x_cohort_only,evaluable_study,source,M3,C1,0.1710142390,0.1569541396,0.1852358334,0.8129775100,0.8409893993
A2x_cohort_only,evaluable_study,source,M3,C2,0.2387362637,0.2230408179,0.2547981908,0.7174217153,0.8038869258
A2x_cohort_only,evaluable_study,source,M4,C0,0.1248023836,0.1132967650,0.1365577600,0.7932852685,0.8071260306
A2x_cohort_only,evaluable_study,source,M4,C1,0.1314828802,0.1191987402,0.1444177075,0.8115786076,0.7797408716
A2x_cohort_only,evaluable_study,source,M4,C2,0.1477769452,0.1353061468,0.1610232309,0.7790810287,0.7859246172
A2x_cohort_only,evaluable_study,external,M1,C0,0.2230499169,0.2199420514,0.2262113998,0.7715669974,0.7733344434
A2x_cohort_only,evaluable_study,external,M1,C1,0.2230499169,0.2199420514,0.2262113998,0.7715669974,0.7733344434
A2x_cohort_only,evaluable_study,external,M1,C2,0.2230499169,0.2199420514,0.2262113998,0.7715669974,0.7733344434
A2x_cohort_only,evaluable_study,external,M2,C0,0.2869414552,0.2838085963,0.2901917415,0.8468662308,0.8484486874
A2x_cohort_only,evaluable_study,external,M2,C1,0.3202847003,0.3169326712,0.3232860027,1.0000000000,1.0000000000
A2x_cohort_only,evaluable_study,external,M2,C2,0.3279096175,0.3244480859,0.3310881054,0.8459107905,0.8458770421
A2x_cohort_only,evaluable_study,external,M3,C0,0.1895004260,0.1869103747,0.1923254372,0.7741925777,0.7889400751
A2x_cohort_only,evaluable_study,external,M3,C1,0.1760883457,0.1735793617,0.1788536315,0.8277423772,0.8348041664
A2x_cohort_only,evaluable_study,external,M3,C2,0.2023882002,0.1995729222,0.2052489644,0.7462591124,0.7597084235
A2x_cohort_only,evaluable_study,external,M4,C0,0.1373527130,0.1351225815,0.1396067522,0.7949263860,0.8028713622
A2x_cohort_only,evaluable_study,external,M4,C1,0.1465586679,0.1442191291,0.1489040750,0.7641491691,0.7694584744
A2x_cohort_only,evaluable_study,external,M4,C2,0.1388251322,0.1365315472,0.1410958891,0.7877342522,0.7955819504
A2x_cohort_only,cell_micro,source,M1,C0,0.2142508541,0.1991736420,0.2307921209,0.8067362531,0.7756183746
A2x_cohort_only,cell_micro,source,M1,C1,0.2142508541,0.1991736420,0.2307921209,0.8067362531,0.7756183746
A2x_cohort_only,cell_micro,source,M1,C2,0.2142508541,0.1991736420,0.2307921209,0.8067362531,0.7756183746
A2x_cohort_only,cell_micro,source,M2,C0,0.2379758377,0.2238365091,0.2524416681,0.8344990853,0.8418727915
A2x_cohort_only,cell_micro,source,M2,C1,0.3453846154,0.3309501267,0.3607925188,1.0000000000,1.0000000000
A2x_cohort_only,cell_micro,source,M2,C2,0.3580683157,0.3419754035,0.3736933802,0.8225546110,0.8189045936
A2x_cohort_only,cell_micro,source,M3,C0,0.1708137189,0.1580904735,0.1851934244,0.7636931023,0.8454063604
A2x_cohort_only,cell_micro,source,M3,C1,0.1535008977,0.1416276757,0.1663547387,0.8129775100,0.8409893993
A2x_cohort_only,cell_micro,source,M3,C2,0.2260726073,0.2112081375,0.2408749469,0.7174217153,0.8038869258
A2x_cohort_only,cell_micro,source,M4,C0,0.1170087285,0.1069962067,0.1281190996,0.7932852685,0.8071260306
A2x_cohort_only,cell_micro,source,M4,C1,0.1253972134,0.1145085753,0.1370215418,0.8115786076,0.7797408716
A2x_cohort_only,cell_micro,source,M4,C2,0.1355151515,0.1242526991,0.1472370748,0.7790810287,0.7859246172
A2x_cohort_only,cell_micro,external,M1,C0,0.2080934080,0.2052604312,0.2109166197,0.7715669974,0.7733344434
A2x_cohort_only,cell_micro,external,M1,C1,0.2080934080,0.2052604312,0.2109166197,0.7715669974,0.7733344434
A2x_cohort_only,cell_micro,external,M1,C2,0.2080934080,0.2052604312,0.2109166197,0.7715669974,0.7733344434
A2x_cohort_only,cell_micro,external,M2,C0,0.3142860657,0.3108569624,0.3177399278,0.8468662308,0.8484486874
A2x_cohort_only,cell_micro,external,M2,C1,0.3559666811,0.3525118218,0.3590847463,1.0000000000,1.0000000000
A2x_cohort_only,cell_micro,external,M2,C2,0.3596157399,0.3558306520,0.3631090567,0.8459107905,0.8458770421
A2x_cohort_only,cell_micro,external,M3,C0,0.1846950366,0.1822085395,0.1872858575,0.7741925777,0.7889400751
A2x_cohort_only,cell_micro,external,M3,C1,0.1677555858,0.1654798081,0.1701944960,0.8277423772,0.8348041664
A2x_cohort_only,cell_micro,external,M3,C2,0.1971337822,0.1945294830,0.1997786604,0.7462591124,0.7597084235
A2x_cohort_only,cell_micro,external,M4,C0,0.1421085740,0.1398552250,0.1442902814,0.7949263860,0.8028713622
A2x_cohort_only,cell_micro,external,M4,C1,0.1391637023,0.1371052821,0.1412401416,0.7641491691,0.7694584744
A2x_cohort_only,cell_micro,external,M4,C2,0.1438692669,0.1415899464,0.1461094309,0.7877342522,0.7955819504
A2x_cohort_only,pathology_macro,source,M1,C0,0.2074596914,0.1933032480,0.2217388751,0.8067362531,0.7756183746
A2x_cohort_only,pathology_macro,source,M1,C1,0.2074596914,0.1933032480,0.2217388751,0.8067362531,0.7756183746
A2x_cohort_only,pathology_macro,source,M1,C2,0.2074596914,0.1933032480,0.2217388751,0.8067362531,0.7756183746
A2x_cohort_only,pathology_macro,source,M2,C0,0.2374755325,0.2229179306,0.2520838274,0.8344990853,0.8418727915
A2x_cohort_only,pathology_macro,source,M2,C1,0.3455610614,0.3344975616,0.3571485165,1.0000000000,1.0000000000
A2x_cohort_only,pathology_macro,source,M2,C2,0.3657722752,0.3488347059,0.3813165296,0.8225546110,0.8189045936
A2x_cohort_only,pathology_macro,source,M3,C0,0.1699672919,0.1578930879,0.1837303045,0.7636931023,0.8454063604
A2x_cohort_only,pathology_macro,source,M3,C1,0.1545187306,0.1428004933,0.1678069779,0.8129775100,0.8409893993
A2x_cohort_only,pathology_macro,source,M3,C2,0.2249392765,0.2108466959,0.2400171737,0.7174217153,0.8038869258
A2x_cohort_only,pathology_macro,source,M4,C0,0.1150014904,0.1046197296,0.1261400123,0.7932852685,0.8071260306
A2x_cohort_only,pathology_macro,source,M4,C1,0.1191077535,0.1083558034,0.1304648387,0.8115786076,0.7797408716
A2x_cohort_only,pathology_macro,source,M4,C2,0.1358279683,0.1241621919,0.1476112633,0.7790810287,0.7859246172
A2x_cohort_only,pathology_macro,external,M1,C0,0.2477354927,0.2448710316,0.2505268739,0.7715669974,0.7733344434
A2x_cohort_only,pathology_macro,external,M1,C1,0.2477354927,0.2448710316,0.2505268739,0.7715669974,0.7733344434
A2x_cohort_only,pathology_macro,external,M1,C2,0.2477354927,0.2448710316,0.2505268739,0.7715669974,0.7733344434
A2x_cohort_only,pathology_macro,external,M2,C0,0.3342221749,0.3305924520,0.3377033251,0.8468662308,0.8484486874
A2x_cohort_only,pathology_macro,external,M2,C1,0.4324604085,0.4296570969,0.4351328392,1.0000000000,1.0000000000
A2x_cohort_only,pathology_macro,external,M2,C2,0.3893651646,0.3858289926,0.3927398686,0.8459107905,0.8458770421
A2x_cohort_only,pathology_macro,external,M3,C0,0.2118520109,0.2090330997,0.2146672127,0.7741925777,0.7889400751
A2x_cohort_only,pathology_macro,external,M3,C1,0.1989975816,0.1963522201,0.2018233957,0.8277423772,0.8348041664
A2x_cohort_only,pathology_macro,external,M3,C2,0.2237947684,0.2208841938,0.2267594095,0.7462591124,0.7597084235
A2x_cohort_only,pathology_macro,external,M4,C0,0.1413739987,0.1389937049,0.1436040891,0.7949263860,0.8028713622
A2x_cohort_only,pathology_macro,external,M4,C1,0.1297503146,0.1276702654,0.1318102610,0.7641491691,0.7694584744
A2x_cohort_only,pathology_macro,external,M4,C2,0.1426272572,0.1402628412,0.1449308437,0.7877342522,0.7955819504
A2_cohort_and_labels,original,source,M1,C0,0.1333422258,0.1269705529,0.1395319165,0.8067362531,0.8082379863
A2_cohort_and_labels,original,source,M1,C1,0.1333422258,0.1269705529,0.1395319165,0.8067362531,0.8082379863
A2_cohort_and_labels,original,source,M1,C2,0.1333422258,0.1269705529,0.1395319165,0.8067362531,0.8082379863
A2_cohort_and_labels,original,source,M2,C0,0.4839952719,0.4738684331,0.4940699630,0.8344990853,0.8367276888
A2_cohort_and_labels,original,source,M2,C1,0.5857204347,0.5754317442,0.5955505233,1.0000000000,1.0000000000
A2_cohort_and_labels,original,source,M2,C2,0.5462824874,0.5365193104,0.5559735435,0.8225546110,0.8242562929
A2_cohort_and_labels,original,source,M3,C0,0.1875299422,0.1802183624,0.1951021929,0.7636931023,0.7621281465
A2_cohort_and_labels,original,source,M3,C1,0.1560555923,0.1491019289,0.1629876701,0.8129775100,0.8112128146
A2_cohort_and_labels,original,source,M3,C2,0.2063996800,0.1980662111,0.2140722533,0.7174217153,0.7143020595
A2_cohort_and_labels,original,source,M4,C0,0.2051365527,0.1977839614,0.2128830023,0.7932852685,0.7924485126
A2_cohort_and_labels,original,source,M4,C1,0.1118646690,0.1060444885,0.1174940429,0.8115786076,0.8157894737
A2_cohort_and_labels,original,source,M4,C2,0.1965331492,0.1889419024,0.2039028788,0.7790810287,0.7786041190
A2_cohort_and_labels,original,external,M1,C0,0.0582513480,0.0566326896,0.0597378328,0.7715669974,0.7670401783
A2_cohort_and_labels,original,external,M1,C1,0.0582513480,0.0566326896,0.0597378328,0.7715669974,0.7670401783
A2_cohort_and_labels,original,external,M1,C2,0.0582513480,0.0566326896,0.0597378328,0.7715669974,0.7670401783
A2_cohort_and_labels,original,external,M2,C0,0.0753738481,0.0737372660,0.0769569076,0.8468662308,0.8735529004
A2_cohort_and_labels,original,external,M2,C1,0.0900670564,0.0883345913,0.0917255192,1.0000000000,1.0000000000
A2_cohort_and_labels,original,external,M2,C2,0.0863243835,0.0845814219,0.0880297540,0.8459107905,0.8443323222
A2_cohort_and_labels,original,external,M3,C0,0.0516704241,0.0502804364,0.0530018673,0.7741925777,0.7882127159
A2_cohort_and_labels,original,external,M3,C1,0.0511483649,0.0498150772,0.0524544284,0.8277423772,0.8291339070
A2_cohort_and_labels,original,external,M3,C2,0.0568383823,0.0553156231,0.0582582549,0.7462591124,0.7650591221
A2_cohort_and_labels,original,external,M4,C0,0.0441446472,0.0429487084,0.0454041704,0.7949263860,0.8044635671
A2_cohort_and_labels,original,external,M4,C1,0.0455388407,0.0443756306,0.0467351041,0.7641491691,0.7656782022
A2_cohort_and_labels,original,external,M4,C2,0.0448996256,0.0437067237,0.0460730202,0.7877342522,0.7950845044
A2_cohort_and_labels,evaluable_study,source,M1,C0,0.1415156663,0.1347718280,0.1481161313,0.8067362531,0.8082379863
A2_cohort_and_labels,evaluable_study,source,M1,C1,0.1415156663,0.1347718280,0.1481161313,0.8067362531,0.8082379863
A2_cohort_and_labels,evaluable_study,source,M1,C2,0.1415156663,0.1347718280,0.1481161313,0.8067362531,0.8082379863
A2_cohort_and_labels,evaluable_study,source,M2,C0,0.5132480970,0.5031293517,0.5238917786,0.8344990853,0.8367276888
A2_cohort_and_labels,evaluable_study,source,M2,C1,0.6227803204,0.6128081179,0.6331251653,1.0000000000,1.0000000000
A2_cohort_and_labels,evaluable_study,source,M2,C2,0.5796478808,0.5698198949,0.5893939262,0.8225546110,0.8242562929
A2_cohort_and_labels,evaluable_study,source,M3,C0,0.1998048341,0.1921891393,0.2079144821,0.7636931023,0.7621281465
A2_cohort_and_labels,evaluable_study,source,M3,C1,0.1662905501,0.1589458836,0.1733906362,0.8129775100,0.8112128146
A2_cohort_and_labels,evaluable_study,source,M3,C2,0.2204175343,0.2116747138,0.2283563827,0.7174217153,0.7143020595
A2_cohort_and_labels,evaluable_study,source,M4,C0,0.2183463278,0.2107623436,0.2264257400,0.7932852685,0.7924485126
A2_cohort_and_labels,evaluable_study,source,M4,C1,0.1183286583,0.1121217242,0.1242188753,0.8115786076,0.8157894737
A2_cohort_and_labels,evaluable_study,source,M4,C2,0.2090962528,0.2007530641,0.2169264771,0.7790810287,0.7786041190
A2_cohort_and_labels,evaluable_study,external,M1,C0,0.2410895884,0.2358526595,0.2461871896,0.7715669974,0.7670401783
A2_cohort_and_labels,evaluable_study,external,M1,C1,0.2410895884,0.2358526595,0.2461871896,0.7715669974,0.7670401783
A2_cohort_and_labels,evaluable_study,external,M1,C2,0.2410895884,0.2358526595,0.2461871896,0.7715669974,0.7670401783
A2_cohort_and_labels,evaluable_study,external,M2,C0,0.3006514062,0.2948492738,0.3065490744,0.8468662308,0.8735529004
A2_cohort_and_labels,evaluable_study,external,M2,C1,0.3705808003,0.3648468034,0.3760071274,1.0000000000,1.0000000000
A2_cohort_and_labels,evaluable_study,external,M2,C2,0.3558455842,0.3504027613,0.3616212974,0.8459107905,0.8443323222
A2_cohort_and_labels,evaluable_study,external,M3,C0,0.2088163682,0.2037756908,0.2135010727,0.7741925777,0.7882127159
A2_cohort_and_labels,evaluable_study,external,M3,C1,0.2100966923,0.2053512979,0.2145691450,0.8277423772,0.8291339070
A2_cohort_and_labels,evaluable_study,external,M3,C2,0.2281147165,0.2231343600,0.2329007371,0.7462591124,0.7650591221
A2_cohort_and_labels,evaluable_study,external,M4,C0,0.1794797799,0.1749973823,0.1839005244,0.7949263860,0.8044635671
A2_cohort_and_labels,evaluable_study,external,M4,C1,0.1869953374,0.1825723417,0.1911480546,0.7641491691,0.7656782022
A2_cohort_and_labels,evaluable_study,external,M4,C2,0.1830316126,0.1788149244,0.1873349021,0.7877342522,0.7950845044
A2_cohort_and_labels,cell_micro,source,M1,C0,0.1493840450,0.1429262009,0.1555899094,0.8067362531,0.8082379863
A2_cohort_and_labels,cell_micro,source,M1,C1,0.1493840450,0.1429262009,0.1555899094,0.8067362531,0.8082379863
A2_cohort_and_labels,cell_micro,source,M1,C2,0.1493840450,0.1429262009,0.1555899094,0.8067362531,0.8082379863
A2_cohort_and_labels,cell_micro,source,M2,C0,0.4979024194,0.4884393144,0.5078666532,0.8344990853,0.8367276888
A2_cohort_and_labels,cell_micro,source,M2,C1,0.6057474040,0.5963809943,0.6148987676,1.0000000000,1.0000000000
A2_cohort_and_labels,cell_micro,source,M2,C2,0.5684501087,0.5590740032,0.5775332503,0.8225546110,0.8242562929
A2_cohort_and_labels,cell_micro,source,M3,C0,0.2010558733,0.1936283880,0.2086406465,0.7636931023,0.7621281465
A2_cohort_and_labels,cell_micro,source,M3,C1,0.1688311688,0.1620400962,0.1753715702,0.8129775100,0.8112128146
A2_cohort_and_labels,cell_micro,source,M3,C2,0.2221999197,0.2144565808,0.2297815852,0.7174217153,0.7143020595
A2_cohort_and_labels,cell_micro,source,M4,C0,0.2151752627,0.2081464721,0.2224097805,0.7932852685,0.7924485126
A2_cohort_and_labels,cell_micro,source,M4,C1,0.1167887524,0.1114838604,0.1224820900,0.8115786076,0.8157894737
A2_cohort_and_labels,cell_micro,source,M4,C2,0.2064532235,0.1988450238,0.2141391992,0.7790810287,0.7786041190
A2_cohort_and_labels,cell_micro,external,M1,C0,0.2350927186,0.2301458323,0.2396039030,0.7715669974,0.7670401783
A2_cohort_and_labels,cell_micro,external,M1,C1,0.2350927186,0.2301458323,0.2396039030,0.7715669974,0.7670401783
A2_cohort_and_labels,cell_micro,external,M1,C2,0.2350927186,0.2301458323,0.2396039030,0.7715669974,0.7670401783
A2_cohort_and_labels,cell_micro,external,M2,C0,0.3138208938,0.3078572052,0.3197357502,0.8468662308,0.8735529004
A2_cohort_and_labels,cell_micro,external,M2,C1,0.3905617534,0.3852013266,0.3957593222,1.0000000000,1.0000000000
A2_cohort_and_labels,cell_micro,external,M2,C2,0.3734440641,0.3679816589,0.3792774177,0.8459107905,0.8443323222
A2_cohort_and_labels,cell_micro,external,M3,C0,0.2069174124,0.2021646566,0.2112457092,0.7741925777,0.7882127159
A2_cohort_and_labels,cell_micro,external,M3,C1,0.2071763612,0.2027972002,0.2113558511,0.8277423772,0.8291339070
A2_cohort_and_labels,cell_micro,external,M3,C2,0.2275823538,0.2229682214,0.2320944316,0.7462591124,0.7650591221
A2_cohort_and_labels,cell_micro,external,M4,C0,0.1838780134,0.1796074524,0.1882555886,0.7949263860,0.8044635671
A2_cohort_and_labels,cell_micro,external,M4,C1,0.1830306652,0.1792115982,0.1869571266,0.7641491691,0.7656782022
A2_cohort_and_labels,cell_micro,external,M4,C2,0.1863626035,0.1823254134,0.1903281377,0.7877342522,0.7950845044
A2_cohort_and_labels,pathology_macro,source,M1,C0,0.2023961593,0.1945636948,0.2102608107,0.8067362531,0.8082379863
A2_cohort_and_labels,pathology_macro,source,M1,C1,0.2023961593,0.1945636948,0.2102608107,0.8067362531,0.8082379863
A2_cohort_and_labels,pathology_macro,source,M1,C2,0.2023961593,0.1945636948,0.2102608107,0.8067362531,0.8082379863
A2_cohort_and_labels,pathology_macro,source,M2,C0,0.4612653041,0.4510114430,0.4718713600,0.8344990853,0.8367276888
A2_cohort_and_labels,pathology_macro,source,M2,C1,0.6154568437,0.6061058648,0.6253049164,1.0000000000,1.0000000000
A2_cohort_and_labels,pathology_macro,source,M2,C2,0.5438361049,0.5345590842,0.5534988468,0.8225546110,0.8242562929
A2_cohort_and_labels,pathology_macro,source,M3,C0,0.2179964644,0.2096415502,0.2267677785,0.7636931023,0.7621281465
A2_cohort_and_labels,pathology_macro,source,M3,C1,0.1867863356,0.1791656544,0.1944821836,0.8129775100,0.8112128146
A2_cohort_and_labels,pathology_macro,source,M3,C2,0.2471425881,0.2390540426,0.2554605624,0.7174217153,0.7143020595
A2_cohort_and_labels,pathology_macro,source,M4,C0,0.1867868147,0.1799902655,0.1939454578,0.7932852685,0.7924485126
A2_cohort_and_labels,pathology_macro,source,M4,C1,0.1087375749,0.1034303049,0.1142531365,0.8115786076,0.8157894737
A2_cohort_and_labels,pathology_macro,source,M4,C2,0.1865870401,0.1793735402,0.1944025002,0.7790810287,0.7786041190
A2_cohort_and_labels,pathology_macro,external,M1,C0,0.2793290526,0.2740326830,0.2840776421,0.7715669974,0.7670401783
A2_cohort_and_labels,pathology_macro,external,M1,C1,0.2793290526,0.2740326830,0.2840776421,0.7715669974,0.7670401783
A2_cohort_and_labels,pathology_macro,external,M1,C2,0.2793290526,0.2740326830,0.2840776421,0.7715669974,0.7670401783
A2_cohort_and_labels,pathology_macro,external,M2,C0,0.3220941464,0.3160133381,0.3281127641,0.8468662308,0.8735529004
A2_cohort_and_labels,pathology_macro,external,M2,C1,0.4682645847,0.4639121306,0.4725728730,1.0000000000,1.0000000000
A2_cohort_and_labels,pathology_macro,external,M2,C2,0.4008529615,0.3952477357,0.4067778109,0.8459107905,0.8443323222
A2_cohort_and_labels,pathology_macro,external,M3,C0,0.2348305994,0.2295748837,0.2400388221,0.7741925777,0.7882127159
A2_cohort_and_labels,pathology_macro,external,M3,C1,0.2410000724,0.2360029354,0.2456659123,0.8277423772,0.8291339070
A2_cohort_and_labels,pathology_macro,external,M3,C2,0.2589899787,0.2539179983,0.2641380420,0.7462591124,0.7650591221
A2_cohort_and_labels,pathology_macro,external,M4,C0,0.1748428398,0.1707384982,0.1789350453,0.7949263860,0.8044635671
A2_cohort_and_labels,pathology_macro,external,M4,C1,0.1706051431,0.1667518609,0.1742170704,0.7641491691,0.7656782022
A2_cohort_and_labels,pathology_macro,external,M4,C2,0.1790767161,0.1751258587,0.1829928626,0.7877342522,0.7950845044
A3_published_S1,original,source,M1,C0,0.1212078273,0.1152162558,0.1271755854,0.7973743678,0.7990846682
A3_published_S1,original,source,M1,C1,0.1212078273,0.1152162558,0.1271755854,0.7973743678,0.7990846682
A3_published_S1,original,source,M1,C2,0.1212078273,0.1152162558,0.1271755854,0.7973743678,0.7990846682
A3_published_S1,original,source,M2,C0,0.3255229374,0.3173828775,0.3340335665,0.7990960938,0.8024027460
A3_published_S1,original,source,M2,C1,0.2290559202,0.2171922389,0.2406288128,1.0000000000,1.0000000000
A3_published_S1,original,source,M2,C2,0.4009336621,0.3915927462,0.4095984486,0.7856451092,0.7872997712
A3_published_S1,original,source,M3,C0,0.1892234976,0.1819287741,0.1966919076,0.7968363284,0.7951945080
A3_published_S1,original,source,M3,C1,0.1535498168,0.1465294613,0.1601424877,0.8417088131,0.8399313501
A3_published_S1,original,source,M3,C2,0.2141967354,0.2057981618,0.2219230859,0.7515334122,0.7483981693
A3_published_S1,original,source,M4,C0,0.1477764233,0.1411647154,0.1547103288,0.7944689551,0.7937070938
A3_published_S1,original,source,M4,C1,0.0991866155,0.0936832984,0.1047445787,0.8136231572,0.8177345538
A3_published_S1,original,source,M4,C2,0.1471230296,0.1405139351,0.1538327550,0.7804799311,0.7799771167
A3_published_S1,original,external,M1,C0,0.0540466943,0.0525212330,0.0555423110,0.7592816894,0.7547514394
A3_published_S1,original,external,M1,C1,0.0540466943,0.0525212330,0.0555423110,0.7592816894,0.7547514394
A3_published_S1,original,external,M1,C2,0.0540466943,0.0525212330,0.0555423110,0.7592816894,0.7547514394
A3_published_S1,original,external,M2,C0,0.0870300787,0.0851741881,0.0889381624,0.8128766278,0.8450133102
A3_published_S1,original,external,M2,C1,0.1492683734,0.1460010198,0.1524926358,1.0000000000,1.0000000000
A3_published_S1,original,external,M2,C2,0.1058546870,0.1036443057,0.1081251907,0.8117857707,0.8098805176
A3_published_S1,original,external,M3,C0,0.0568288076,0.0554802936,0.0582217355,0.8045560212,0.8174023401
A3_published_S1,original,external,M3,C1,0.0551347335,0.0537386106,0.0564479830,0.8539379942,0.8545780969
A3_published_S1,original,external,M3,C2,0.0640181316,0.0623950396,0.0655223880,0.7783904968,0.7964464805
A3_published_S1,original,external,M4,C0,0.0398616176,0.0387531669,0.0409349274,0.7962655071,0.8058255432
A3_published_S1,original,external,M4,C1,0.0537620199,0.0522752941,0.0551173471,0.7656763690,0.7671639943
A3_published_S1,original,external,M4,C2,0.0433171282,0.0421289591,0.0444780392,0.7892163132,0.7963536185
A3_published_S1,evaluable_study,source,M1,C0,0.1286010882,0.1221999431,0.1348869454,0.7973743678,0.7990846682
A3_published_S1,evaluable_study,source,M1,C1,0.1286010882,0.1221999431,0.1348869454,0.7973743678,0.7990846682
A3_published_S1,evaluable_study,source,M1,C2,0.1286010882,0.1221999431,0.1348869454,0.7973743678,0.7990846682
A3_published_S1,evaluable_study,source,M2,C0,0.3446931888,0.3360013057,0.3537639390,0.7990960938,0.8024027460
A3_published_S1,evaluable_study,source,M2,C1,0.2435488177,0.2312260065,0.2559197882,1.0000000000,1.0000000000
A3_published_S1,evaluable_study,source,M2,C2,0.4254057065,0.4161630463,0.4342253778,0.7856451092,0.7872997712
A3_published_S1,evaluable_study,source,M3,C0,0.2016115108,0.1938441783,0.2096179995,0.7968363284,0.7951945080
A3_published_S1,evaluable_study,source,M3,C1,0.1636107706,0.1562115055,0.1707149177,0.8417088131,0.8399313501
A3_published_S1,evaluable_study,source,M3,C2,0.2287035621,0.2200129517,0.2368609222,0.7515334122,0.7483981693
A3_published_S1,evaluable_study,source,M4,C0,0.1572774014,0.1501501599,0.1646392090,0.7944689551,0.7937070938
A3_published_S1,evaluable_study,source,M4,C1,0.1049321394,0.0990379062,0.1108620757,0.8136231572,0.8177345538
A3_published_S1,evaluable_study,source,M4,C2,0.1565326879,0.1495272888,0.1636752311,0.7804799311,0.7799771167
A3_published_S1,evaluable_study,external,M1,C0,0.2237098252,0.2185176935,0.2286560078,0.7592816894,0.7547514394
A3_published_S1,evaluable_study,external,M1,C1,0.2237098252,0.2185176935,0.2286560078,0.7592816894,0.7547514394
A3_published_S1,evaluable_study,external,M1,C2,0.2237098252,0.2185176935,0.2286560078,0.7592816894,0.7547514394
A3_published_S1,evaluable_study,external,M2,C0,0.3444668303,0.3387933288,0.3503155507,0.8128766278,0.8450133102
A3_published_S1,evaluable_study,external,M2,C1,0.6141645515,0.6078889345,0.6203316443,1.0000000000,1.0000000000
A3_published_S1,evaluable_study,external,M2,C2,0.4365635988,0.4314131401,0.4417378189,0.8117857707,0.8098805176
A3_published_S1,evaluable_study,external,M3,C0,0.2301473094,0.2251724687,0.2350867774,0.8045560212,0.8174023401
A3_published_S1,evaluable_study,external,M3,C1,0.2266818796,0.2216145909,0.2313748530,0.8539379942,0.8545780969
A3_published_S1,evaluable_study,external,M3,C2,0.2574310144,0.2524603970,0.2620870168,0.7783904968,0.7964464805
A3_published_S1,evaluable_study,external,M4,C0,0.1620648152,0.1579956001,0.1661311935,0.7962655071,0.8058255432
A3_published_S1,evaluable_study,external,M4,C1,0.2207748278,0.2161492480,0.2253158873,0.7656763690,0.7671639943
A3_published_S1,evaluable_study,external,M4,C2,0.1766309066,0.1723742825,0.1805747570,0.7892163132,0.7963536185
A3_published_S1,cell_micro,source,M1,C0,0.1366715046,0.1305325748,0.1428755727,0.7973743678,0.7990846682
A3_published_S1,cell_micro,source,M1,C1,0.1366715046,0.1305325748,0.1428755727,0.7973743678,0.7990846682
A3_published_S1,cell_micro,source,M1,C2,0.1366715046,0.1305325748,0.1428755727,0.7973743678,0.7990846682
A3_published_S1,cell_micro,source,M2,C0,0.3426828539,0.3345257976,0.3504078933,0.7990960938,0.8024027460
A3_published_S1,cell_micro,source,M2,C1,0.2417773485,0.2300449232,0.2537608588,1.0000000000,1.0000000000
A3_published_S1,cell_micro,source,M2,C2,0.4258004926,0.4169664576,0.4342001548,0.7856451092,0.7872997712
A3_published_S1,cell_micro,source,M3,C0,0.2046593035,0.1973274399,0.2120111575,0.7968363284,0.7951945080
A3_published_S1,cell_micro,source,M3,C1,0.1672775169,0.1605421286,0.1739331025,0.8417088131,0.8399313501
A3_published_S1,cell_micro,source,M3,C2,0.2336376987,0.2254458294,0.2410921138,0.7515334122,0.7483981693
A3_published_S1,cell_micro,source,M4,C0,0.1616817327,0.1550769343,0.1683556091,0.7944689551,0.7937070938
A3_published_S1,cell_micro,source,M4,C1,0.1068481848,0.1012680656,0.1122173177,0.8136231572,0.8177345538
A3_published_S1,cell_micro,source,M4,C2,0.1620880832,0.1555654499,0.1690230345,0.7804799311,0.7799771167
A3_published_S1,cell_micro,external,M1,C0,0.2169650377,0.2123040589,0.2212813458,0.7592816894,0.7547514394
A3_published_S1,cell_micro,external,M1,C1,0.2169650377,0.2123040589,0.2212813458,0.7592816894,0.7547514394
A3_published_S1,cell_micro,external,M1,C2,0.2169650377,0.2123040589,0.2212813458,0.7592816894,0.7547514394
A3_published_S1,cell_micro,external,M2,C0,0.3504026390,0.3449829721,0.3558421306,0.8128766278,0.8450133102
A3_published_S1,cell_micro,external,M2,C1,0.5873893441,0.5811668755,0.5937826362,1.0000000000,1.0000000000
A3_published_S1,cell_micro,external,M2,C2,0.4412247795,0.4364418160,0.4460706643,0.8117857707,0.8098805176
A3_published_S1,cell_micro,external,M3,C0,0.2299250266,0.2252874118,0.2344290580,0.8045560212,0.8174023401
A3_published_S1,cell_micro,external,M3,C1,0.2249457326,0.2202940152,0.2291829427,0.8539379942,0.8545780969
A3_published_S1,cell_micro,external,M3,C2,0.2602589785,0.2555045930,0.2646681699,0.7783904968,0.7964464805
A3_published_S1,cell_micro,external,M4,C0,0.1627750611,0.1588975945,0.1665524235,0.7962655071,0.8058255432
A3_published_S1,cell_micro,external,M4,C1,0.2076480614,0.2036201134,0.2114642981,0.7656763690,0.7671639943
A3_published_S1,cell_micro,external,M4,C2,0.1765288233,0.1727118423,0.1802466544,0.7892163132,0.7963536185
A3_published_S1,pathology_macro,source,M1,C0,0.1703800311,0.1628177792,0.1782867963,0.7973743678,0.7990846682
A3_published_S1,pathology_macro,source,M1,C1,0.1703800311,0.1628177792,0.1782867963,0.7973743678,0.7990846682
A3_published_S1,pathology_macro,source,M1,C2,0.1703800311,0.1628177792,0.1782867963,0.7973743678,0.7990846682
A3_published_S1,pathology_macro,source,M2,C0,0.3043906154,0.2963653889,0.3122256378,0.7990960938,0.8024027460
A3_published_S1,pathology_macro,source,M2,C1,0.2138483739,0.2029210494,0.2246440335,1.0000000000,1.0000000000
A3_published_S1,pathology_macro,source,M2,C2,0.3869132590,0.3783456047,0.3951855537,0.7856451092,0.7872997712
A3_published_S1,pathology_macro,source,M3,C0,0.2318237889,0.2237827445,0.2402441762,0.7968363284,0.7951945080
A3_published_S1,pathology_macro,source,M3,C1,0.1955652899,0.1879020683,0.2033321102,0.8417088131,0.8399313501
A3_published_S1,pathology_macro,source,M3,C2,0.2707381819,0.2625012246,0.2790117306,0.7515334122,0.7483981693
A3_published_S1,pathology_macro,source,M4,C0,0.1574830526,0.1505786035,0.1646700924,0.7944689551,0.7937070938
A3_published_S1,pathology_macro,source,M4,C1,0.0982340708,0.0926010512,0.1034655495,0.8136231572,0.8177345538
A3_published_S1,pathology_macro,source,M4,C2,0.1641396896,0.1570937226,0.1715201739,0.7804799311,0.7799771167
A3_published_S1,pathology_macro,external,M1,C0,0.2467319761,0.2414127681,0.2514430378,0.7592816894,0.7547514394
A3_published_S1,pathology_macro,external,M1,C1,0.2467319761,0.2414127681,0.2514430378,0.7592816894,0.7547514394
A3_published_S1,pathology_macro,external,M1,C2,0.2467319761,0.2414127681,0.2514430378,0.7592816894,0.7547514394
A3_published_S1,pathology_macro,external,M2,C0,0.3181395815,0.3132533894,0.3234135405,0.8128766278,0.8450133102
A3_published_S1,pathology_macro,external,M2,C1,0.4899648417,0.4845615608,0.4954179685,1.0000000000,1.0000000000
A3_published_S1,pathology_macro,external,M2,C2,0.3998255660,0.3952636643,0.4044869920,0.8117857707,0.8098805176
A3_published_S1,pathology_macro,external,M3,C0,0.2704528394,0.2647921231,0.2758367416,0.8045560212,0.8174023401
A3_published_S1,pathology_macro,external,M3,C1,0.2668442159,0.2619052012,0.2716091242,0.8539379942,0.8545780969
A3_published_S1,pathology_macro,external,M3,C2,0.3069053314,0.3013086104,0.3122569140,0.7783904968,0.7964464805
A3_published_S1,pathology_macro,external,M4,C0,0.1584334298,0.1542720915,0.1624620557,0.7962655071,0.8058255432
A3_published_S1,pathology_macro,external,M4,C1,0.1697690820,0.1661755468,0.1731655543,0.7656763690,0.7671639943
A3_published_S1,pathology_macro,external,M4,C2,0.1729659371,0.1689665582,0.1770458208,0.7892163132,0.7963536185
B2_labels_and_thresholds_on_primary_cohort,original,source,M1,C0,0.0774333994,0.0733990351,0.0814439304,0.7855207910,0.7990846682
B2_labels_and_thresholds_on_primary_cohort,original,source,M1,C1,0.0774333994,0.0733990351,0.0814439304,0.7855207910,0.7990846682
B2_labels_and_thresholds_on_primary_cohort,original,source,M1,C2,0.0774333994,0.0733990351,0.0814439304,0.7855207910,0.7990846682
B2_labels_and_thresholds_on_primary_cohort,original,source,M2,C0,0.2149122807,0.2078166569,0.2222705457,0.7617499661,0.8024027460
B2_labels_and_thresholds_on_primary_cohort,original,source,M2,C1,0.1441566211,0.1370972785,0.1512899415,1.0000000000,1.0000000000
B2_labels_and_thresholds_on_primary_cohort,original,source,M2,C2,0.2528790352,0.2451268031,0.2611514100,0.7468508736,0.7556064073
B2_labels_and_thresholds_on_primary_cohort,original,source,M3,C0,0.1147489968,0.1097716140,0.1199638422,0.8269673574,0.7951945080
B2_labels_and_thresholds_on_primary_cohort,original,source,M3,C1,0.0957025232,0.0913338949,0.1003652511,0.8499255045,0.8399313501
B2_labels_and_thresholds_on_primary_cohort,original,source,M3,C2,0.1398607177,0.1341886477,0.1456146003,0.7650006772,0.7463386728
B2_labels_and_thresholds_on_primary_cohort,original,source,M4,C0,0.0922493729,0.0876963246,0.0969729110,0.8009616687,0.7937070938
B2_labels_and_thresholds_on_primary_cohort,original,source,M4,C1,0.0629522371,0.0592267815,0.0667266926,0.8067858594,0.8177345538
B2_labels_and_thresholds_on_primary_cohort,original,source,M4,C2,0.0925808570,0.0881786751,0.0969882171,0.7908031965,0.7929061785
B2_labels_and_thresholds_on_primary_cohort,original,external,M1,C0,0.0540466943,0.0525212330,0.0555423110,0.7592816894,0.7547514394
B2_labels_and_thresholds_on_primary_cohort,original,external,M1,C1,0.0540466943,0.0525212330,0.0555423110,0.7592816894,0.7547514394
B2_labels_and_thresholds_on_primary_cohort,original,external,M1,C2,0.0540466943,0.0525212330,0.0555423110,0.7592816894,0.7547514394
B2_labels_and_thresholds_on_primary_cohort,original,external,M2,C0,0.0870300787,0.0851741881,0.0889381624,0.8128766278,0.8450133102
B2_labels_and_thresholds_on_primary_cohort,original,external,M2,C1,0.1492683734,0.1460010198,0.1524926358,1.0000000000,1.0000000000
B2_labels_and_thresholds_on_primary_cohort,original,external,M2,C2,0.1058546870,0.1036443057,0.1081251907,0.8117857707,0.8098805176
B2_labels_and_thresholds_on_primary_cohort,original,external,M3,C0,0.0568288076,0.0554802936,0.0582217355,0.8045560212,0.8174023401
B2_labels_and_thresholds_on_primary_cohort,original,external,M3,C1,0.0551347335,0.0537386106,0.0564479830,0.8539379942,0.8545780969
B2_labels_and_thresholds_on_primary_cohort,original,external,M3,C2,0.0640181316,0.0623950396,0.0655223880,0.7783904968,0.7964464805
B2_labels_and_thresholds_on_primary_cohort,original,external,M4,C0,0.0398616176,0.0387531669,0.0409349274,0.7962655071,0.8058255432
B2_labels_and_thresholds_on_primary_cohort,original,external,M4,C1,0.0537620199,0.0522752941,0.0551173471,0.7656763690,0.7671639943
B2_labels_and_thresholds_on_primary_cohort,original,external,M4,C2,0.0433171282,0.0421289591,0.0444780392,0.7892163132,0.7963536185
B2_labels_and_thresholds_on_primary_cohort,evaluable_study,source,M1,C0,0.1286010882,0.1220751997,0.1353410379,0.7855207910,0.7990846682
B2_labels_and_thresholds_on_primary_cohort,evaluable_study,source,M1,C1,0.1286010882,0.1220751997,0.1353410379,0.7855207910,0.7990846682
B2_labels_and_thresholds_on_primary_cohort,evaluable_study,source,M1,C2,0.1286010882,0.1220751997,0.1353410379,0.7855207910,0.7990846682
B2_labels_and_thresholds_on_primary_cohort,evaluable_study,source,M2,C0,0.3446931888,0.3355397784,0.3537677257,0.7617499661,0.8024027460
B2_labels_and_thresholds_on_primary_cohort,evaluable_study,source,M2,C1,0.2435488177,0.2311558066,0.2564196947,1.0000000000,1.0000000000
B2_labels_and_thresholds_on_primary_cohort,evaluable_study,source,M2,C2,0.4222819503,0.4131637369,0.4319552034,0.7468508736,0.7556064073
B2_labels_and_thresholds_on_primary_cohort,evaluable_study,source,M3,C0,0.2016115108,0.1937121579,0.2099832296,0.8269673574,0.7951945080
B2_labels_and_thresholds_on_primary_cohort,evaluable_study,source,M3,C1,0.1636107706,0.1567812883,0.1709131825,0.8499255045,0.8399313501
B2_labels_and_thresholds_on_primary_cohort,evaluable_study,source,M3,C2,0.2421993970,0.2339430496,0.2505056032,0.7650006772,0.7463386728
B2_labels_and_thresholds_on_primary_cohort,evaluable_study,source,M4,C0,0.1572774014,0.1501643297,0.1648766747,0.8009616687,0.7937070938
B2_labels_and_thresholds_on_primary_cohort,evaluable_study,source,M4,C1,0.1049321394,0.0988728866,0.1111122795,0.8067858594,0.8177345538
B2_labels_and_thresholds_on_primary_cohort,evaluable_study,source,M4,C2,0.1559980760,0.1492093262,0.1632074538,0.7908031965,0.7929061785
B2_labels_and_thresholds_on_primary_cohort,evaluable_study,external,M1,C0,0.2237098252,0.2185176935,0.2286560078,0.7592816894,0.7547514394
B2_labels_and_thresholds_on_primary_cohort,evaluable_study,external,M1,C1,0.2237098252,0.2185176935,0.2286560078,0.7592816894,0.7547514394
B2_labels_and_thresholds_on_primary_cohort,evaluable_study,external,M1,C2,0.2237098252,0.2185176935,0.2286560078,0.7592816894,0.7547514394
B2_labels_and_thresholds_on_primary_cohort,evaluable_study,external,M2,C0,0.3444668303,0.3387933288,0.3503155507,0.8128766278,0.8450133102
B2_labels_and_thresholds_on_primary_cohort,evaluable_study,external,M2,C1,0.6141645515,0.6078889345,0.6203316443,1.0000000000,1.0000000000
B2_labels_and_thresholds_on_primary_cohort,evaluable_study,external,M2,C2,0.4365635988,0.4314131401,0.4417378189,0.8117857707,0.8098805176
B2_labels_and_thresholds_on_primary_cohort,evaluable_study,external,M3,C0,0.2301473094,0.2251724687,0.2350867774,0.8045560212,0.8174023401
B2_labels_and_thresholds_on_primary_cohort,evaluable_study,external,M3,C1,0.2266818796,0.2216145909,0.2313748530,0.8539379942,0.8545780969
B2_labels_and_thresholds_on_primary_cohort,evaluable_study,external,M3,C2,0.2574310144,0.2524603970,0.2620870168,0.7783904968,0.7964464805
B2_labels_and_thresholds_on_primary_cohort,evaluable_study,external,M4,C0,0.1620648152,0.1579956001,0.1661311935,0.7962655071,0.8058255432
B2_labels_and_thresholds_on_primary_cohort,evaluable_study,external,M4,C1,0.2207748278,0.2161492480,0.2253158873,0.7656763690,0.7671639943
B2_labels_and_thresholds_on_primary_cohort,evaluable_study,external,M4,C2,0.1766309066,0.1723742825,0.1805747570,0.7892163132,0.7963536185
B2_labels_and_thresholds_on_primary_cohort,cell_micro,source,M1,C0,0.1366715046,0.1305809582,0.1431968898,0.7855207910,0.7990846682
B2_labels_and_thresholds_on_primary_cohort,cell_micro,source,M1,C1,0.1366715046,0.1305809582,0.1431968898,0.7855207910,0.7990846682
B2_labels_and_thresholds_on_primary_cohort,cell_micro,source,M1,C2,0.1366715046,0.1305809582,0.1431968898,0.7855207910,0.7990846682
B2_labels_and_thresholds_on_primary_cohort,cell_micro,source,M2,C0,0.3426828539,0.3343122310,0.3509875893,0.7617499661,0.8024027460
B2_labels_and_thresholds_on_primary_cohort,cell_micro,source,M2,C1,0.2417773485,0.2300080897,0.2540326141,1.0000000000,1.0000000000
B2_labels_and_thresholds_on_primary_cohort,cell_micro,source,M2,C2,0.4230522398,0.4146163969,0.4320811806,0.7468508736,0.7556064073
B2_labels_and_thresholds_on_primary_cohort,cell_micro,source,M3,C0,0.2046593035,0.1974635873,0.2123171471,0.8269673574,0.7951945080
B2_labels_and_thresholds_on_primary_cohort,cell_micro,source,M3,C1,0.1672775169,0.1609095779,0.1744075613,0.8499255045,0.8399313501
B2_labels_and_thresholds_on_primary_cohort,cell_micro,source,M3,C2,0.2492256066,0.2416946645,0.2570376664,0.7650006772,0.7463386728
B2_labels_and_thresholds_on_primary_cohort,cell_micro,source,M4,C0,0.1616817327,0.1550814780,0.1687753480,0.8009616687,0.7937070938
B2_labels_and_thresholds_on_primary_cohort,cell_micro,source,M4,C1,0.1068481848,0.1012178548,0.1126248309,0.8067858594,0.8177345538
B2_labels_and_thresholds_on_primary_cohort,cell_micro,source,M4,C2,0.1628219212,0.1561737136,0.1695658739,0.7908031965,0.7929061785
B2_labels_and_thresholds_on_primary_cohort,cell_micro,external,M1,C0,0.2169650377,0.2123040589,0.2212813458,0.7592816894,0.7547514394
B2_labels_and_thresholds_on_primary_cohort,cell_micro,external,M1,C1,0.2169650377,0.2123040589,0.2212813458,0.7592816894,0.7547514394
B2_labels_and_thresholds_on_primary_cohort,cell_micro,external,M1,C2,0.2169650377,0.2123040589,0.2212813458,0.7592816894,0.7547514394
B2_labels_and_thresholds_on_primary_cohort,cell_micro,external,M2,C0,0.3504026390,0.3449829721,0.3558421306,0.8128766278,0.8450133102
B2_labels_and_thresholds_on_primary_cohort,cell_micro,external,M2,C1,0.5873893441,0.5811668755,0.5937826362,1.0000000000,1.0000000000
B2_labels_and_thresholds_on_primary_cohort,cell_micro,external,M2,C2,0.4412247795,0.4364418160,0.4460706643,0.8117857707,0.8098805176
B2_labels_and_thresholds_on_primary_cohort,cell_micro,external,M3,C0,0.2299250266,0.2252874118,0.2344290580,0.8045560212,0.8174023401
B2_labels_and_thresholds_on_primary_cohort,cell_micro,external,M3,C1,0.2249457326,0.2202940152,0.2291829427,0.8539379942,0.8545780969
B2_labels_and_thresholds_on_primary_cohort,cell_micro,external,M3,C2,0.2602589785,0.2555045930,0.2646681699,0.7783904968,0.7964464805
B2_labels_and_thresholds_on_primary_cohort,cell_micro,external,M4,C0,0.1627750611,0.1588975945,0.1665524235,0.7962655071,0.8058255432
B2_labels_and_thresholds_on_primary_cohort,cell_micro,external,M4,C1,0.2076480614,0.2036201134,0.2114642981,0.7656763690,0.7671639943
B2_labels_and_thresholds_on_primary_cohort,cell_micro,external,M4,C2,0.1765288233,0.1727118423,0.1802466544,0.7892163132,0.7963536185
B2_labels_and_thresholds_on_primary_cohort,pathology_macro,source,M1,C0,0.1703800311,0.1630144797,0.1777127869,0.7855207910,0.7990846682
B2_labels_and_thresholds_on_primary_cohort,pathology_macro,source,M1,C1,0.1703800311,0.1630144797,0.1777127869,0.7855207910,0.7990846682
B2_labels_and_thresholds_on_primary_cohort,pathology_macro,source,M1,C2,0.1703800311,0.1630144797,0.1777127869,0.7855207910,0.7990846682
B2_labels_and_thresholds_on_primary_cohort,pathology_macro,source,M2,C0,0.3043906154,0.2967146347,0.3128815267,0.7617499661,0.8024027460
B2_labels_and_thresholds_on_primary_cohort,pathology_macro,source,M2,C1,0.2138483739,0.2033428356,0.2246869011,1.0000000000,1.0000000000
B2_labels_and_thresholds_on_primary_cohort,pathology_macro,source,M2,C2,0.3908893759,0.3825255701,0.4002563059,0.7468508736,0.7556064073
B2_labels_and_thresholds_on_primary_cohort,pathology_macro,source,M3,C0,0.2318237889,0.2237606708,0.2399981769,0.8269673574,0.7951945080
B2_labels_and_thresholds_on_primary_cohort,pathology_macro,source,M3,C1,0.1955652899,0.1885534942,0.2037256730,0.8499255045,0.8399313501
B2_labels_and_thresholds_on_primary_cohort,pathology_macro,source,M3,C2,0.2914995867,0.2834722867,0.3002619901,0.7650006772,0.7463386728
B2_labels_and_thresholds_on_primary_cohort,pathology_macro,source,M4,C0,0.1574830526,0.1508424261,0.1647896174,0.8009616687,0.7937070938
B2_labels_and_thresholds_on_primary_cohort,pathology_macro,source,M4,C1,0.0982340708,0.0928885946,0.1035990065,0.8067858594,0.8177345538
B2_labels_and_thresholds_on_primary_cohort,pathology_macro,source,M4,C2,0.1677719035,0.1608422740,0.1751038967,0.7908031965,0.7929061785
B2_labels_and_thresholds_on_primary_cohort,pathology_macro,external,M1,C0,0.2467319761,0.2414127681,0.2514430378,0.7592816894,0.7547514394
B2_labels_and_thresholds_on_primary_cohort,pathology_macro,external,M1,C1,0.2467319761,0.2414127681,0.2514430378,0.7592816894,0.7547514394
B2_labels_and_thresholds_on_primary_cohort,pathology_macro,external,M1,C2,0.2467319761,0.2414127681,0.2514430378,0.7592816894,0.7547514394
B2_labels_and_thresholds_on_primary_cohort,pathology_macro,external,M2,C0,0.3181395815,0.3132533894,0.3234135405,0.8128766278,0.8450133102
B2_labels_and_thresholds_on_primary_cohort,pathology_macro,external,M2,C1,0.4899648417,0.4845615608,0.4954179685,1.0000000000,1.0000000000
B2_labels_and_thresholds_on_primary_cohort,pathology_macro,external,M2,C2,0.3998255660,0.3952636643,0.4044869920,0.8117857707,0.8098805176
B2_labels_and_thresholds_on_primary_cohort,pathology_macro,external,M3,C0,0.2704528394,0.2647921231,0.2758367416,0.8045560212,0.8174023401
B2_labels_and_thresholds_on_primary_cohort,pathology_macro,external,M3,C1,0.2668442159,0.2619052012,0.2716091242,0.8539379942,0.8545780969
B2_labels_and_thresholds_on_primary_cohort,pathology_macro,external,M3,C2,0.3069053314,0.3013086104,0.3122569140,0.7783904968,0.7964464805
B2_labels_and_thresholds_on_primary_cohort,pathology_macro,external,M4,C0,0.1584334298,0.1542720915,0.1624620557,0.7962655071,0.8058255432
B2_labels_and_thresholds_on_primary_cohort,pathology_macro,external,M4,C1,0.1697690820,0.1661755468,0.1731655543,0.7656763690,0.7671639943
B2_labels_and_thresholds_on_primary_cohort,pathology_macro,external,M4,C2,0.1729659371,0.1689665582,0.1770458208,0.7892163132,0.7963536185
