site,label_source,scope,pathology,studies,positive,negative,uncertain,unmentioned,labelled_fraction,positive_rate_among_labelled,positive_rate_unmentioned_as_negative
source,impression,all_eligible,Cardiomegaly,14766,2220,1013,550,10983,0.2189489367,0.6866687287,0.1561620709
source,impression,all_eligible,Edema,14766,1946,1452,688,10680,0.2301232561,0.5726898175,0.1382298622
source,impression,all_eligible,Consolidation,14766,658,551,273,13284,0.0818772857,0.5442514475,0.0454012282
source,impression,all_eligible,Atelectasis,14766,2685,64,701,11316,0.1861709332,0.9767188068,0.1908993957
source,impression,all_eligible,Pleural Effusion,14766,3287,1302,413,9764,0.3107815251,0.7162780562,0.2290113565
source,impression,accepted_M1_C0,Cardiomegaly,11748,1748,782,415,8803,0.2153558052,0.6909090909,0.1542398306
source,impression,accepted_M1_C0,Edema,11748,1586,1143,521,8498,0.2322948587,0.5811652620,0.1412665895
source,impression,accepted_M1_C0,Consolidation,11748,513,461,210,10564,0.0829077290,0.5266940452,0.0444617785
source,impression,accepted_M1_C0,Atelectasis,11748,2018,42,517,9171,0.1753489956,0.9796116505,0.1796812394
source,impression,accepted_M1_C0,Pleural Effusion,11748,2571,1050,295,7832,0.3082226762,0.7100248550,0.2244826683
source,impression,accepted_M2_C0,Cardiomegaly,11854,1733,746,417,8958,0.2091277206,0.6990722065,0.1515257498
source,impression,accepted_M2_C0,Edema,11854,1563,1129,542,8620,0.2270963388,0.5806092125,0.1381718529
source,impression,accepted_M2_C0,Consolidation,11854,493,445,222,10694,0.0791294078,0.5255863539,0.0423830812
source,impression,accepted_M2_C0,Atelectasis,11854,2128,46,564,9116,0.1833980091,0.9788408464,0.1884853853
source,impression,accepted_M2_C0,Pleural Effusion,11854,2576,978,310,7990,0.2998144086,0.7248171075,0.2231462231
source,impression,accepted_M3_C0,Cardiomegaly,11783,1951,865,485,8482,0.2389883731,0.6928267045,0.1726854310
source,impression,accepted_M3_C0,Edema,11783,1790,1229,596,8168,0.2562165832,0.5929115601,0.1600071512
source,impression,accepted_M3_C0,Consolidation,11783,592,437,230,10524,0.0873292031,0.5753158406,0.0512421016
source,impression,accepted_M3_C0,Atelectasis,11783,2307,50,593,8833,0.2000339472,0.9787865931,0.2061662198
source,impression,accepted_M3_C0,Pleural Effusion,11783,2944,1084,362,7393,0.3418484257,0.7308838133,0.2577707731
source,impression,accepted_M4_C0,Cardiomegaly,11810,1830,802,444,8734,0.2228619814,0.6952887538,0.1610065106
source,impression,accepted_M4_C0,Edema,11810,1604,1200,555,8451,0.2374259102,0.5720399429,0.1425144380
source,impression,accepted_M4_C0,Consolidation,11810,527,440,222,10621,0.0818797629,0.5449844881,0.0454780808
source,impression,accepted_M4_C0,Atelectasis,11810,2158,50,570,9032,0.1869602032,0.9773550725,0.1919928826
source,impression,accepted_M4_C0,Pleural Effusion,11810,2713,1076,309,7712,0.3208298052,0.7160200581,0.2358925311
source,findings,all_eligible,Cardiomegaly,9293,2065,2926,313,3989,0.5370709136,0.4137447405,0.2299554566
source,findings,all_eligible,Edema,9293,822,1629,423,6419,0.2637469063,0.3353733170,0.0926719278
source,findings,all_eligible,Consolidation,9293,271,3428,263,5331,0.3980415366,0.0732630441,0.0300110742
source,findings,all_eligible,Atelectasis,9293,1893,14,496,6890,0.2052082212,0.9926586261,0.2151869956
source,findings,all_eligible,Pleural Effusion,9293,1834,5823,285,1351,0.8239535134,0.2395193940,0.2035968028
external,impression,all_eligible,Cardiomegaly,132923,18343,8340,2268,103972,0.2007402782,0.6874414421,0.1403926371
external,impression,all_eligible,Edema,132923,31922,12038,7683,81280,0.3307177840,0.7261601456,0.2548866177
external,impression,all_eligible,Consolidation,132923,8369,16748,16224,91582,0.1889590214,0.3332006211,0.0717144106
external,impression,all_eligible,Atelectasis,132923,19431,416,21462,91614,0.1493120077,0.9790396533,0.1743300347
external,impression,all_eligible,Pleural Effusion,132923,56047,20069,4204,52603,0.5726322758,0.7363366441,0.4354213442
external,impression,accepted_M1_C0,Cardiomegaly,102559,14346,6999,1784,79430,0.2081241042,0.6721011947,0.1423567353
external,impression,accepted_M1_C0,Edema,102559,24083,9857,5773,62846,0.3309314638,0.7095757219,0.2488273097
external,impression,accepted_M1_C0,Consolidation,102559,6316,14296,12128,69819,0.2009769986,0.3064234427,0.0698433059
external,impression,accepted_M1_C0,Atelectasis,102559,14590,365,16000,71604,0.1458185045,0.9755934470,0.1685555517
external,impression,accepted_M1_C0,Pleural Effusion,102559,42395,17147,3105,39912,0.5805633830,0.7120184072,0.4262774750
external,impression,accepted_M2_C0,Cardiomegaly,112568,15561,7004,1938,88065,0.2004566129,0.6896077997,0.1406580494
external,impression,accepted_M2_C0,Edema,112568,27496,9997,6569,68506,0.3330697889,0.7333635612,0.2593986736
external,impression,accepted_M2_C0,Consolidation,112568,7240,13973,13901,77454,0.1884460948,0.3413001461,0.0733781305
external,impression,accepted_M2_C0,Atelectasis,112568,16470,354,18417,77327,0.1494563286,0.9789586305,0.1749317586
external,impression,accepted_M2_C0,Pleural Effusion,112568,47836,16682,3496,44554,0.5731468979,0.7414364983,0.4385726859
external,impression,accepted_M3_C0,Cardiomegaly,102908,15336,5410,1730,80432,0.2015975434,0.7392268389,0.1515744529
external,impression,accepted_M3_C0,Edema,102908,27746,8374,6446,60342,0.3509931201,0.7681616833,0.2876365823
external,impression,accepted_M3_C0,Consolidation,102908,7278,10807,13268,71555,0.1757394955,0.4024329555,0.0811914324
external,impression,accepted_M3_C0,Atelectasis,102908,15032,252,17374,70250,0.1485210091,0.9835121696,0.1757429794
external,impression,accepted_M3_C0,Pleural Effusion,102908,48332,12861,3313,38402,0.5946379290,0.7898289020,0.4852854059
external,impression,accepted_M4_C0,Cardiomegaly,105664,14999,6242,1812,82611,0.2010240006,0.7061343628,0.1444266841
external,impression,accepted_M4_C0,Edema,105664,26853,9184,6372,63255,0.3410527710,0.7451508172,0.2704447488
external,impression,accepted_M4_C0,Consolidation,105664,6982,12640,13064,72978,0.1857018474,0.3558250943,0.0753995680
external,impression,accepted_M4_C0,Atelectasis,105664,15270,327,17337,72730,0.1476094034,0.9790344297,0.1728803197
external,impression,accepted_M4_C0,Pleural Effusion,105664,46651,15051,3323,40639,0.5839453362,0.7560694953,0.4558388134
external,findings,all_eligible,Cardiomegaly,132923,7277,6337,1037,118272,0.1024201982,0.5345232849,0.0551764403
external,findings,all_eligible,Edema,132923,8799,2564,1778,119782,0.0854855819,0.7743553639,0.0670936749
external,findings,all_eligible,Consolidation,132923,2538,3878,4118,122389,0.0482685465,0.3955735661,0.0197042040
external,findings,all_eligible,Atelectasis,132923,6033,90,5741,121059,0.0460642628,0.9853013229,0.0474359579
external,findings,all_eligible,Pleural Effusion,132923,16994,6264,1338,108327,0.1749734809,0.7306733167,0.1291484592
