site,label_source,scope,studies,studies_with_no_labelled_cell,fraction_no_labelled_cell,labelled_cell_density,positive_rate_among_labelled,studies_with_any_uncertain,mean_labelled_cells_per_evaluable_study
source,impression,all_eligible,14766,6968,0.4718948937,0.2055803874,0.7112926604,2218,1.9463965119
source,impression,accepted_M1_C0,11748,5715,0.4864657814,0.2028260129,0.7080745342,1650,1.9748052379
source,impression,accepted_M2_C0,11854,5718,0.4823688207,0.1997131770,0.7174959872,1729,1.9291069100
source,impression,accepted_M3_C0,11783,5082,0.4312993295,0.2248833065,0.7233753491,1923,1.9771675869
source,impression,accepted_M4_C0,11810,5492,0.4650296359,0.2099915326,0.7122580645,1773,1.9626464071
source,findings,all_eligible,9293,553,0.0595071559,0.4456042182,0.3325283748,1476,2.3689931350
external,impression,all_eligible,132923,24821,0.1867321682,0.2884722734,0.6995091877,35252,1.7735379549
external,impression,accepted_M1_C0,102559,18960,0.1848691972,0.2932828908,0.6764232616,26449,1.7989928109
external,impression,accepted_M2_C0,112568,20849,0.1852124938,0.2889151446,0.7047591521,30090,1.7729478080
external,impression,accepted_M3_C0,102908,17622,0.1712403312,0.2942978194,0.7510103812,28445,1.7755317403
external,impression,accepted_M4_C0,105664,18872,0.1786038764,0.2918666717,0.7182601703,28461,1.7766499217
external,findings,all_eligible,132923,100617,0.7569570353,0.0914424140,0.6851778721,9675,1.8811985390
