site,model,condition,scope,label_variant,pathology,threshold,tp,fp,tn,fn,sensitivity,specificity,error_rate_labelled,decided_positive_rate_in_scope
source,M1,C0,accepted,primary,Cardiomegaly,0.7130000000,1560,172,610,188,0.8924485126,0.7800511509,0.1422924901,0.4530983997
source,M1,C0,accepted,primary,Edema,0.5200000000,1419,239,904,167,0.8947036570,0.7909011374,0.1487724441,0.3242254001
source,M1,C0,accepted,primary,Consolidation,0.4050000000,431,52,409,82,0.8401559454,0.8872017354,0.1375770021,0.3412495744
source,M1,C0,accepted,primary,Atelectasis,0.9880000000,1125,6,36,893,0.5574826561,0.8571428571,0.4364077670,0.2969016003
source,M1,C0,accepted,primary,Pleural Effusion,0.7660000000,2202,125,925,369,0.8564760793,0.8809523810,0.1364264015,0.3398876404
source,M1,C0,full_cohort,primary,Cardiomegaly,0.7130000000,1926,204,809,294,0.8675675676,0.7986179664,0.1540364986,0.4456860355
source,M1,C0,full_cohort,primary,Edema,0.5200000000,1683,321,1131,263,0.8648509764,0.7789256198,0.1718658034,0.3313693620
source,M1,C0,full_cohort,primary,Consolidation,0.4050000000,557,82,469,101,0.8465045593,0.8511796733,0.1513647643,0.3783015035
source,M1,C0,full_cohort,primary,Atelectasis,0.9880000000,1445,9,55,1240,0.5381750466,0.8593750000,0.4543470353,0.2971691724
source,M1,C0,full_cohort,primary,Pleural Effusion,0.7660000000,2741,158,1144,546,0.8338910861,0.8786482335,0.1534103290,0.3389543546
source,M2,C0,accepted,primary,Cardiomegaly,0.6110000000,1272,257,489,461,0.7339873053,0.6554959786,0.2896329165,0.7353635903
source,M2,C0,accepted,primary,Edema,0.5860000000,1199,449,680,364,0.7671145234,0.6023029229,0.3020059435,0.6574995782
source,M2,C0,accepted,primary,Consolidation,0.6920000000,372,89,356,121,0.7545638945,0.8000000000,0.2238805970,0.4118441033
source,M2,C0,accepted,primary,Atelectasis,0.9940000000,931,10,36,1197,0.4375000000,0.7826086957,0.5551977921,0.3989370677
source,M2,C0,accepted,primary,Pleural Effusion,0.6480000000,2224,436,542,352,0.8633540373,0.5541922290,0.2217220034,0.7804960351
source,M2,C0,full_cohort,primary,Cardiomegaly,0.6110000000,1453,296,717,767,0.6545045045,0.7077986180,0.3287967832,0.6789922796
source,M2,C0,full_cohort,primary,Edema,0.5860000000,1345,496,956,601,0.6911613566,0.6584022039,0.3228369629,0.5920357578
source,M2,C0,full_cohort,primary,Consolidation,0.6920000000,495,114,437,163,0.7522796353,0.7931034483,0.2291149711,0.4126371394
source,M2,C0,full_cohort,primary,Atelectasis,0.9940000000,1037,10,54,1648,0.3862197393,0.8437500000,0.6031284103,0.3594067452
source,M2,C0,full_cohort,primary,Pleural Effusion,0.6480000000,2742,552,750,545,0.8341953149,0.5760368664,0.2390499019,0.7485439523
source,M3,C0,accepted,primary,Cardiomegaly,0.6170000000,1701,183,682,250,0.8718605843,0.7884393064,0.1537642045,0.5845709921
source,M3,C0,accepted,primary,Edema,0.5750000000,1503,239,990,287,0.8396648045,0.8055329536,0.1742298774,0.3886107103
source,M3,C0,accepted,primary,Consolidation,0.5530000000,488,65,372,104,0.8243243243,0.8512585812,0.1642371234,0.4161079521
source,M3,C0,accepted,primary,Atelectasis,0.9860000000,1539,11,39,768,0.6671001300,0.7800000000,0.3305048791,0.4509887126
source,M3,C0,accepted,primary,Pleural Effusion,0.6860000000,2541,172,912,403,0.8631114130,0.8413284133,0.1427507448,0.4475939913
source,M3,C0,full_cohort,primary,Cardiomegaly,0.6170000000,1909,202,811,311,0.8599099099,0.8005923001,0.1586761522,0.5404307192
source,M3,C0,full_cohort,primary,Edema,0.5750000000,1572,265,1187,374,0.8078108941,0.8174931129,0.1880517952,0.3335365028
source,M3,C0,full_cohort,primary,Consolidation,0.5530000000,525,71,480,133,0.7978723404,0.8711433757,0.1687344913,0.3657727211
source,M3,C0,full_cohort,primary,Atelectasis,0.9860000000,1696,11,53,989,0.6316573557,0.8281250000,0.3637686431,0.4000406339
source,M3,C0,full_cohort,primary,Pleural Effusion,0.6860000000,2761,188,1114,526,0.8399756617,0.8556067588,0.1555894530,0.3904916701
source,M4,C0,accepted,primary,Cardiomegaly,0.6330000000,1623,142,660,207,0.8868852459,0.8229426434,0.1325987842,0.5633361558
source,M4,C0,accepted,primary,Edema,0.4360000000,1360,195,1005,244,0.8478802993,0.8375000000,0.1565620542,0.3627434378
source,M4,C0,accepted,primary,Consolidation,0.5840000000,443,49,391,84,0.8406072106,0.8886363636,0.1375387797,0.3757832345
source,M4,C0,accepted,primary,Atelectasis,0.9640000000,1912,27,23,246,0.8860055607,0.4600000000,0.1236413043,0.7237933954
source,M4,C0,accepted,primary,Pleural Effusion,0.7980000000,2361,122,954,352,0.8702543310,0.8866171004,0.1250989707,0.4866215072
source,M4,C0,full_cohort,primary,Cardiomegaly,0.6330000000,1908,179,834,312,0.8594594595,0.8232971372,0.1518713269,0.5348096980
source,M4,C0,full_cohort,primary,Edema,0.4360000000,1650,315,1137,296,0.8478931141,0.7830578512,0.1798116539,0.3911011784
source,M4,C0,full_cohort,primary,Consolidation,0.5840000000,536,62,489,122,0.8145896657,0.8874773140,0.1521918941,0.3579168360
source,M4,C0,full_cohort,primary,Atelectasis,0.9640000000,2372,36,28,313,0.8834264432,0.4375000000,0.1269552565,0.7256535284
source,M4,C0,full_cohort,primary,Pleural Effusion,0.7980000000,2782,152,1150,505,0.8463644661,0.8832565284,0.1431684463,0.4671542733
external,M1,C0,accepted,primary,Cardiomegaly,0.7130000000,13373,1391,5608,973,0.9321762164,0.8012573225,0.1107519325,0.5253268850
external,M1,C0,accepted,primary,Edema,0.5200000000,16783,1004,8853,7300,0.6968816177,0.8981434514,0.2446670595,0.3538841057
external,M1,C0,accepted,primary,Consolidation,0.4050000000,5242,722,13574,1074,0.8299556681,0.9494963626,0.0871337085,0.5019939742
external,M1,C0,accepted,primary,Atelectasis,0.9880000000,5022,15,350,9568,0.3442083619,0.9589041096,0.6407890338,0.3153014362
external,M1,C0,accepted,primary,Pleural Effusion,0.7660000000,33739,593,16554,8656,0.7958249794,0.9654166910,0.1553357294,0.4447196248
external,M1,C0,full_cohort,primary,Cardiomegaly,0.7130000000,16911,1637,6703,1432,0.9219320722,0.8037170264,0.1150170521,0.5066542284
external,M1,C0,full_cohort,primary,Edema,0.5200000000,20868,1410,10628,11054,0.6537184387,0.8828709088,0.2835304823,0.3515042543
external,M1,C0,full_cohort,primary,Consolidation,0.4050000000,6963,1312,15436,1406,0.8319990441,0.9216622880,0.1082135605,0.5420957998
external,M1,C0,full_cohort,primary,Atelectasis,0.9880000000,6384,22,394,13047,0.3285471669,0.9471153846,0.6584874288,0.3021824665
external,M1,C0,full_cohort,primary,Pleural Effusion,0.7660000000,42698,767,19302,13349,0.7618248970,0.9617818526,0.1854537811,0.4344470107
external,M2,C0,accepted,primary,Cardiomegaly,0.6110000000,14137,6011,993,1424,0.9084891716,0.1417761279,0.3294925770,0.8519028498
external,M2,C0,accepted,primary,Edema,0.5860000000,25060,8392,1605,2436,0.9114052953,0.1605481644,0.2888005761,0.8866107597
external,M2,C0,accepted,primary,Consolidation,0.6920000000,4226,4196,9777,3014,0.5837016575,0.6997065770,0.3398859190,0.5488771232
external,M2,C0,accepted,primary,Atelectasis,0.9940000000,9416,129,225,7054,0.5717061324,0.6355932203,0.4269495958,0.5654182361
external,M2,C0,accepted,primary,Pleural Effusion,0.6480000000,44062,14677,2005,3774,0.9211054436,0.1201894257,0.2859822065,0.9084908677
external,M2,C0,full_cohort,primary,Cardiomegaly,0.6110000000,16041,6796,1544,2302,0.8745025350,0.1851318945,0.3409661582,0.8037435207
external,M2,C0,full_cohort,primary,Edema,0.5860000000,27717,9466,2572,4205,0.8682726646,0.2136567536,0.3109872611,0.8393506015
external,M2,C0,full_cohort,primary,Consolidation,0.6920000000,4605,4660,12088,3764,0.5502449516,0.7217578218,0.3353903731,0.5131391858
external,M2,C0,full_cohort,primary,Atelectasis,0.9940000000,10198,143,273,9233,0.5248314549,0.6562500000,0.4724139668,0.5201658103
external,M2,C0,full_cohort,primary,Pleural Effusion,0.6480000000,49874,16946,3123,6173,0.8898602958,0.1556131347,0.3037337748,0.8754466872
external,M3,C0,accepted,primary,Cardiomegaly,0.6170000000,14801,2280,3130,535,0.9651147626,0.5785582255,0.1356888075,0.7037450927
external,M3,C0,accepted,primary,Edema,0.5750000000,22416,2099,6275,5330,0.8079002379,0.7493432052,0.2056755260,0.5394915847
external,M3,C0,accepted,primary,Consolidation,0.5530000000,5878,1029,9778,1400,0.8076394614,0.9047839363,0.1343102018,0.5910619194
external,M3,C0,accepted,primary,Atelectasis,0.9860000000,8261,26,226,6771,0.5495609367,0.8968253968,0.4447134258,0.5149162359
external,M3,C0,accepted,primary,Pleural Effusion,0.6860000000,41110,1276,11585,7222,0.8505751883,0.9007853200,0.1388720932,0.5891378707
external,M3,C0,full_cohort,primary,Cardiomegaly,0.6170000000,17609,3101,5239,734,0.9599847353,0.6281774580,0.1437244688,0.6498423900
external,M3,C0,full_cohort,primary,Edema,0.5750000000,24085,2404,9634,7837,0.7544953324,0.8002990530,0.2329617834,0.4546015362
external,M3,C0,full_cohort,primary,Consolidation,0.5530000000,6359,1295,15453,2010,0.7598279364,0.9226773346,0.1315841860,0.5111154578
external,M3,C0,full_cohort,primary,Atelectasis,0.9860000000,9503,30,386,9928,0.4890638670,0.9278846154,0.5017382980,0.4469429670
external,M3,C0,full_cohort,primary,Pleural Effusion,0.6860000000,46185,1505,18564,9862,0.8240405374,0.9250087199,0.1493378528,0.5127178893
external,M4,C0,accepted,primary,Cardiomegaly,0.6330000000,14572,3505,2737,427,0.9715314354,0.4384812560,0.1851136952,0.7562272865
external,M4,C0,accepted,primary,Edema,0.4360000000,23766,3186,5998,3087,0.8850407776,0.6530923345,0.1740710936,0.6512057087
external,M4,C0,accepted,primary,Consolidation,0.5840000000,5620,1080,11560,1362,0.8049269550,0.9145569620,0.1244521456,0.5307862659
external,M4,C0,accepted,primary,Atelectasis,0.9640000000,13909,164,163,1361,0.9108709889,0.4984709480,0.0977752132,0.8746592974
external,M4,C0,accepted,primary,Pleural Effusion,0.7980000000,44311,5401,9650,2340,0.9498403035,0.6411534117,0.1254578458,0.7510315718
external,M4,C0,full_cohort,primary,Cardiomegaly,0.6330000000,17629,4317,4023,714,0.9610750695,0.4823741007,0.1885470150,0.7115773794
external,M4,C0,full_cohort,primary,Edema,0.4360000000,28239,4784,7254,3683,0.8846250235,0.6025917927,0.1926069154,0.6614656606
external,M4,C0,full_cohort,primary,Consolidation,0.5840000000,6294,1349,15399,2075,0.7520611782,0.9194530690,0.1363220130,0.4784424065
external,M4,C0,full_cohort,primary,Atelectasis,0.9640000000,17464,220,196,1967,0.8987700067,0.4711538462,0.1101929763,0.8608893871
external,M4,C0,full_cohort,primary,Pleural Effusion,0.7980000000,52729,6815,13254,3318,0.9407996860,0.6604215457,0.1331257554,0.7205073614
source,M1,C0,accepted,unmentioned_negative,Cardiomegaly,0.7130000000,1560,3551,6034,188,0.8924485126,0.6295252999,0.3299214683,0.4530983997
source,M1,C0,accepted,unmentioned_negative,Edema,0.5200000000,1419,1987,7654,167,0.8947036570,0.7939010476,0.1918589116,0.3242254001
source,M1,C0,accepted,unmentioned_negative,Consolidation,0.4050000000,431,3457,7568,82,0.8401559454,0.6864399093,0.3067256024,0.3412495744
source,M1,C0,accepted,unmentioned_negative,Atelectasis,0.9880000000,1125,2090,7123,893,0.5574826561,0.7731466406,0.2656041314,0.2969016003
source,M1,C0,accepted,unmentioned_negative,Pleural Effusion,0.7660000000,2202,1615,7267,369,0.8564760793,0.8181715830,0.1732297215,0.3398876404
source,M1,C0,full_cohort,unmentioned_negative,Cardiomegaly,0.7130000000,1926,4395,7601,294,0.8675675676,0.6336278760,0.3298396173,0.4456860355
source,M1,C0,full_cohort,unmentioned_negative,Edema,0.5200000000,1683,2702,9430,263,0.8648509764,0.7772832179,0.2106123029,0.3313693620
source,M1,C0,full_cohort,unmentioned_negative,Consolidation,0.4050000000,557,4862,8973,101,0.8465045593,0.6485724611,0.3424411785,0.3783015035
source,M1,C0,full_cohort,unmentioned_negative,Atelectasis,0.9880000000,1445,2590,8790,1240,0.5381750466,0.7724077329,0.2723071454,0.2971691724
source,M1,C0,full_cohort,unmentioned_negative,Pleural Effusion,0.7660000000,2741,2046,9020,546,0.8338910861,0.8151093439,0.1805894238,0.3389543546
source,M2,C0,accepted,unmentioned_negative,Cardiomegaly,0.6110000000,1272,7213,2491,461,0.7339873053,0.2566982688,0.6709801521,0.7353635903
source,M2,C0,accepted,unmentioned_negative,Edema,0.5860000000,1199,6223,3526,364,0.7671145234,0.3616781208,0.5823019802,0.6574995782
source,M2,C0,accepted,unmentioned_negative,Consolidation,0.6920000000,372,4401,6738,121,0.7545638945,0.6049016967,0.3887551582,0.4118441033
source,M2,C0,accepted,unmentioned_negative,Atelectasis,0.9940000000,931,3525,5637,1197,0.4375000000,0.6152586771,0.4182462356,0.3989370677
source,M2,C0,accepted,unmentioned_negative,Pleural Effusion,0.6480000000,2224,6785,2183,352,0.8633540373,0.2434210526,0.6182432432,0.7804960351
source,M2,C0,full_cohort,unmentioned_negative,Cardiomegaly,0.6110000000,1453,8306,3690,767,0.6545045045,0.3076025342,0.6382245357,0.6789922796
source,M2,C0,full_cohort,unmentioned_negative,Edema,0.5860000000,1345,6980,5152,601,0.6911613566,0.4246620508,0.5384997869,0.5920357578
source,M2,C0,full_cohort,unmentioned_negative,Consolidation,0.6920000000,495,5465,8370,163,0.7522796353,0.6049873509,0.3883253985,0.4126371394
source,M2,C0,full_cohort,unmentioned_negative,Atelectasis,0.9940000000,1037,3948,7432,1648,0.3862197393,0.6530755712,0.3978670459,0.3594067452
source,M2,C0,full_cohort,unmentioned_negative,Pleural Effusion,0.6480000000,2742,8014,3052,545,0.8341953149,0.2757997470,0.5963213266,0.7485439523
source,M3,C0,accepted,unmentioned_negative,Cardiomegaly,0.6170000000,1701,4929,4418,250,0.8718605843,0.4726650262,0.4583997168,0.5845709921
source,M3,C0,accepted,unmentioned_negative,Edema,0.5750000000,1503,2648,6749,287,0.8396648045,0.7182079387,0.2623580942,0.3886107103
source,M3,C0,accepted,unmentioned_negative,Consolidation,0.5530000000,488,4276,6685,104,0.8243243243,0.6098896086,0.3791223059,0.4161079521
source,M3,C0,accepted,unmentioned_negative,Atelectasis,0.9860000000,1539,3385,5498,768,0.6671001300,0.6189350445,0.3711349419,0.4509887126
source,M3,C0,accepted,unmentioned_negative,Pleural Effusion,0.6860000000,2541,2521,5956,403,0.8631114130,0.7026070544,0.2560196130,0.4475939913
source,M3,C0,full_cohort,unmentioned_negative,Cardiomegaly,0.6170000000,1909,5794,6202,311,0.8599099099,0.5170056686,0.4294456950,0.5404307192
source,M3,C0,full_cohort,unmentioned_negative,Edema,0.5750000000,1572,2886,9246,374,0.8078108941,0.7621167161,0.2315669839,0.3335365028
source,M3,C0,full_cohort,unmentioned_negative,Consolidation,0.5530000000,525,4723,9112,133,0.7978723404,0.6586194434,0.3350583040,0.3657727211
source,M3,C0,full_cohort,unmentioned_negative,Atelectasis,0.9860000000,1696,3784,7596,989,0.6316573557,0.6674868190,0.3393530039,0.4000406339
source,M3,C0,full_cohort,unmentioned_negative,Pleural Effusion,0.6860000000,2761,2769,8297,526,0.8399756617,0.7497740828,0.2295687313,0.3904916701
source,M4,C0,accepted,unmentioned_negative,Cardiomegaly,0.6330000000,1623,4795,4741,207,0.8868852459,0.4971686242,0.4400844624,0.5633361558
source,M4,C0,accepted,unmentioned_negative,Edema,0.4360000000,1360,2544,7107,244,0.8478802993,0.7364003730,0.2477121279,0.3627434378
source,M4,C0,accepted,unmentioned_negative,Consolidation,0.5840000000,443,3871,7190,84,0.8406072106,0.6500316427,0.3413013462,0.3757832345
source,M4,C0,accepted,unmentioned_negative,Atelectasis,0.9640000000,1912,6117,2965,246,0.8860055607,0.3264699405,0.5661032028,0.7237933954
source,M4,C0,accepted,unmentioned_negative,Pleural Effusion,0.7980000000,2361,3197,5591,352,0.8702543310,0.6362084661,0.3085818624,0.4866215072
source,M4,C0,full_cohort,unmentioned_negative,Cardiomegaly,0.6330000000,1908,5716,6280,312,0.8594594595,0.5235078359,0.4240292628,0.5348096980
source,M4,C0,full_cohort,unmentioned_negative,Edema,0.4360000000,1650,3640,8492,296,0.8478931141,0.6999670293,0.2795851683,0.3911011784
source,M4,C0,full_cohort,unmentioned_negative,Consolidation,0.5840000000,536,4601,9234,122,0.8145896657,0.6674376581,0.3258814600,0.3579168360
source,M4,C0,full_cohort,unmentioned_negative,Atelectasis,0.9640000000,2372,7712,3668,313,0.8834264432,0.3223198594,0.5705652328,0.7256535284
source,M4,C0,full_cohort,unmentioned_negative,Pleural Effusion,0.7980000000,2782,3884,7182,505,0.8463644661,0.6490150009,0.3057897304,0.4671542733
external,M1,C0,accepted,unmentioned_negative,Cardiomegaly,0.7130000000,13373,39447,46982,973,0.9321762164,0.5435906929,0.4010915406,0.5253268850
external,M1,C0,accepted,unmentioned_negative,Edema,0.5200000000,16783,15547,57156,7300,0.6968816177,0.7861573800,0.2360568677,0.3538841057
external,M1,C0,accepted,unmentioned_negative,Consolidation,0.4050000000,5242,38237,45878,1074,0.8299556681,0.5454199608,0.4347071248,0.5019939742
external,M1,C0,accepted,unmentioned_negative,Atelectasis,0.9880000000,5022,20476,51493,9568,0.3442083619,0.7154886132,0.3470927344,0.3153014362
external,M1,C0,accepted,unmentioned_negative,Pleural Effusion,0.7660000000,33739,10443,46616,8656,0.7958249794,0.8169789166,0.1920385304,0.4447196248
external,M1,C0,full_cohort,unmentioned_negative,Cardiomegaly,0.7130000000,16911,49145,63167,1432,0.9219320722,0.5624243180,0.3871034404,0.5066542284
external,M1,C0,full_cohort,unmentioned_negative,Edema,0.5200000000,20868,20757,72561,11054,0.6537184387,0.7775670289,0.2540003194,0.3515042543
external,M1,C0,full_cohort,unmentioned_negative,Consolidation,0.4050000000,6963,54002,54328,1406,0.8319990441,0.5015046617,0.4747941285,0.5420957998
external,M1,C0,full_cohort,unmentioned_negative,Atelectasis,0.9880000000,6384,25204,66826,13047,0.3285471669,0.7261327828,0.3431783314,0.3021824665
external,M1,C0,full_cohort,unmentioned_negative,Pleural Effusion,0.7660000000,42698,13212,59460,13349,0.7618248970,0.8181968296,0.2063487131,0.4344470107
external,M2,C0,accepted,unmentioned_negative,Cardiomegaly,0.6110000000,14137,80024,15045,1424,0.9084891716,0.1582534791,0.7362198319,0.8519028498
external,M2,C0,accepted,unmentioned_negative,Edema,0.5860000000,25060,68815,9688,2436,0.9114052953,0.1234092965,0.6721855867,0.8866107597
external,M2,C0,accepted,unmentioned_negative,Consolidation,0.6920000000,4226,49723,41704,3014,0.5837016575,0.4561453400,0.5344948159,0.5488771232
external,M2,C0,accepted,unmentioned_negative,Atelectasis,0.9940000000,9416,42980,34701,7054,0.5717061324,0.4467115511,0.5314229270,0.5654182361
external,M2,C0,accepted,unmentioned_negative,Pleural Effusion,0.6480000000,44062,55079,6157,3774,0.9211054436,0.1005454308,0.5395793604,0.9084908677
external,M2,C0,full_cohort,unmentioned_negative,Cardiomegaly,0.6110000000,16041,88844,23468,2302,0.8745025350,0.2089536292,0.6976082048,0.8037435207
external,M2,C0,full_cohort,unmentioned_negative,Edema,0.5860000000,27717,77246,16072,4205,0.8682726646,0.1722282946,0.6503593101,0.8393506015
external,M2,C0,full_cohort,unmentioned_negative,Consolidation,0.6920000000,4605,55087,53243,3764,0.5502449516,0.4914889689,0.5042973804,0.5131391858
external,M2,C0,full_cohort,unmentioned_negative,Atelectasis,0.9940000000,10198,46803,45227,9233,0.5248314549,0.4914375747,0.5027408690,0.5201658103
external,M2,C0,full_cohort,unmentioned_negative,Pleural Effusion,0.6480000000,49874,62890,9782,6173,0.8898602958,0.1346047996,0.5365408370,0.8754466872
external,M3,C0,accepted,unmentioned_negative,Cardiomegaly,0.6170000000,14801,56263,29579,535,0.9651147626,0.3445749167,0.5613670956,0.7037450927
external,M3,C0,accepted,unmentioned_negative,Edema,0.5750000000,22416,27996,40720,5330,0.8079002379,0.5925839688,0.3454831955,0.5394915847
external,M3,C0,accepted,unmentioned_negative,Consolidation,0.5530000000,5878,45892,36470,1400,0.8076394614,0.4428012919,0.5275769746,0.5910619194
external,M3,C0,accepted,unmentioned_negative,Atelectasis,0.9860000000,8261,33823,36679,6771,0.5495609367,0.5202547445,0.4745948979,0.5149162359
external,M3,C0,accepted,unmentioned_negative,Pleural Effusion,0.6860000000,41110,17527,33736,7222,0.8505751883,0.6580964828,0.2484964105,0.5891378707
external,M3,C0,full_cohort,unmentioned_negative,Cardiomegaly,0.6170000000,17609,67128,45184,734,0.9599847353,0.4023078567,0.5193984157,0.6498423900
external,M3,C0,full_cohort,unmentioned_negative,Edema,0.5750000000,24085,30691,62627,7837,0.7544953324,0.6711138258,0.3076333440,0.4546015362
external,M3,C0,full_cohort,unmentioned_negative,Consolidation,0.5530000000,6359,51516,56814,2010,0.7598279364,0.5244530601,0.4586671694,0.5111154578
external,M3,C0,full_cohort,unmentioned_negative,Atelectasis,0.9860000000,9503,37569,54461,9928,0.4890638670,0.5917744214,0.4261311131,0.4469429670
external,M3,C0,full_cohort,unmentioned_negative,Pleural Effusion,0.6860000000,46185,19641,53031,9862,0.8240405374,0.7297308454,0.2292047017,0.5127178893
external,M4,C0,accepted,unmentioned_negative,Cardiomegaly,0.6330000000,14572,63865,24988,427,0.9715314354,0.2812285460,0.6190732966,0.7562272865
external,M4,C0,accepted,unmentioned_negative,Edema,0.4360000000,23766,39491,32948,3087,0.8850407776,0.4548378636,0.4288160174,0.6512057087
external,M4,C0,accepted,unmentioned_negative,Consolidation,0.5840000000,5620,42206,43412,1362,0.8049269550,0.5070429115,0.4704967603,0.5307862659
external,M4,C0,accepted,unmentioned_negative,Atelectasis,0.9640000000,13909,62120,10937,1361,0.9108709889,0.1497050248,0.7187043599,0.8746592974
external,M4,C0,accepted,unmentioned_negative,Pleural Effusion,0.7980000000,44311,32344,23346,2340,0.9498403035,0.4192135033,0.3389062057,0.7510315718
external,M4,C0,full_cohort,unmentioned_negative,Cardiomegaly,0.6330000000,17629,75199,37113,714,0.9610750695,0.3304455446,0.5810187134,0.7115773794
external,M4,C0,full_cohort,unmentioned_negative,Edema,0.4360000000,28239,52976,40342,3683,0.8846250235,0.4323067361,0.4524033855,0.6614656606
external,M4,C0,full_cohort,unmentioned_negative,Consolidation,0.5840000000,6294,47980,60350,2075,0.7520611782,0.5570940644,0.4289239839,0.4784424065
external,M4,C0,full_cohort,unmentioned_negative,Atelectasis,0.9640000000,17464,76883,15147,1967,0.8987700067,0.1645876345,0.7074223271,0.8608893871
external,M4,C0,full_cohort,unmentioned_negative,Pleural Effusion,0.7980000000,52729,39711,32961,3318,0.9407996860,0.4535584544,0.3342863136,0.7205073614
