analysis,label_variant,estimator,hypothesis,model,site,contrast,registered_contrast,status,point_estimate,ci_low,ci_high,ci_low_bonferroni6,ci_high_bonferroni6,p_two_sided_bootstrap,ci_side,reaches_materiality,interval_excludes_materiality,within_materiality_bounds,verdict,materiality_applied,pathology,verdict_with_stage10_materiality,holm_p_across_pathologies
primary,primary,pathology_0,H1,M1,,external C0 - source C0,False,not_registered,-0.0315405576,-0.0492641260,-0.0145642384,-0.0559671063,-0.0087827903,0.0009995002,opposite,False,False,False,opposite_direction_material,0.0200000000,Cardiomegaly,nan,0.0049980000
primary,primary,pathology_0,H1,M2,,external C0 - source C0,False,not_registered,0.0398596605,0.0151056441,0.0638458692,0.0070616203,0.0709928882,0.0019990005,hypothesised,True,False,False,confirmed,0.0200000000,Cardiomegaly,nan,0.0049980000
primary,primary,pathology_0,H1,M3,,external C0 - source C0,True,confirmatory,-0.0180753971,-0.0342830666,-0.0010625305,-0.0410198778,0.0048684423,0.0399800100,opposite,False,False,False,opposite_direction_not_material,0.0200000000,Cardiomegaly,nan,0.0799600000
primary,primary,pathology_0,H1,M4,,external C0 - source C0,True,confirmatory,0.0525149110,0.0358083887,0.0682180797,0.0321851683,0.0754086272,0.0009995002,hypothesised,True,True,False,confirmed,0.0200000000,Cardiomegaly,nan,0.0049980000
primary,primary,pathology_0,H2,M3,,interaction C1,True,confirmatory,-0.0098819555,-0.0252379845,0.0042460719,-0.0297104498,0.0100573599,0.2028985507,spans_zero,False,False,False,inconclusive,0.0200000000,Cardiomegaly,nan,0.6086960000
primary,primary,pathology_0,H2,M3,,interaction C2,False,not_registered,-0.0453887901,-0.0625455004,-0.0287710964,-0.0681712038,-0.0238956009,0.0009995002,opposite,False,False,False,opposite_direction_material,0.0200000000,Cardiomegaly,nan,0.0049980000
primary,primary,pathology_0,H2,M4,,interaction C1,True,confirmatory,-0.0608354681,-0.0787362213,-0.0431647851,-0.0845382551,-0.0372171823,0.0009995002,opposite,False,False,False,opposite_direction_material,0.0200000000,Cardiomegaly,nan,0.0049980000
primary,primary,pathology_0,H2,M4,,interaction C2,False,not_registered,-0.0418601975,-0.0582451638,-0.0246238447,-0.0655969579,-0.0197754660,0.0009995002,opposite,False,False,False,opposite_direction_material,0.0200000000,Cardiomegaly,nan,0.0049980000
primary,primary,pathology_0,H3,M3,,transfer gap M3 - transfer gap M1,False,not_registered,0.0134651605,-0.0020182030,0.0276021103,-0.0060000057,0.0326208559,0.0819590205,spans_zero,,,,inconclusive,nan,Cardiomegaly,inconclusive,0.1279360000
primary,primary,pathology_0,H3,M4,,transfer gap M4 - transfer gap M1,False,not_registered,0.0840554686,0.0686540477,0.0984722148,0.0644468638,0.1038162281,0.0009995002,hypothesised,,,,confirmed,nan,Cardiomegaly,confirmed,0.0049980000
primary,primary,pathology_0,H4,M3,source,C2 - C1,True,secondary,0.0469238694,0.0318634227,0.0614364799,0.0261036035,0.0662470054,0.0009995002,hypothesised,,,,confirmed,nan,Cardiomegaly,nan,0.0049980000
primary,primary,pathology_0,H4,M4,source,C2 - C1,True,secondary,-0.0060367454,-0.0208007391,0.0089506762,-0.0270069630,0.0150405531,0.4227886057,spans_zero,,,,inconclusive,nan,Cardiomegaly,nan,0.4227890000
primary,primary,pathology_0,H4,M3,external,C2 - C1,True,secondary,0.0114170347,0.0071126754,0.0158219138,0.0055214599,0.0173375678,0.0009995002,hypothesised,,,,confirmed,nan,Cardiomegaly,nan,0.0049980000
primary,primary,pathology_0,H4,M4,external,C2 - C1,True,secondary,0.0129385251,0.0083354569,0.0178306072,0.0065656344,0.0195907153,0.0009995002,hypothesised,,,,confirmed,nan,Cardiomegaly,nan,0.0049980000
primary,primary,pathology_1,H1,M1,,external C0 - source C0,False,not_registered,0.0958946154,0.0786895421,0.1112785583,0.0725695404,0.1167320575,0.0009995002,hypothesised,True,True,False,confirmed,0.0200000000,Edema,nan,0.0049980000
primary,primary,pathology_1,H1,M2,,external C0 - source C0,False,not_registered,-0.0132053674,-0.0333993909,0.0064576318,-0.0395950150,0.0132585480,0.2038980510,spans_zero,False,False,False,inconclusive,0.0200000000,Edema,nan,0.2038980000
primary,primary,pathology_1,H1,M3,,external C0 - source C0,True,confirmatory,0.0314456486,0.0144075550,0.0477561054,0.0078663700,0.0544748378,0.0029985007,hypothesised,True,False,False,confirmed,0.0200000000,Edema,nan,0.0119940000
primary,primary,pathology_1,H1,M4,,external C0 - source C0,True,confirmatory,0.0175090394,0.0004935110,0.0333565791,-0.0079553779,0.0382405871,0.0469765117,hypothesised,False,False,False,same_direction_not_material,0.0200000000,Edema,nan,0.1409300000
primary,primary,pathology_1,H2,M3,,interaction C1,True,confirmatory,0.0077122761,-0.0069498549,0.0223603205,-0.0113161390,0.0271738240,0.3048475762,spans_zero,False,False,False,inconclusive,0.0200000000,Edema,nan,0.6096950000
primary,primary,pathology_1,H2,M3,,interaction C2,False,not_registered,-0.0392885379,-0.0577546643,-0.0213869232,-0.0646235680,-0.0157840953,0.0009995002,opposite,False,False,False,opposite_direction_material,0.0200000000,Edema,nan,0.0049980000
primary,primary,pathology_1,H2,M4,,interaction C1,True,confirmatory,0.0214490923,0.0073936774,0.0355612891,0.0018223895,0.0404205237,0.0059970015,hypothesised,True,False,False,confirmed,0.0200000000,Edema,nan,0.0119940000
primary,primary,pathology_1,H2,M4,,interaction C2,False,not_registered,-0.0270640587,-0.0424315880,-0.0121041881,-0.0471908402,-0.0058627184,0.0009995002,opposite,False,False,False,opposite_direction_material,0.0200000000,Edema,nan,0.0049980000
primary,primary,pathology_1,H3,M3,,transfer gap M3 - transfer gap M1,False,not_registered,-0.0644489668,-0.0780408455,-0.0507082568,-0.0826557408,-0.0452383602,0.0009995002,opposite,,,,opposite_direction_not_material,nan,Edema,opposite_direction_material,0.0049980000
primary,primary,pathology_1,H3,M4,,transfer gap M4 - transfer gap M1,False,not_registered,-0.0783855760,-0.0917931101,-0.0648854795,-0.0955532759,-0.0590066577,0.0009995002,opposite,,,,opposite_direction_not_material,nan,Edema,opposite_direction_material,0.0049980000
primary,primary,pathology_1,H4,M3,source,C2 - C1,True,secondary,0.0635037735,0.0481697489,0.0779307594,0.0419264868,0.0822510855,0.0009995002,hypothesised,,,,confirmed,nan,Edema,nan,0.0049980000
primary,primary,pathology_1,H4,M4,source,C2 - C1,True,secondary,0.0263882077,0.0119639433,0.0408063760,0.0077508478,0.0445124957,0.0009995002,hypothesised,,,,confirmed,nan,Edema,nan,0.0049980000
primary,primary,pathology_1,H4,M3,external,C2 - C1,True,secondary,0.0165029595,0.0124671232,0.0205588526,0.0108598629,0.0218139308,0.0009995002,hypothesised,,,,confirmed,nan,Edema,nan,0.0049980000
primary,primary,pathology_1,H4,M4,external,C2 - C1,True,secondary,-0.0221249433,-0.0265416742,-0.0179511355,-0.0282983117,-0.0163842137,0.0009995002,opposite,,,,opposite_direction_not_material,nan,Edema,nan,0.0049980000
primary,primary,pathology_2,H1,M1,,external C0 - source C0,False,not_registered,-0.0504432935,-0.0725200820,-0.0282308362,-0.0802246716,-0.0208378456,0.0009995002,opposite,False,False,False,opposite_direction_material,0.0200000000,Consolidation,nan,0.0049980000
primary,primary,pathology_2,H1,M2,,external C0 - source C0,False,not_registered,0.1160053220,0.0870965003,0.1435659483,0.0750847592,0.1529573860,0.0009995002,hypothesised,True,True,False,confirmed,0.0200000000,Consolidation,nan,0.0049980000
primary,primary,pathology_2,H1,M3,,external C0 - source C0,True,confirmatory,-0.0299269216,-0.0542975343,-0.0048566356,-0.0647232806,0.0040596664,0.0189905047,opposite,False,False,False,opposite_direction_material,0.0200000000,Consolidation,nan,0.0569720000
primary,primary,pathology_2,H1,M4,,external C0 - source C0,True,confirmatory,-0.0130866342,-0.0363883693,0.0081678774,-0.0443706113,0.0147191166,0.2458770615,spans_zero,False,False,False,inconclusive,0.0200000000,Consolidation,nan,0.4917540000
primary,primary,pathology_2,H2,M3,,interaction C1,True,confirmatory,-0.0334862864,-0.0592168925,-0.0074749706,-0.0687647953,0.0020643617,0.0209895052,opposite,False,False,False,opposite_direction_material,0.0200000000,Consolidation,nan,0.0839580000
primary,primary,pathology_2,H2,M3,,interaction C2,False,not_registered,-0.0341701033,-0.0627226148,-0.0056285994,-0.0704519826,0.0055168738,0.0199900050,opposite,False,False,False,opposite_direction_material,0.0200000000,Consolidation,nan,0.0199900000
primary,primary,pathology_2,H2,M4,,interaction C1,True,confirmatory,-0.0689251741,-0.0965202709,-0.0423670663,-0.1046622494,-0.0309063667,0.0009995002,opposite,False,False,False,opposite_direction_material,0.0200000000,Consolidation,nan,0.0049980000
primary,primary,pathology_2,H2,M4,,interaction C2,False,not_registered,-0.0363136735,-0.0579988192,-0.0131045973,-0.0642581724,-0.0071231891,0.0009995002,opposite,False,False,False,opposite_direction_material,0.0200000000,Consolidation,nan,0.0049980000
primary,primary,pathology_2,H3,M3,,transfer gap M3 - transfer gap M1,False,not_registered,0.0205163719,-0.0011288624,0.0409570199,-0.0082570229,0.0491022503,0.0639680160,spans_zero,,,,inconclusive,nan,Consolidation,inconclusive,0.1279360000
primary,primary,pathology_2,H3,M4,,transfer gap M4 - transfer gap M1,False,not_registered,0.0373566594,0.0167047912,0.0578242153,0.0118351228,0.0632257455,0.0009995002,hypothesised,,,,confirmed,nan,Consolidation,confirmed,0.0049980000
primary,primary,pathology_2,H4,M3,source,C2 - C1,True,secondary,0.0479139854,0.0198689602,0.0764499899,0.0075745799,0.0868356683,0.0019990005,hypothesised,,,,confirmed,nan,Consolidation,nan,0.0049980000
primary,primary,pathology_2,H4,M4,source,C2 - C1,True,secondary,-0.0253282230,-0.0522041105,0.0020570194,-0.0617331628,0.0118413873,0.0759620190,spans_zero,,,,inconclusive,nan,Consolidation,nan,0.1519240000
primary,primary,pathology_2,H4,M3,external,C2 - C1,True,secondary,0.0472301685,0.0412487653,0.0528153774,0.0390802758,0.0550813550,0.0009995002,hypothesised,,,,confirmed,nan,Consolidation,nan,0.0049980000
primary,primary,pathology_2,H4,M4,external,C2 - C1,True,secondary,0.0072832776,0.0022322374,0.0125203397,0.0001943920,0.0139488319,0.0069965017,hypothesised,,,,confirmed,nan,Consolidation,nan,0.0139930000
primary,primary,pathology_3,H1,M1,,external C0 - source C0,False,not_registered,0.2043812668,0.1707225243,0.2385094412,0.1600179755,0.2478831058,0.0009995002,hypothesised,True,True,False,confirmed,0.0200000000,Atelectasis,nan,0.0049980000
primary,primary,pathology_3,H1,M2,,external C0 - source C0,False,not_registered,-0.1282481963,-0.1533695338,-0.1047723296,-0.1633751070,-0.0978305881,0.0009995002,opposite,False,False,False,opposite_direction_material,0.0200000000,Atelectasis,nan,0.0049980000
primary,primary,pathology_3,H1,M3,,external C0 - source C0,True,confirmatory,0.1142085467,0.0873033462,0.1423249661,0.0793640348,0.1498609828,0.0009995002,hypothesised,True,True,False,confirmed,0.0200000000,Atelectasis,nan,0.0049980000
primary,primary,pathology_3,H1,M4,,external C0 - source C0,True,confirmatory,-0.0258660912,-0.0445939878,-0.0096685730,-0.0513063065,-0.0044045046,0.0019990005,opposite,False,False,False,opposite_direction_material,0.0200000000,Atelectasis,nan,0.0079960000
primary,primary,pathology_3,H2,M3,,interaction C1,True,confirmatory,0.0708976751,0.0511683461,0.0923215599,0.0413663609,0.1000412606,0.0009995002,hypothesised,True,True,False,confirmed,0.0200000000,Atelectasis,nan,0.0049980000
primary,primary,pathology_3,H2,M3,,interaction C2,False,not_registered,-0.0704892563,-0.0942815781,-0.0463797553,-0.1040017186,-0.0381900587,0.0009995002,opposite,False,False,False,opposite_direction_material,0.0200000000,Atelectasis,nan,0.0049980000
primary,primary,pathology_3,H2,M4,,interaction C1,True,confirmatory,0.0234751043,0.0076307407,0.0405264948,0.0029640246,0.0471997447,0.0039980010,hypothesised,True,False,False,confirmed,0.0200000000,Atelectasis,nan,0.0119940000
primary,primary,pathology_3,H2,M4,,interaction C2,False,not_registered,0.0012779035,-0.0147251875,0.0195592406,-0.0194542701,0.0251201467,0.8605697151,spans_zero,False,False,True,inconclusive,0.0200000000,Atelectasis,nan,0.8605700000
primary,primary,pathology_3,H3,M3,,transfer gap M3 - transfer gap M1,False,not_registered,-0.0901727201,-0.1136379677,-0.0662760397,-0.1217068864,-0.0592893602,0.0009995002,opposite,,,,opposite_direction_not_material,nan,Atelectasis,opposite_direction_material,0.0049980000
primary,primary,pathology_3,H3,M4,,transfer gap M4 - transfer gap M1,False,not_registered,-0.2302473579,-0.2599740649,-0.1999291764,-0.2680798425,-0.1898399972,0.0009995002,opposite,,,,opposite_direction_not_material,nan,Atelectasis,opposite_direction_material,0.0049980000
primary,primary,pathology_3,H4,M3,source,C2 - C1,True,secondary,0.1525594572,0.1317575652,0.1735655038,0.1237522390,0.1831200079,0.0009995002,hypothesised,,,,confirmed,nan,Atelectasis,nan,0.0049980000
primary,primary,pathology_3,H4,M4,source,C2 - C1,True,secondary,0.0870110336,0.0710121883,0.1029951518,0.0660292657,0.1072875683,0.0009995002,hypothesised,,,,confirmed,nan,Atelectasis,nan,0.0049980000
primary,primary,pathology_3,H4,M3,external,C2 - C1,True,secondary,0.0111725259,0.0038695706,0.0183675957,0.0011254948,0.0209451333,0.0029985007,hypothesised,,,,confirmed,nan,Atelectasis,nan,0.0049980000
primary,primary,pathology_3,H4,M4,external,C2 - C1,True,secondary,0.0648138329,0.0601462653,0.0697004723,0.0585890306,0.0719024099,0.0009995002,hypothesised,,,,confirmed,nan,Atelectasis,nan,0.0049980000
primary,primary,pathology_4,H1,M1,,external C0 - source C0,False,not_registered,0.0189093279,0.0061931357,0.0316416640,-0.0007072286,0.0359967074,0.0109945027,hypothesised,False,False,False,same_direction_not_material,0.0200000000,Pleural Effusion,nan,0.0109950000
primary,primary,pathology_4,H1,M2,,external C0 - source C0,False,not_registered,0.0642602031,0.0475800170,0.0797863953,0.0419119877,0.0858365143,0.0009995002,hypothesised,True,True,False,confirmed,0.0200000000,Pleural Effusion,nan,0.0049980000
primary,primary,pathology_4,H1,M3,,external C0 - source C0,True,confirmatory,-0.0038786516,-0.0158468205,0.0079800145,-0.0194431691,0.0127157966,0.5297351324,spans_zero,False,False,True,inconclusive,0.0200000000,Pleural Effusion,nan,0.5297350000
primary,primary,pathology_4,H1,M4,,external C0 - source C0,True,confirmatory,0.0003588751,-0.0123214893,0.0127774880,-0.0167953584,0.0164912957,0.9325337331,spans_zero,False,False,True,inconclusive,0.0200000000,Pleural Effusion,nan,0.9325340000
primary,primary,pathology_4,H2,M3,,interaction C1,True,confirmatory,-0.0059315877,-0.0172870432,0.0053168275,-0.0208395216,0.0095830262,0.3068465767,spans_zero,False,False,True,inconclusive,0.0200000000,Pleural Effusion,nan,0.6096950000
primary,primary,pathology_4,H2,M3,,interaction C2,False,not_registered,-0.0380688366,-0.0517447491,-0.0242754279,-0.0569390658,-0.0191570946,0.0009995002,opposite,False,False,False,opposite_direction_material,0.0200000000,Pleural Effusion,nan,0.0049980000
primary,primary,pathology_4,H2,M4,,interaction C1,True,confirmatory,-0.0147630401,-0.0268108699,-0.0027083817,-0.0301353840,0.0014778012,0.0189905047,opposite,False,False,False,opposite_direction_not_material,0.0200000000,Pleural Effusion,nan,0.0189910000
primary,primary,pathology_4,H2,M4,,interaction C2,False,not_registered,-0.0286030755,-0.0423440073,-0.0156702910,-0.0471743861,-0.0122696185,0.0009995002,opposite,False,False,False,opposite_direction_material,0.0200000000,Pleural Effusion,nan,0.0049980000
primary,primary,pathology_4,H3,M3,,transfer gap M3 - transfer gap M1,False,not_registered,-0.0227879794,-0.0345560126,-0.0110829855,-0.0383850162,-0.0071085219,0.0019990005,opposite,,,,opposite_direction_not_material,nan,Pleural Effusion,opposite_direction_material,0.0059970000
primary,primary,pathology_4,H3,M4,,transfer gap M4 - transfer gap M1,False,not_registered,-0.0185504528,-0.0302461880,-0.0066669863,-0.0336724456,-0.0016728046,0.0039980010,opposite,,,,opposite_direction_not_material,nan,Pleural Effusion,opposite_direction_not_material,0.0049980000
primary,primary,pathology_4,H4,M3,source,C2 - C1,True,secondary,0.0698004944,0.0573179273,0.0817433200,0.0531349089,0.0861095448,0.0009995002,hypothesised,,,,confirmed,nan,Pleural Effusion,nan,0.0049980000
primary,primary,pathology_4,H4,M4,source,C2 - C1,True,secondary,0.0153140561,0.0022178433,0.0288836215,-0.0017912693,0.0329105120,0.0209895052,hypothesised,,,,confirmed,nan,Pleural Effusion,nan,0.0629690000
primary,primary,pathology_4,H4,M3,external,C2 - C1,True,secondary,0.0376632455,0.0351178269,0.0403379350,0.0341474962,0.0410517654,0.0009995002,hypothesised,,,,confirmed,nan,Pleural Effusion,nan,0.0049980000
primary,primary,pathology_4,H4,M4,external,C2 - C1,True,secondary,0.0014740207,-0.0021449801,0.0049930035,-0.0031381772,0.0061067711,0.4237881059,spans_zero,,,,inconclusive,nan,Pleural Effusion,nan,0.4237880000
primary,unmentioned_negative,pathology_0,H1,M1,,external C0 - source C0,False,not_registered,0.0711700723,0.0559371683,0.0867544824,0.0520178752,0.0911738836,0.0009995002,hypothesised,True,True,False,confirmed,0.0200000000,Cardiomegaly,nan,0.0049980000
primary,unmentioned_negative,pathology_0,H1,M2,,external C0 - source C0,False,not_registered,0.0652396797,0.0509260388,0.0783251861,0.0468547341,0.0830027542,0.0009995002,hypothesised,True,True,False,confirmed,0.0200000000,Cardiomegaly,nan,0.0049980000
primary,unmentioned_negative,pathology_0,H1,M3,,external C0 - source C0,True,confirmatory,0.1029673788,0.0878181048,0.1182561742,0.0838462362,0.1237925683,0.0009995002,hypothesised,True,True,False,confirmed,0.0200000000,Cardiomegaly,nan,0.0049980000
primary,unmentioned_negative,pathology_0,H1,M4,,external C0 - source C0,True,confirmatory,0.1789888342,0.1652406726,0.1938196805,0.1591414401,0.1986380721,0.0009995002,hypothesised,True,True,False,confirmed,0.0200000000,Cardiomegaly,nan,0.0049980000
primary,unmentioned_negative,pathology_0,H2,M3,,interaction C1,True,confirmatory,-0.0119289858,-0.0216840031,-0.0015666355,-0.0251260077,0.0011952756,0.0219890055,opposite,False,False,False,opposite_direction_not_material,0.0200000000,Cardiomegaly,nan,0.0219890000
primary,unmentioned_negative,pathology_0,H2,M3,,interaction C2,False,not_registered,0.0066728778,-0.0043332940,0.0173523434,-0.0071609788,0.0211685412,0.2358820590,spans_zero,False,False,True,inconclusive,0.0200000000,Cardiomegaly,nan,0.7076460000
primary,unmentioned_negative,pathology_0,H2,M4,,interaction C1,True,confirmatory,-0.0252953507,-0.0374549071,-0.0133442781,-0.0413456289,-0.0091527372,0.0009995002,opposite,False,False,False,opposite_direction_material,0.0200000000,Cardiomegaly,nan,0.0049980000
primary,unmentioned_negative,pathology_0,H2,M4,,interaction C2,False,not_registered,0.0205290970,0.0095728980,0.0317892796,0.0062505867,0.0355019935,0.0009995002,hypothesised,True,False,False,confirmed,0.0200000000,Cardiomegaly,nan,0.0049980000
primary,unmentioned_negative,pathology_0,H3,M3,,transfer gap M3 - transfer gap M1,False,not_registered,0.0317973066,0.0213074242,0.0420521743,0.0174649004,0.0458054681,0.0009995002,hypothesised,,,,confirmed,nan,Cardiomegaly,confirmed,0.0049980000
primary,unmentioned_negative,pathology_0,H3,M4,,transfer gap M4 - transfer gap M1,False,not_registered,0.1078187619,0.0967106928,0.1185847206,0.0923597309,0.1213178199,0.0009995002,hypothesised,,,,confirmed,nan,Cardiomegaly,confirmed,0.0049980000
primary,unmentioned_negative,pathology_0,H4,M3,source,C2 - C1,True,secondary,0.0136926197,0.0043449392,0.0231501955,0.0019734856,0.0271137983,0.0019990005,hypothesised,,,,confirmed,nan,Cardiomegaly,nan,0.0059970000
primary,unmentioned_negative,pathology_0,H4,M4,source,C2 - C1,True,secondary,-0.0615203821,-0.0710214720,-0.0516911648,-0.0746621238,-0.0489143148,0.0009995002,opposite,,,,opposite_direction_not_material,nan,Cardiomegaly,nan,0.0049980000
primary,unmentioned_negative,pathology_0,H4,M3,external,C2 - C1,True,secondary,0.0322944833,0.0295130448,0.0351733080,0.0285488730,0.0362439317,0.0009995002,hypothesised,,,,confirmed,nan,Cardiomegaly,nan,0.0049980000
primary,unmentioned_negative,pathology_0,H4,M4,external,C2 - C1,True,secondary,-0.0156959344,-0.0186955268,-0.0128088578,-0.0198197463,-0.0120774874,0.0009995002,opposite,,,,opposite_direction_not_material,nan,Cardiomegaly,nan,0.0049980000
primary,unmentioned_negative,pathology_1,H1,M1,,external C0 - source C0,False,not_registered,0.0441979562,0.0308608117,0.0586894975,0.0261699841,0.0635920297,0.0009995002,hypothesised,True,True,False,confirmed,0.0200000000,Edema,nan,0.0049980000
primary,unmentioned_negative,pathology_1,H1,M2,,external C0 - source C0,False,not_registered,0.0898836065,0.0773705771,0.1021955265,0.0744288727,0.1059936569,0.0009995002,hypothesised,True,True,False,confirmed,0.0200000000,Edema,nan,0.0049980000
primary,unmentioned_negative,pathology_1,H1,M3,,external C0 - source C0,True,confirmatory,0.0831251012,0.0697156815,0.0978633156,0.0656619372,0.1032376703,0.0009995002,hypothesised,True,True,False,confirmed,0.0200000000,Edema,nan,0.0049980000
primary,unmentioned_negative,pathology_1,H1,M4,,external C0 - source C0,True,confirmatory,0.1811038895,0.1674807307,0.1959475832,0.1640078866,0.1996180888,0.0009995002,hypothesised,True,True,False,confirmed,0.0200000000,Edema,nan,0.0049980000
primary,unmentioned_negative,pathology_1,H2,M3,,interaction C1,True,confirmatory,-0.0669583214,-0.0744563639,-0.0590759374,-0.0770163705,-0.0559775804,0.0009995002,opposite,False,False,False,opposite_direction_material,0.0200000000,Edema,nan,0.0049980000
primary,unmentioned_negative,pathology_1,H2,M3,,interaction C2,False,not_registered,0.0039064406,-0.0056028373,0.0130762424,-0.0086785573,0.0162143556,0.4067966017,spans_zero,False,False,True,inconclusive,0.0200000000,Edema,nan,0.8135930000
primary,unmentioned_negative,pathology_1,H2,M4,,interaction C1,True,confirmatory,-0.0815713101,-0.0897151365,-0.0734355309,-0.0920079961,-0.0710166782,0.0009995002,opposite,False,False,False,opposite_direction_material,0.0200000000,Edema,nan,0.0049980000
primary,unmentioned_negative,pathology_1,H2,M4,,interaction C2,False,not_registered,0.0010336160,-0.0072910927,0.0094446186,-0.0097229965,0.0111631279,0.8165917041,spans_zero,False,False,True,inconclusive,0.0200000000,Edema,nan,1.0000000000
primary,unmentioned_negative,pathology_1,H3,M3,,transfer gap M3 - transfer gap M1,False,not_registered,0.0389271451,0.0309767469,0.0470032146,0.0285978950,0.0493405280,0.0009995002,hypothesised,,,,confirmed,nan,Edema,confirmed,0.0049980000
primary,unmentioned_negative,pathology_1,H3,M4,,transfer gap M4 - transfer gap M1,False,not_registered,0.1369059333,0.1275750165,0.1462454680,0.1245247852,0.1485057271,0.0009995002,hypothesised,,,,confirmed,nan,Edema,confirmed,0.0049980000
primary,unmentioned_negative,pathology_1,H4,M3,source,C2 - C1,True,secondary,-0.0026793964,-0.0108130084,0.0051870528,-0.0138078167,0.0082402702,0.4997501249,spans_zero,,,,inconclusive,nan,Edema,nan,0.4997500000
primary,unmentioned_negative,pathology_1,H4,M4,source,C2 - C1,True,secondary,0.0443931287,0.0374663549,0.0511121364,0.0354566508,0.0529334756,0.0009995002,hypothesised,,,,confirmed,nan,Edema,nan,0.0049980000
primary,unmentioned_negative,pathology_1,H4,M3,external,C2 - C1,True,secondary,0.0681853655,0.0655950470,0.0707347131,0.0648281900,0.0716134461,0.0009995002,hypothesised,,,,confirmed,nan,Edema,nan,0.0049980000
primary,unmentioned_negative,pathology_1,H4,M4,external,C2 - C1,True,secondary,0.1269980547,0.1236313321,0.1301391685,0.1226678337,0.1312638155,0.0009995002,hypothesised,,,,confirmed,nan,Edema,nan,0.0049980000
primary,unmentioned_negative,pathology_2,H1,M1,,external C0 - source C0,False,not_registered,0.1279815224,0.1078481467,0.1497357782,0.1003198090,0.1578682941,0.0009995002,hypothesised,True,True,False,confirmed,0.0200000000,Consolidation,nan,0.0049980000
primary,unmentioned_negative,pathology_2,H1,M2,,external C0 - source C0,False,not_registered,0.1457396577,0.1280761554,0.1648066688,0.1230126755,0.1702349709,0.0009995002,hypothesised,True,True,False,confirmed,0.0200000000,Consolidation,nan,0.0049980000
primary,unmentioned_negative,pathology_2,H1,M3,,external C0 - source C0,True,confirmatory,0.1484546687,0.1283701648,0.1707306412,0.1219575236,0.1780361312,0.0009995002,hypothesised,True,True,False,confirmed,0.0200000000,Consolidation,nan,0.0049980000
primary,unmentioned_negative,pathology_2,H1,M4,,external C0 - source C0,True,confirmatory,0.1291954140,0.1101084863,0.1499874206,0.1028852050,0.1583153123,0.0009995002,hypothesised,True,True,False,confirmed,0.0200000000,Consolidation,nan,0.0049980000
primary,unmentioned_negative,pathology_2,H2,M3,,interaction C1,True,confirmatory,-0.0462996735,-0.0563611312,-0.0357630776,-0.0596558817,-0.0323946877,0.0009995002,opposite,False,False,False,opposite_direction_material,0.0200000000,Consolidation,nan,0.0049980000
primary,unmentioned_negative,pathology_2,H2,M3,,interaction C2,False,not_registered,0.0294783798,0.0180939149,0.0401302375,0.0147130243,0.0447857030,0.0009995002,hypothesised,True,False,False,confirmed,0.0200000000,Consolidation,nan,0.0049980000
primary,unmentioned_negative,pathology_2,H2,M4,,interaction C1,True,confirmatory,-0.0224226724,-0.0327905603,-0.0124626403,-0.0368789923,-0.0101751176,0.0009995002,opposite,False,False,False,opposite_direction_material,0.0200000000,Consolidation,nan,0.0049980000
primary,unmentioned_negative,pathology_2,H2,M4,,interaction C2,False,not_registered,-0.0011618523,-0.0094144115,0.0076003666,-0.0118310743,0.0106459310,0.7986006997,spans_zero,False,False,True,inconclusive,0.0200000000,Consolidation,nan,1.0000000000
primary,unmentioned_negative,pathology_2,H3,M3,,transfer gap M3 - transfer gap M1,False,not_registered,0.0204731463,0.0114526980,0.0297341704,0.0079287130,0.0330869486,0.0009995002,hypothesised,,,,confirmed,nan,Consolidation,confirmed,0.0049980000
primary,unmentioned_negative,pathology_2,H3,M4,,transfer gap M4 - transfer gap M1,False,not_registered,0.0012138916,-0.0076334693,0.0096977749,-0.0108166168,0.0131446625,0.8005997001,spans_zero,,,,inconclusive,nan,Consolidation,inconclusive,0.8006000000
primary,unmentioned_negative,pathology_2,H4,M3,source,C2 - C1,True,secondary,0.0796918510,0.0700236007,0.0904162609,0.0661216242,0.0936294473,0.0009995002,hypothesised,,,,confirmed,nan,Consolidation,nan,0.0049980000
primary,unmentioned_negative,pathology_2,H4,M4,source,C2 - C1,True,secondary,0.1331575994,0.1238634288,0.1432376719,0.1216533762,0.1468264390,0.0009995002,hypothesised,,,,confirmed,nan,Consolidation,nan,0.0049980000
primary,unmentioned_negative,pathology_2,H4,M3,external,C2 - C1,True,secondary,0.1554699042,0.1520506224,0.1586582099,0.1508297803,0.1599583187,0.0009995002,hypothesised,,,,confirmed,nan,Consolidation,nan,0.0049980000
primary,unmentioned_negative,pathology_2,H4,M4,external,C2 - C1,True,secondary,0.1544184194,0.1514042554,0.1574076860,0.1503980998,0.1584574675,0.0009995002,hypothesised,,,,confirmed,nan,Consolidation,nan,0.0049980000
primary,unmentioned_negative,pathology_3,H1,M1,,external C0 - source C0,False,not_registered,0.0814886030,0.0663380191,0.0967539965,0.0600369050,0.1027259390,0.0009995002,hypothesised,True,True,False,confirmed,0.0200000000,Atelectasis,nan,0.0049980000
primary,unmentioned_negative,pathology_3,H1,M2,,external C0 - source C0,False,not_registered,0.1131766914,0.1020419427,0.1244581142,0.0981883921,0.1286758029,0.0009995002,hypothesised,True,True,False,confirmed,0.0200000000,Atelectasis,nan,0.0049980000
primary,unmentioned_negative,pathology_3,H1,M3,,external C0 - source C0,True,confirmatory,0.1034599560,0.0880372571,0.1188575832,0.0828708994,0.1241749059,0.0009995002,hypothesised,True,True,False,confirmed,0.0200000000,Atelectasis,nan,0.0049980000
primary,unmentioned_negative,pathology_3,H1,M4,,external C0 - source C0,True,confirmatory,0.1526011571,0.1382745263,0.1659553974,0.1350512829,0.1711540771,0.0009995002,hypothesised,True,True,False,confirmed,0.0200000000,Atelectasis,nan,0.0049980000
primary,unmentioned_negative,pathology_3,H2,M3,,interaction C1,True,confirmatory,-0.0253932550,-0.0339975817,-0.0165418218,-0.0362608829,-0.0137418837,0.0009995002,opposite,False,False,False,opposite_direction_material,0.0200000000,Atelectasis,nan,0.0049980000
primary,unmentioned_negative,pathology_3,H2,M3,,interaction C2,False,not_registered,0.0095266633,-0.0008815698,0.0195058941,-0.0041825218,0.0231131705,0.0819590205,spans_zero,False,False,True,inconclusive,0.0200000000,Atelectasis,nan,0.3278360000
primary,unmentioned_negative,pathology_3,H2,M4,,interaction C1,True,confirmatory,-0.0470771012,-0.0575983559,-0.0354346711,-0.0616205896,-0.0323014771,0.0009995002,opposite,False,False,False,opposite_direction_material,0.0200000000,Atelectasis,nan,0.0049980000
primary,unmentioned_negative,pathology_3,H2,M4,,interaction C2,False,not_registered,0.0382227263,0.0276968214,0.0495169482,0.0253804848,0.0526922326,0.0009995002,hypothesised,True,True,False,confirmed,0.0200000000,Atelectasis,nan,0.0049980000
primary,unmentioned_negative,pathology_3,H3,M3,,transfer gap M3 - transfer gap M1,False,not_registered,0.0219713530,0.0125486083,0.0311931132,0.0090801038,0.0351226447,0.0009995002,hypothesised,,,,confirmed,nan,Atelectasis,confirmed,0.0049980000
primary,unmentioned_negative,pathology_3,H3,M4,,transfer gap M4 - transfer gap M1,False,not_registered,0.0711125541,0.0537050915,0.0869149426,0.0465662193,0.0929578899,0.0009995002,hypothesised,,,,confirmed,nan,Atelectasis,confirmed,0.0049980000
primary,unmentioned_negative,pathology_3,H4,M3,source,C2 - C1,True,secondary,-0.0119094765,-0.0212275918,-0.0030487016,-0.0245321867,0.0001148285,0.0099950025,opposite,,,,opposite_direction_not_material,nan,Atelectasis,nan,0.0199900000
primary,unmentioned_negative,pathology_3,H4,M4,source,C2 - C1,True,secondary,-0.1408541999,-0.1516932251,-0.1297333965,-0.1560973679,-0.1253654596,0.0009995002,opposite,,,,opposite_direction_not_material,nan,Atelectasis,nan,0.0049980000
primary,unmentioned_negative,pathology_3,H4,M3,external,C2 - C1,True,secondary,0.0230104419,0.0198780735,0.0258235296,0.0190518007,0.0268883703,0.0009995002,hypothesised,,,,confirmed,nan,Atelectasis,nan,0.0049980000
primary,unmentioned_negative,pathology_3,H4,M4,external,C2 - C1,True,secondary,-0.0555543724,-0.0584600904,-0.0526757179,-0.0594302704,-0.0515423996,0.0009995002,opposite,,,,opposite_direction_not_material,nan,Atelectasis,nan,0.0049980000
primary,unmentioned_negative,pathology_4,H1,M1,,external C0 - source C0,False,not_registered,0.0188088089,0.0062803531,0.0315546367,0.0018320399,0.0353656624,0.0029985007,hypothesised,False,False,False,same_direction_not_material,0.0200000000,Pleural Effusion,nan,0.0049980000
primary,unmentioned_negative,pathology_4,H1,M2,,external C0 - source C0,False,not_registered,-0.0786638828,-0.0914588510,-0.0655102259,-0.0955506439,-0.0610066719,0.0009995002,opposite,False,False,False,opposite_direction_material,0.0200000000,Pleural Effusion,nan,0.0049980000
primary,unmentioned_negative,pathology_4,H1,M3,,external C0 - source C0,True,confirmatory,-0.0075232025,-0.0197536928,0.0052722042,-0.0241633836,0.0101055625,0.2988505747,spans_zero,False,False,True,inconclusive,0.0200000000,Pleural Effusion,nan,0.2988510000
primary,unmentioned_negative,pathology_4,H1,M4,,external C0 - source C0,True,confirmatory,0.0303243433,0.0186176111,0.0423271104,0.0141086887,0.0463536635,0.0009995002,hypothesised,True,False,False,confirmed,0.0200000000,Pleural Effusion,nan,0.0049980000
primary,unmentioned_negative,pathology_4,H2,M3,,interaction C1,True,confirmatory,-0.0258251351,-0.0327530450,-0.0191811831,-0.0350649903,-0.0175596074,0.0009995002,opposite,False,False,False,opposite_direction_material,0.0200000000,Pleural Effusion,nan,0.0049980000
primary,unmentioned_negative,pathology_4,H2,M3,,interaction C2,False,not_registered,0.0012944281,-0.0069544432,0.0092694192,-0.0097427322,0.0125694783,0.7706146927,spans_zero,False,False,True,inconclusive,0.0200000000,Pleural Effusion,nan,0.8135930000
primary,unmentioned_negative,pathology_4,H2,M4,,interaction C1,True,confirmatory,0.0008432480,-0.0097660104,0.0114393328,-0.0137335188,0.0148011365,0.8895552224,spans_zero,False,False,True,inconclusive,0.0200000000,Pleural Effusion,nan,0.8895550000
primary,unmentioned_negative,pathology_4,H2,M4,,interaction C2,False,not_registered,0.0218683053,0.0107795150,0.0319557404,0.0080589482,0.0351983203,0.0009995002,hypothesised,True,False,False,confirmed,0.0200000000,Pleural Effusion,nan,0.0049980000
primary,unmentioned_negative,pathology_4,H3,M3,,transfer gap M3 - transfer gap M1,False,not_registered,-0.0263320114,-0.0337901376,-0.0186094597,-0.0371854171,-0.0162423452,0.0009995002,opposite,,,,opposite_direction_not_material,nan,Pleural Effusion,opposite_direction_material,0.0049980000
primary,unmentioned_negative,pathology_4,H3,M4,,transfer gap M4 - transfer gap M1,False,not_registered,0.0115155344,0.0005578292,0.0228708681,-0.0026486087,0.0267206727,0.0379810095,hypothesised,,,,confirmed,nan,Pleural Effusion,same_direction_not_material,0.0759620000
primary,unmentioned_negative,pathology_4,H4,M3,source,C2 - C1,True,secondary,0.0124717283,0.0049737736,0.0199466835,0.0025842756,0.0227653146,0.0009995002,hypothesised,,,,confirmed,nan,Pleural Effusion,nan,0.0049980000
primary,unmentioned_negative,pathology_4,H4,M4,source,C2 - C1,True,secondary,0.1237825400,0.1149473174,0.1325615165,0.1121294632,0.1354097014,0.0009995002,hypothesised,,,,confirmed,nan,Pleural Effusion,nan,0.0049980000
primary,unmentioned_negative,pathology_4,H4,M3,external,C2 - C1,True,secondary,0.0395912914,0.0373669576,0.0417909052,0.0366338840,0.0425582357,0.0009995002,hypothesised,,,,confirmed,nan,Pleural Effusion,nan,0.0049980000
primary,unmentioned_negative,pathology_4,H4,M4,external,C2 - C1,True,secondary,0.1448075973,0.1412496164,0.1485260856,0.1401658598,0.1496962934,0.0009995002,hypothesised,,,,confirmed,nan,Pleural Effusion,nan,0.0049980000
findings_S1,primary,pathology_0,H1,M1,,external C0 - source C0,False,not_registered,0.0093679956,-0.0052894757,0.0241665842,-0.0107537667,0.0309510355,0.2188905547,spans_zero,False,False,False,inconclusive,0.0200000000,Cardiomegaly,nan,0.2188910000
findings_S1,primary,pathology_0,H1,M2,,external C0 - source C0,False,not_registered,0.0685132918,0.0499836063,0.0872470212,0.0436642502,0.0952906493,0.0009995002,hypothesised,True,True,False,confirmed,0.0200000000,Cardiomegaly,nan,0.0049980000
findings_S1,primary,pathology_0,H1,M3,,external C0 - source C0,True,confirmatory,-0.0206729085,-0.0372494258,-0.0036468851,-0.0418620277,0.0007343106,0.0139930035,opposite,False,False,False,opposite_direction_material,0.0200000000,Cardiomegaly,nan,0.0279860000
findings_S1,primary,pathology_0,H1,M4,,external C0 - source C0,True,confirmatory,0.0177563932,0.0010071006,0.0340810830,-0.0040669082,0.0403607724,0.0339830085,hypothesised,False,False,False,same_direction_not_material,0.0200000000,Cardiomegaly,nan,0.1019490000
findings_S1,primary,pathology_0,H2,M3,,interaction C1,True,confirmatory,0.0340482306,0.0201064971,0.0478532296,0.0158057959,0.0518341696,0.0009995002,hypothesised,True,True,False,confirmed,0.0200000000,Cardiomegaly,nan,0.0049980000
findings_S1,primary,pathology_0,H2,M3,,interaction C2,False,not_registered,0.0101770081,-0.0058378840,0.0254455631,-0.0103762709,0.0297053873,0.2008995502,spans_zero,False,False,False,inconclusive,0.0200000000,Cardiomegaly,nan,0.6026990000
findings_S1,primary,pathology_0,H2,M4,,interaction C1,True,confirmatory,0.0091794638,-0.0043375575,0.0229664156,-0.0089698549,0.0278120815,0.1749125437,spans_zero,False,False,False,inconclusive,0.0200000000,Cardiomegaly,nan,0.1749130000
findings_S1,primary,pathology_0,H2,M4,,interaction C2,False,not_registered,0.0139352299,-0.0012013914,0.0288070384,-0.0076685352,0.0351677072,0.0699650175,spans_zero,False,False,False,inconclusive,0.0200000000,Cardiomegaly,nan,0.2098950000
findings_S1,primary,pathology_0,H3,M3,,transfer gap M3 - transfer gap M1,False,not_registered,-0.0300409041,-0.0457586975,-0.0145087003,-0.0512502503,-0.0094879129,0.0009995002,opposite,,,,opposite_direction_not_material,nan,Cardiomegaly,opposite_direction_material,0.0049980000
findings_S1,primary,pathology_0,H3,M4,,transfer gap M4 - transfer gap M1,False,not_registered,0.0083883976,-0.0064490277,0.0227864465,-0.0119501696,0.0277768025,0.2678660670,spans_zero,,,,inconclusive,nan,Cardiomegaly,inconclusive,0.5357320000
findings_S1,primary,pathology_0,H4,M3,source,C2 - C1,True,secondary,0.0620291780,0.0491001588,0.0747974524,0.0434442271,0.0790825297,0.0009995002,hypothesised,,,,confirmed,nan,Cardiomegaly,nan,0.0049980000
findings_S1,primary,pathology_0,H4,M4,source,C2 - C1,True,secondary,0.0310939335,0.0195248994,0.0437301199,0.0146080406,0.0484424987,0.0009995002,hypothesised,,,,confirmed,nan,Cardiomegaly,nan,0.0049980000
findings_S1,primary,pathology_0,H4,M3,external,C2 - C1,True,secondary,0.0381579555,0.0310798109,0.0449682110,0.0287857350,0.0480436276,0.0009995002,hypothesised,,,,confirmed,nan,Cardiomegaly,nan,0.0049980000
findings_S1,primary,pathology_0,H4,M4,external,C2 - C1,True,secondary,0.0358496996,0.0282824803,0.0436088871,0.0260588980,0.0468211140,0.0009995002,hypothesised,,,,confirmed,nan,Cardiomegaly,nan,0.0049980000
findings_S1,primary,pathology_1,H1,M1,,external C0 - source C0,False,not_registered,0.1230549823,0.1028987362,0.1429428139,0.0968749032,0.1488125210,0.0009995002,hypothesised,True,True,False,confirmed,0.0200000000,Edema,nan,0.0049980000
findings_S1,primary,pathology_1,H1,M2,,external C0 - source C0,False,not_registered,-0.1221953827,-0.1460700087,-0.0995092249,-0.1552521671,-0.0903626799,0.0009995002,opposite,False,False,False,opposite_direction_material,0.0200000000,Edema,nan,0.0049980000
findings_S1,primary,pathology_1,H1,M3,,external C0 - source C0,True,confirmatory,0.0935605986,0.0739456898,0.1128999428,0.0665198716,0.1191658182,0.0009995002,hypothesised,True,True,False,confirmed,0.0200000000,Edema,nan,0.0049980000
findings_S1,primary,pathology_1,H1,M4,,external C0 - source C0,True,confirmatory,-0.0115793196,-0.0305264954,0.0066632092,-0.0356647506,0.0126194836,0.2348825587,spans_zero,False,False,False,inconclusive,0.0200000000,Edema,nan,0.4697650000
findings_S1,primary,pathology_1,H2,M3,,interaction C1,True,confirmatory,0.0578372798,0.0409076916,0.0753555848,0.0354845116,0.0811760727,0.0009995002,hypothesised,True,True,False,confirmed,0.0200000000,Edema,nan,0.0049980000
findings_S1,primary,pathology_1,H2,M3,,interaction C2,False,not_registered,0.0027137979,-0.0173881059,0.0230968924,-0.0224122655,0.0290652866,0.7906046977,spans_zero,False,False,False,inconclusive,0.0200000000,Edema,nan,1.0000000000
findings_S1,primary,pathology_1,H2,M4,,interaction C1,True,confirmatory,0.0959721868,0.0802137443,0.1114542072,0.0734656109,0.1161432194,0.0009995002,hypothesised,True,True,False,confirmed,0.0200000000,Edema,nan,0.0049980000
findings_S1,primary,pathology_1,H2,M4,,interaction C2,False,not_registered,-0.0009905962,-0.0175130782,0.0167124281,-0.0239107431,0.0215315808,0.9105447276,spans_zero,False,False,True,inconclusive,0.0200000000,Edema,nan,0.9105450000
findings_S1,primary,pathology_1,H3,M3,,transfer gap M3 - transfer gap M1,False,not_registered,-0.0294943837,-0.0468747662,-0.0128103446,-0.0531278051,-0.0081651387,0.0009995002,opposite,,,,opposite_direction_not_material,nan,Edema,opposite_direction_material,0.0049980000
findings_S1,primary,pathology_1,H3,M4,,transfer gap M4 - transfer gap M1,False,not_registered,-0.1346343019,-0.1525067450,-0.1150648187,-0.1590607626,-0.1087986833,0.0009995002,opposite,,,,opposite_direction_not_material,nan,Edema,opposite_direction_material,0.0049980000
findings_S1,primary,pathology_1,H4,M3,source,C2 - C1,True,secondary,0.0624391627,0.0449709755,0.0798158921,0.0407229167,0.0863486639,0.0009995002,hypothesised,,,,confirmed,nan,Edema,nan,0.0049980000
findings_S1,primary,pathology_1,H4,M4,source,C2 - C1,True,secondary,0.0570552985,0.0430013055,0.0722987533,0.0377527319,0.0782421517,0.0009995002,hypothesised,,,,confirmed,nan,Edema,nan,0.0049980000
findings_S1,primary,pathology_1,H4,M3,external,C2 - C1,True,secondary,0.0073156808,-0.0012512979,0.0161317248,-0.0040808573,0.0194855915,0.0839580210,spans_zero,,,,inconclusive,nan,Edema,nan,0.1679160000
findings_S1,primary,pathology_1,H4,M4,external,C2 - C1,True,secondary,-0.0399074844,-0.0479779173,-0.0316890656,-0.0504102993,-0.0291996962,0.0009995002,opposite,,,,opposite_direction_not_material,nan,Edema,nan,0.0049980000
findings_S1,primary,pathology_2,H1,M1,,external C0 - source C0,False,not_registered,0.0438142495,0.0285095089,0.0582859340,0.0247261224,0.0645837590,0.0009995002,hypothesised,True,True,False,confirmed,0.0200000000,Consolidation,nan,0.0049980000
findings_S1,primary,pathology_2,H1,M2,,external C0 - source C0,False,not_registered,0.1714250785,0.1493350228,0.1936842776,0.1428568562,0.2004039962,0.0009995002,hypothesised,True,True,False,confirmed,0.0200000000,Consolidation,nan,0.0049980000
findings_S1,primary,pathology_2,H1,M3,,external C0 - source C0,True,confirmatory,0.0779567105,0.0590155407,0.0966588966,0.0513462176,0.1052131308,0.0009995002,hypothesised,True,True,False,confirmed,0.0200000000,Consolidation,nan,0.0049980000
findings_S1,primary,pathology_2,H1,M4,,external C0 - source C0,True,confirmatory,0.0370500239,0.0183546108,0.0552959916,0.0122962426,0.0604520669,0.0009995002,hypothesised,True,False,False,confirmed,0.0200000000,Consolidation,nan,0.0049980000
findings_S1,primary,pathology_2,H2,M3,,interaction C1,True,confirmatory,-0.0093483880,-0.0258977115,0.0077715464,-0.0312239975,0.0131356558,0.2798600700,spans_zero,False,False,False,inconclusive,0.0200000000,Consolidation,nan,0.2798600000
findings_S1,primary,pathology_2,H2,M3,,interaction C2,False,not_registered,-0.0030654929,-0.0258038960,0.0199182152,-0.0324322132,0.0280332488,0.8225887056,spans_zero,False,False,False,inconclusive,0.0200000000,Consolidation,nan,1.0000000000
findings_S1,primary,pathology_2,H2,M4,,interaction C1,True,confirmatory,0.0336225368,0.0166245237,0.0514066417,0.0107580082,0.0562627807,0.0009995002,hypothesised,True,False,False,confirmed,0.0200000000,Consolidation,nan,0.0049980000
findings_S1,primary,pathology_2,H2,M4,,interaction C2,False,not_registered,0.0190000324,0.0002841487,0.0389093613,-0.0069494973,0.0449801548,0.0489755122,hypothesised,False,False,False,same_direction_not_material,0.0200000000,Consolidation,nan,0.1959020000
findings_S1,primary,pathology_2,H3,M3,,transfer gap M3 - transfer gap M1,False,not_registered,0.0341424610,0.0177805169,0.0521470961,0.0115849835,0.0575473126,0.0009995002,hypothesised,,,,confirmed,nan,Consolidation,confirmed,0.0049980000
findings_S1,primary,pathology_2,H3,M4,,transfer gap M4 - transfer gap M1,False,not_registered,-0.0067642256,-0.0242465658,0.0107566334,-0.0309408437,0.0184837087,0.4807596202,spans_zero,,,,inconclusive,nan,Consolidation,inconclusive,0.5357320000
findings_S1,primary,pathology_2,H4,M3,source,C2 - C1,True,secondary,0.1179888157,0.1035809366,0.1328411368,0.0977167542,0.1374978910,0.0009995002,hypothesised,,,,confirmed,nan,Consolidation,nan,0.0049980000
findings_S1,primary,pathology_2,H4,M4,source,C2 - C1,True,secondary,0.1005199449,0.0876202700,0.1140747422,0.0822338988,0.1188195272,0.0009995002,hypothesised,,,,confirmed,nan,Consolidation,nan,0.0049980000
findings_S1,primary,pathology_2,H4,M3,external,C2 - C1,True,secondary,0.1242717107,0.1110019193,0.1376154830,0.1056651894,0.1419465656,0.0009995002,hypothesised,,,,confirmed,nan,Consolidation,nan,0.0049980000
findings_S1,primary,pathology_2,H4,M4,external,C2 - C1,True,secondary,0.0858974405,0.0741589951,0.0974849888,0.0697901912,0.1013525262,0.0009995002,hypothesised,,,,confirmed,nan,Consolidation,nan,0.0049980000
findings_S1,primary,pathology_3,H1,M1,,external C0 - source C0,False,not_registered,0.1171915736,0.0829039753,0.1513472994,0.0699231383,0.1604555534,0.0009995002,hypothesised,True,True,False,confirmed,0.0200000000,Atelectasis,nan,0.0049980000
findings_S1,primary,pathology_3,H1,M2,,external C0 - source C0,False,not_registered,-0.0193099353,-0.0333655388,-0.0061373302,-0.0382678307,-0.0005252604,0.0079960020,opposite,False,False,False,opposite_direction_not_material,0.0200000000,Atelectasis,nan,0.0079960000
findings_S1,primary,pathology_3,H1,M3,,external C0 - source C0,True,confirmatory,0.0517910488,0.0195134920,0.0830238703,0.0069344434,0.0942714727,0.0029985007,hypothesised,True,False,False,confirmed,0.0200000000,Atelectasis,nan,0.0089960000
findings_S1,primary,pathology_3,H1,M4,,external C0 - source C0,True,confirmatory,-0.0359447890,-0.0540806587,-0.0169592014,-0.0616041291,-0.0117399672,0.0009995002,opposite,False,False,False,opposite_direction_material,0.0200000000,Atelectasis,nan,0.0049980000
findings_S1,primary,pathology_3,H2,M3,,interaction C1,True,confirmatory,0.0688250246,0.0421894365,0.0931913623,0.0338100323,0.1028569527,0.0009995002,hypothesised,True,True,False,confirmed,0.0200000000,Atelectasis,nan,0.0049980000
findings_S1,primary,pathology_3,H2,M3,,interaction C2,False,not_registered,-0.0332757707,-0.0627467752,-0.0043277321,-0.0716777364,0.0044271253,0.0299850075,opposite,False,False,False,opposite_direction_material,0.0200000000,Atelectasis,nan,0.1349330000
findings_S1,primary,pathology_3,H2,M4,,interaction C1,True,confirmatory,0.0312763112,0.0138663146,0.0489805772,0.0082560035,0.0567204248,0.0019990005,hypothesised,True,False,False,confirmed,0.0200000000,Atelectasis,nan,0.0049980000
findings_S1,primary,pathology_3,H2,M4,,interaction C2,False,not_registered,-0.0202129943,-0.0429569677,0.0030938736,-0.0505422126,0.0105842951,0.0979510245,spans_zero,False,False,False,inconclusive,0.0200000000,Atelectasis,nan,0.2098950000
findings_S1,primary,pathology_3,H3,M3,,transfer gap M3 - transfer gap M1,False,not_registered,-0.0654005248,-0.0916518199,-0.0392160912,-0.1007008400,-0.0318101614,0.0009995002,opposite,,,,opposite_direction_not_material,nan,Atelectasis,opposite_direction_material,0.0049980000
findings_S1,primary,pathology_3,H3,M4,,transfer gap M4 - transfer gap M1,False,not_registered,-0.1531363626,-0.1881023776,-0.1199183283,-0.1966780844,-0.1049269208,0.0009995002,opposite,,,,opposite_direction_not_material,nan,Atelectasis,opposite_direction_material,0.0049980000
findings_S1,primary,pathology_3,H4,M3,source,C2 - C1,True,secondary,0.1021099367,0.0778951189,0.1267381502,0.0695708955,0.1328966011,0.0009995002,hypothesised,,,,confirmed,nan,Atelectasis,nan,0.0049980000
findings_S1,primary,pathology_3,H4,M4,source,C2 - C1,True,secondary,0.1044298481,0.0874264573,0.1226645116,0.0803037409,0.1288710939,0.0009995002,hypothesised,,,,confirmed,nan,Atelectasis,nan,0.0049980000
findings_S1,primary,pathology_3,H4,M3,external,C2 - C1,True,secondary,0.0000091414,-0.0129375783,0.0122752360,-0.0172200249,0.0163841089,0.9965017491,spans_zero,,,,inconclusive,nan,Atelectasis,nan,0.9965020000
findings_S1,primary,pathology_3,H4,M4,external,C2 - C1,True,secondary,0.0529405426,0.0453304900,0.0606194568,0.0427752840,0.0640664308,0.0009995002,hypothesised,,,,confirmed,nan,Atelectasis,nan,0.0049980000
findings_S1,primary,pathology_4,H1,M1,,external C0 - source C0,False,not_registered,0.0883309241,0.0780052074,0.0988644940,0.0752785735,0.1026534964,0.0009995002,hypothesised,True,True,False,confirmed,0.0200000000,Pleural Effusion,nan,0.0049980000
findings_S1,primary,pathology_4,H1,M2,,external C0 - source C0,False,not_registered,-0.0296882221,-0.0452683302,-0.0140470128,-0.0518653530,-0.0090158743,0.0009995002,opposite,False,False,False,opposite_direction_material,0.0200000000,Pleural Effusion,nan,0.0049980000
findings_S1,primary,pathology_4,H1,M3,,external C0 - source C0,True,confirmatory,-0.0094901972,-0.0215807022,0.0031325705,-0.0247927641,0.0084935074,0.1389305347,spans_zero,False,False,False,inconclusive,0.0200000000,Pleural Effusion,nan,0.1389310000
findings_S1,primary,pathology_4,H1,M4,,external C0 - source C0,True,confirmatory,-0.0025304227,-0.0139185679,0.0092357294,-0.0173097365,0.0129071293,0.6526736632,spans_zero,False,False,True,inconclusive,0.0200000000,Pleural Effusion,nan,0.6526740000
findings_S1,primary,pathology_4,H2,M3,,interaction C1,True,confirmatory,0.0118872308,0.0040381556,0.0200082359,0.0009029397,0.0226581434,0.0029985007,hypothesised,False,False,False,same_direction_not_material,0.0200000000,Pleural Effusion,nan,0.0059970000
findings_S1,primary,pathology_4,H2,M3,,interaction C2,False,not_registered,0.0111409531,0.0013777999,0.0212996716,-0.0012215194,0.0242099938,0.0269865067,hypothesised,False,False,False,same_direction_not_material,0.0200000000,Pleural Effusion,nan,0.1349330000
findings_S1,primary,pathology_4,H2,M4,,interaction C1,True,confirmatory,0.1828726717,0.1705118852,0.1952095267,0.1653122671,0.1996144770,0.0009995002,hypothesised,True,True,False,confirmed,0.0200000000,Pleural Effusion,nan,0.0049980000
findings_S1,primary,pathology_4,H2,M4,,interaction C2,False,not_registered,0.0276476800,0.0156939952,0.0390947505,0.0118940291,0.0425836966,0.0009995002,hypothesised,True,False,False,confirmed,0.0200000000,Pleural Effusion,nan,0.0049980000
findings_S1,primary,pathology_4,H3,M3,,transfer gap M3 - transfer gap M1,False,not_registered,-0.0978211213,-0.1087131384,-0.0869360867,-0.1122742542,-0.0827469172,0.0009995002,opposite,,,,opposite_direction_not_material,nan,Pleural Effusion,opposite_direction_material,0.0049980000
findings_S1,primary,pathology_4,H3,M4,,transfer gap M4 - transfer gap M1,False,not_registered,-0.0908613468,-0.1020531855,-0.0788635527,-0.1056546990,-0.0745624673,0.0009995002,opposite,,,,opposite_direction_not_material,nan,Pleural Effusion,opposite_direction_material,0.0049980000
findings_S1,primary,pathology_4,H4,M3,source,C2 - C1,True,secondary,0.0312973668,0.0228453508,0.0393784063,0.0202064228,0.0419302610,0.0009995002,hypothesised,,,,confirmed,nan,Pleural Effusion,nan,0.0049980000
findings_S1,primary,pathology_4,H4,M4,source,C2 - C1,True,secondary,0.0364290691,0.0269524998,0.0460272119,0.0246634209,0.0493303542,0.0009995002,hypothesised,,,,confirmed,nan,Pleural Effusion,nan,0.0049980000
findings_S1,primary,pathology_4,H4,M3,external,C2 - C1,True,secondary,0.0305510891,0.0254748293,0.0354299669,0.0241593025,0.0367164048,0.0009995002,hypothesised,,,,confirmed,nan,Pleural Effusion,nan,0.0049980000
findings_S1,primary,pathology_4,H4,M4,external,C2 - C1,True,secondary,-0.1187959226,-0.1264595877,-0.1113501082,-0.1291361152,-0.1094279132,0.0009995002,opposite,,,,opposite_direction_not_material,nan,Pleural Effusion,nan,0.0049980000
