site,model,condition,score,coverage_evaluable,risk_evaluable_study
source,M1,C0,frozen,0.0500000000,0.0639316239
source,M1,C0,frozen,0.0600000000,0.0728632479
source,M1,C0,frozen,0.0700000000,0.0800061050
source,M1,C0,frozen,0.0800000000,0.0814903846
source,M1,C0,frozen,0.0900000000,0.0884615385
source,M1,C0,frozen,0.1000000000,0.0896794872
source,M1,C0,frozen,0.1100000000,0.0997280497
source,M1,C0,frozen,0.1200000000,0.0991631054
source,M1,C0,frozen,0.1300000000,0.0989316239
source,M1,C0,frozen,0.1400000000,0.1005189255
source,M1,C0,frozen,0.1500000000,0.1074216524
source,M1,C0,frozen,0.1600000000,0.1091880342
source,M1,C0,frozen,0.1700000000,0.1113122172
source,M1,C0,frozen,0.1800000000,0.1125474834
source,M1,C0,frozen,0.1900000000,0.1152271705
source,M1,C0,frozen,0.2000000000,0.1182264957
source,M1,C0,frozen,0.2100000000,0.1205840456
source,M1,C0,frozen,0.2200000000,0.1201534577
source,M1,C0,frozen,0.2300000000,0.1224080268
source,M1,C0,frozen,0.2400000000,0.1256321225
source,M1,C0,frozen,0.2500000000,0.1264615385
source,M1,C0,frozen,0.2600000000,0.1272271532
source,M1,C0,frozen,0.2700000000,0.1274612219
source,M1,C0,frozen,0.2800000000,0.1287851038
source,M1,C0,frozen,0.2900000000,0.1316018273
source,M1,C0,frozen,0.3000000000,0.1326353276
source,M1,C0,frozen,0.3100000000,0.1371105597
source,M1,C0,frozen,0.3200000000,0.1392361111
source,M1,C0,frozen,0.3300000000,0.1412328412
source,M1,C0,frozen,0.3400000000,0.1428670186
source,M1,C0,frozen,0.3500000000,0.1454090354
source,M1,C0,frozen,0.3600000000,0.1458808167
source,M1,C0,frozen,0.3700000000,0.1488103488
source,M1,C0,frozen,0.3800000000,0.1514732344
source,M1,C0,frozen,0.3900000000,0.1547939952
source,M1,C0,frozen,0.4000000000,0.1563995726
source,M1,C0,frozen,0.4100000000,0.1597873671
source,M1,C0,frozen,0.4200000000,0.1597476597
source,M1,C0,frozen,0.4300000000,0.1610763268
source,M1,C0,frozen,0.4400000000,0.1647970085
source,M1,C0,frozen,0.4500000000,0.1681339031
source,M1,C0,frozen,0.4600000000,0.1683110368
source,M1,C0,frozen,0.4700000000,0.1696172031
source,M1,C0,frozen,0.4800000000,0.1712695869
source,M1,C0,frozen,0.4900000000,0.1723181580
source,M1,C0,frozen,0.5000000000,0.1743224758
source,M1,C0,frozen,0.5100000000,0.1759533987
source,M1,C0,frozen,0.5200000000,0.1774393753
source,M1,C0,frozen,0.5300000000,0.1781232357
source,M1,C0,frozen,0.5400000000,0.1800482862
source,M1,C0,frozen,0.5500000000,0.1837879848
source,M1,C0,frozen,0.5600000000,0.1853522632
source,M1,C0,frozen,0.5700000000,0.1851331084
source,M1,C0,frozen,0.5800000000,0.1867860565
source,M1,C0,frozen,0.5900000000,0.1884191842
source,M1,C0,frozen,0.6000000000,0.1899088124
source,M1,C0,frozen,0.6100000000,0.1905262420
source,M1,C0,frozen,0.6200000000,0.1925439504
source,M1,C0,frozen,0.6300000000,0.1937614492
source,M1,C0,frozen,0.6400000000,0.1944399920
source,M1,C0,frozen,0.6500000000,0.1975373183
source,M1,C0,frozen,0.6600000000,0.1989637977
source,M1,C0,frozen,0.6700000000,0.1997575758
source,M1,C0,frozen,0.6800000000,0.2014551512
source,M1,C0,frozen,0.6900000000,0.2033420058
source,M1,C0,frozen,0.7000000000,0.2042834463
source,M1,C0,frozen,0.7100000000,0.2047739450
source,M1,C0,frozen,0.7200000000,0.2061739389
source,M1,C0,frozen,0.7300000000,0.2066280227
source,M1,C0,frozen,0.7400000000,0.2080517530
source,M1,C0,frozen,0.7500000000,0.2091012709
source,M1,C0,frozen,0.7600000000,0.2102834486
source,M1,C0,frozen,0.7700000000,0.2109797391
source,M1,C0,frozen,0.7800000000,0.2111786947
source,M1,C0,frozen,0.7900000000,0.2117242872
source,M1,C0,frozen,0.8000000000,0.2128653096
source,M1,C0,frozen,0.8100000000,0.2127460292
source,M1,C0,frozen,0.8200000000,0.2133437581
source,M1,C0,frozen,0.8300000000,0.2142231835
source,M1,C0,frozen,0.8400000000,0.2158474533
source,M1,C0,frozen,0.8500000000,0.2163599336
source,M1,C0,frozen,0.8600000000,0.2175463446
source,M1,C0,frozen,0.8700000000,0.2195406534
source,M1,C0,frozen,0.8800000000,0.2200689689
source,M1,C0,frozen,0.8900000000,0.2193728089
source,M1,C0,frozen,0.9000000000,0.2199862279
source,M1,C0,frozen,0.9100000000,0.2215302240
source,M1,C0,frozen,0.9200000000,0.2233379791
source,M1,C0,frozen,0.9300000000,0.2241072660
source,M1,C0,frozen,0.9400000000,0.2250988951
source,M1,C0,frozen,0.9500000000,0.2254622756
source,M1,C0,frozen,0.9600000000,0.2262187792
source,M1,C0,frozen,0.9700000000,0.2278277154
source,M1,C0,frozen,0.9800000000,0.2284835797
source,M1,C0,frozen,0.9900000000,0.2295017917
source,M1,C0,frozen,1.0000000000,0.2303347012
source,M1,C0,threshold_margin,0.0500000000,0.1111111111
source,M1,C0,threshold_margin,0.0600000000,0.1143162393
source,M1,C0,threshold_margin,0.0700000000,0.1199633700
source,M1,C0,threshold_margin,0.0800000000,0.1310096154
source,M1,C0,threshold_margin,0.0900000000,0.1346153846
source,M1,C0,threshold_margin,0.1000000000,0.1417735043
source,M1,C0,threshold_margin,0.1100000000,0.1476301476
source,M1,C0,threshold_margin,0.1200000000,0.1436075499
source,M1,C0,threshold_margin,0.1300000000,0.1521203156
source,M1,C0,threshold_margin,0.1400000000,0.1530067155
source,M1,C0,threshold_margin,0.1500000000,0.1545584046
source,M1,C0,threshold_margin,0.1600000000,0.1571447650
source,M1,C0,threshold_margin,0.1700000000,0.1566993464
source,M1,C0,threshold_margin,0.1800000000,0.1586182336
source,M1,C0,threshold_margin,0.1900000000,0.1617971210
source,M1,C0,threshold_margin,0.2000000000,0.1601709402
source,M1,C0,threshold_margin,0.2100000000,0.1604293854
source,M1,C0,threshold_margin,0.2200000000,0.1607128982
source,M1,C0,threshold_margin,0.2300000000,0.1612969156
source,M1,C0,threshold_margin,0.2400000000,0.1620993590
source,M1,C0,threshold_margin,0.2500000000,0.1640427350
source,M1,C0,threshold_margin,0.2600000000,0.1674720579
source,M1,C0,threshold_margin,0.2700000000,0.1694998417
source,M1,C0,threshold_margin,0.2800000000,0.1701236264
source,M1,C0,threshold_margin,0.2900000000,0.1709991158
source,M1,C0,threshold_margin,0.3000000000,0.1721794872
source,M1,C0,threshold_margin,0.3100000000,0.1725530742
source,M1,C0,threshold_margin,0.3200000000,0.1744391026
source,M1,C0,threshold_margin,0.3300000000,0.1778295778
source,M1,C0,threshold_margin,0.3400000000,0.1793552036
source,M1,C0,threshold_margin,0.3500000000,0.1780463980
source,M1,C0,threshold_margin,0.3600000000,0.1825379867
source,M1,C0,threshold_margin,0.3700000000,0.1834084084
source,M1,C0,threshold_margin,0.3800000000,0.1822930724
source,M1,C0,threshold_margin,0.3900000000,0.1844126671
source,M1,C0,threshold_margin,0.4000000000,0.1846047009
source,M1,C0,threshold_margin,0.4100000000,0.1864342297
source,M1,C0,threshold_margin,0.4200000000,0.1882275132
source,M1,C0,threshold_margin,0.4300000000,0.1904343073
source,M1,C0,threshold_margin,0.4400000000,0.1904768842
source,M1,C0,threshold_margin,0.4500000000,0.1924216524
source,M1,C0,threshold_margin,0.4600000000,0.1941610925
source,M1,C0,threshold_margin,0.4700000000,0.1953264230
source,M1,C0,threshold_margin,0.4800000000,0.1958199786
source,M1,C0,threshold_margin,0.4900000000,0.1964242107
source,M1,C0,threshold_margin,0.5000000000,0.1975463794
source,M1,C0,threshold_margin,0.5100000000,0.1974645880
source,M1,C0,threshold_margin,0.5200000000,0.1985367859
source,M1,C0,threshold_margin,0.5300000000,0.1984676184
source,M1,C0,threshold_margin,0.5400000000,0.1997941898
source,M1,C0,threshold_margin,0.5500000000,0.2020245589
source,M1,C0,threshold_margin,0.5600000000,0.2032249447
source,M1,C0,threshold_margin,0.5700000000,0.2040719910
source,M1,C0,threshold_margin,0.5800000000,0.2045876631
source,M1,C0,threshold_margin,0.5900000000,0.2059914511
source,M1,C0,threshold_margin,0.6000000000,0.2057277196
source,M1,C0,threshold_margin,0.6100000000,0.2079251629
source,M1,C0,threshold_margin,0.6200000000,0.2078800414
source,M1,C0,threshold_margin,0.6300000000,0.2082264740
source,M1,C0,threshold_margin,0.6400000000,0.2098109931
source,M1,C0,threshold_margin,0.6500000000,0.2109390412
source,M1,C0,threshold_margin,0.6600000000,0.2122595687
source,M1,C0,threshold_margin,0.6700000000,0.2135055821
source,M1,C0,threshold_margin,0.6800000000,0.2151266579
source,M1,C0,threshold_margin,0.6900000000,0.2151923434
source,M1,C0,threshold_margin,0.7000000000,0.2146974415
source,M1,C0,threshold_margin,0.7100000000,0.2143519355
source,M1,C0,threshold_margin,0.7200000000,0.2142386465
source,M1,C0,threshold_margin,0.7300000000,0.2148281515
source,M1,C0,threshold_margin,0.7400000000,0.2149916248
source,M1,C0,threshold_margin,0.7500000000,0.2153416538
source,M1,C0,threshold_margin,0.7600000000,0.2164445194
source,M1,C0,threshold_margin,0.7700000000,0.2166444629
source,M1,C0,threshold_margin,0.7800000000,0.2169762727
source,M1,C0,threshold_margin,0.7900000000,0.2191121571
source,M1,C0,threshold_margin,0.8000000000,0.2192578939
source,M1,C0,threshold_margin,0.8100000000,0.2196902538
source,M1,C0,threshold_margin,0.8200000000,0.2206072452
source,M1,C0,threshold_margin,0.8300000000,0.2210824450
source,M1,C0,threshold_margin,0.8400000000,0.2217066097
source,M1,C0,threshold_margin,0.8500000000,0.2217881028
source,M1,C0,threshold_margin,0.8600000000,0.2226231301
source,M1,C0,threshold_margin,0.8700000000,0.2231269958
source,M1,C0,threshold_margin,0.8800000000,0.2234809850
source,M1,C0,threshold_margin,0.8900000000,0.2233827979
source,M1,C0,threshold_margin,0.9000000000,0.2238566747
source,M1,C0,threshold_margin,0.9100000000,0.2240852943
source,M1,C0,threshold_margin,0.9200000000,0.2248896632
source,M1,C0,threshold_margin,0.9300000000,0.2256928168
source,M1,C0,threshold_margin,0.9400000000,0.2264061292
source,M1,C0,threshold_margin,0.9500000000,0.2275655734
source,M1,C0,threshold_margin,0.9600000000,0.2276034015
source,M1,C0,threshold_margin,0.9700000000,0.2281273408
source,M1,C0,threshold_margin,0.9800000000,0.2288564700
source,M1,C0,threshold_margin,0.9900000000,0.2293614817
source,M1,C0,threshold_margin,1.0000000000,0.2303347012
source,M2,C0,frozen,0.0500000000,0.0955982906
source,M2,C0,frozen,0.0600000000,0.1021011396
source,M2,C0,frozen,0.0700000000,0.1119352869
source,M2,C0,frozen,0.0800000000,0.1119658120
source,M2,C0,frozen,0.0900000000,0.1160256410
source,M2,C0,frozen,0.1000000000,0.1257905983
source,M2,C0,frozen,0.1100000000,0.1307109557
source,M2,C0,frozen,0.1200000000,0.1384259259
source,M2,C0,frozen,0.1300000000,0.1421597633
source,M2,C0,frozen,0.1400000000,0.1485958486
source,M2,C0,frozen,0.1500000000,0.1542165242
source,M2,C0,frozen,0.1600000000,0.1650106838
source,M2,C0,frozen,0.1700000000,0.1691930618
source,M2,C0,frozen,0.1800000000,0.1743945869
source,M2,C0,frozen,0.1900000000,0.1789361224
source,M2,C0,frozen,0.2000000000,0.1814743590
source,M2,C0,frozen,0.2100000000,0.1841269841
source,M2,C0,frozen,0.2200000000,0.1848387723
source,M2,C0,frozen,0.2300000000,0.1881363805
source,M2,C0,frozen,0.2400000000,0.1891470798
source,M2,C0,frozen,0.2500000000,0.1920598291
source,M2,C0,frozen,0.2600000000,0.1961374096
source,M2,C0,frozen,0.2700000000,0.1990424185
source,M2,C0,frozen,0.2800000000,0.2046016484
source,M2,C0,frozen,0.2900000000,0.2080828176
source,M2,C0,frozen,0.3000000000,0.2107905983
source,M2,C0,frozen,0.3100000000,0.2120554177
source,M2,C0,frozen,0.3200000000,0.2130408654
source,M2,C0,frozen,0.3300000000,0.2130730381
source,M2,C0,frozen,0.3400000000,0.2165786828
source,M2,C0,frozen,0.3500000000,0.2201648352
source,M2,C0,frozen,0.3600000000,0.2230709877
source,M2,C0,frozen,0.3700000000,0.2232501733
source,M2,C0,frozen,0.3800000000,0.2236448493
source,M2,C0,frozen,0.3900000000,0.2255478852
source,M2,C0,frozen,0.4000000000,0.2280555556
source,M2,C0,frozen,0.4100000000,0.2293464665
source,M2,C0,frozen,0.4200000000,0.2316544567
source,M2,C0,frozen,0.4300000000,0.2344116478
source,M2,C0,frozen,0.4400000000,0.2359799922
source,M2,C0,frozen,0.4500000000,0.2375830959
source,M2,C0,frozen,0.4600000000,0.2416620216
source,M2,C0,frozen,0.4700000000,0.2447717767
source,M2,C0,frozen,0.4800000000,0.2457710114
source,M2,C0,frozen,0.4900000000,0.2468384790
source,M2,C0,frozen,0.5000000000,0.2496152860
source,M2,C0,frozen,0.5100000000,0.2529335345
source,M2,C0,frozen,0.5200000000,0.2526715988
source,M2,C0,frozen,0.5300000000,0.2561254940
source,M2,C0,frozen,0.5400000000,0.2598076466
source,M2,C0,frozen,0.5500000000,0.2615139504
source,M2,C0,frozen,0.5600000000,0.2634646210
source,M2,C0,frozen,0.5700000000,0.2650843645
source,M2,C0,frozen,0.5800000000,0.2673041492
source,M2,C0,frozen,0.5900000000,0.2672281388
source,M2,C0,frozen,0.6000000000,0.2696658830
source,M2,C0,frozen,0.6100000000,0.2721007638
source,M2,C0,frozen,0.6200000000,0.2759152017
source,M2,C0,frozen,0.6300000000,0.2773526019
source,M2,C0,frozen,0.6400000000,0.2790957056
source,M2,C0,frozen,0.6500000000,0.2813441178
source,M2,C0,frozen,0.6600000000,0.2840327699
source,M2,C0,frozen,0.6700000000,0.2860446571
source,M2,C0,frozen,0.6800000000,0.2873059275
source,M2,C0,frozen,0.6900000000,0.2902961036
source,M2,C0,frozen,0.7000000000,0.2922238505
source,M2,C0,frozen,0.7100000000,0.2929685148
source,M2,C0,frozen,0.7200000000,0.2946007717
source,M2,C0,frozen,0.7300000000,0.2957023245
source,M2,C0,frozen,0.7400000000,0.2971206608
source,M2,C0,frozen,0.7500000000,0.2982304667
source,M2,C0,frozen,0.7600000000,0.2996203813
source,M2,C0,frozen,0.7700000000,0.3015070774
source,M2,C0,frozen,0.7800000000,0.3040084388
source,M2,C0,frozen,0.7900000000,0.3046204620
source,M2,C0,frozen,0.8000000000,0.3056873431
source,M2,C0,frozen,0.8100000000,0.3074138568
source,M2,C0,frozen,0.8200000000,0.3084857962
source,M2,C0,frozen,0.8300000000,0.3101241053
source,M2,C0,frozen,0.8400000000,0.3114384572
source,M2,C0,frozen,0.8500000000,0.3129381003
source,M2,C0,frozen,0.8600000000,0.3131504398
source,M2,C0,frozen,0.8700000000,0.3140014738
source,M2,C0,frozen,0.8800000000,0.3150104425
source,M2,C0,frozen,0.8900000000,0.3164985833
source,M2,C0,frozen,0.9000000000,0.3185164078
source,M2,C0,frozen,0.9100000000,0.3203748063
source,M2,C0,frozen,0.9200000000,0.3214332172
source,M2,C0,frozen,0.9300000000,0.3227675904
source,M2,C0,frozen,0.9400000000,0.3238962397
source,M2,C0,frozen,0.9500000000,0.3256039951
source,M2,C0,frozen,0.9600000000,0.3267441343
source,M2,C0,frozen,0.9700000000,0.3277682309
source,M2,C0,frozen,0.9800000000,0.3295368311
source,M2,C0,frozen,0.9900000000,0.3310905323
source,M2,C0,frozen,1.0000000000,0.3323544499
source,M2,C0,threshold_margin,0.0500000000,0.2416666667
source,M2,C0,threshold_margin,0.0600000000,0.2352920228
source,M2,C0,threshold_margin,0.0700000000,0.2259462759
source,M2,C0,threshold_margin,0.0800000000,0.2272168803
source,M2,C0,threshold_margin,0.0900000000,0.2246438746
source,M2,C0,threshold_margin,0.1000000000,0.2276068376
source,M2,C0,threshold_margin,0.1100000000,0.2360528361
source,M2,C0,threshold_margin,0.1200000000,0.2430021368
source,M2,C0,threshold_margin,0.1300000000,0.2428007890
source,M2,C0,threshold_margin,0.1400000000,0.2489621490
source,M2,C0,threshold_margin,0.1500000000,0.2514529915
source,M2,C0,threshold_margin,0.1600000000,0.2510950855
source,M2,C0,threshold_margin,0.1700000000,0.2524761187
source,M2,C0,threshold_margin,0.1800000000,0.2560185185
source,M2,C0,threshold_margin,0.1900000000,0.2584008097
source,M2,C0,threshold_margin,0.2000000000,0.2602243590
source,M2,C0,threshold_margin,0.2100000000,0.2603479853
source,M2,C0,threshold_margin,0.2200000000,0.2624028749
source,M2,C0,threshold_margin,0.2300000000,0.2613526570
source,M2,C0,threshold_margin,0.2400000000,0.2634259259
source,M2,C0,threshold_margin,0.2500000000,0.2624615385
source,M2,C0,threshold_margin,0.2600000000,0.2679815911
source,M2,C0,threshold_margin,0.2700000000,0.2725387781
source,M2,C0,threshold_margin,0.2800000000,0.2764652015
source,M2,C0,threshold_margin,0.2900000000,0.2773946360
source,M2,C0,threshold_margin,0.3000000000,0.2748433048
source,M2,C0,threshold_margin,0.3100000000,0.2787151916
source,M2,C0,threshold_margin,0.3200000000,0.2799545940
source,M2,C0,threshold_margin,0.3300000000,0.2818376068
source,M2,C0,threshold_margin,0.3400000000,0.2842948718
source,M2,C0,threshold_margin,0.3500000000,0.2860195360
source,M2,C0,threshold_margin,0.3600000000,0.2863960114
source,M2,C0,threshold_margin,0.3700000000,0.2891083391
source,M2,C0,threshold_margin,0.3800000000,0.2888945119
source,M2,C0,threshold_margin,0.3900000000,0.2904996713
source,M2,C0,threshold_margin,0.4000000000,0.2949198718
source,M2,C0,threshold_margin,0.4100000000,0.2979935376
source,M2,C0,threshold_margin,0.4200000000,0.2998524624
source,M2,C0,threshold_margin,0.4300000000,0.3013516200
source,M2,C0,threshold_margin,0.4400000000,0.3005973193
source,M2,C0,threshold_margin,0.4500000000,0.3020607787
source,M2,C0,threshold_margin,0.4600000000,0.3033212560
source,M2,C0,threshold_margin,0.4700000000,0.3040961993
source,M2,C0,threshold_margin,0.4800000000,0.3047720798
source,M2,C0,threshold_margin,0.4900000000,0.3039813361
source,M2,C0,threshold_margin,0.5000000000,0.3027442934
source,M2,C0,threshold_margin,0.5100000000,0.3033065124
source,M2,C0,threshold_margin,0.5200000000,0.3045992602
source,M2,C0,threshold_margin,0.5300000000,0.3060085491
source,M2,C0,threshold_margin,0.5400000000,0.3071875247
source,M2,C0,threshold_margin,0.5500000000,0.3061475091
source,M2,C0,threshold_margin,0.5600000000,0.3074383635
source,M2,C0,threshold_margin,0.5700000000,0.3079302587
source,M2,C0,threshold_margin,0.5800000000,0.3082762178
source,M2,C0,threshold_margin,0.5900000000,0.3095341592
source,M2,C0,threshold_margin,0.6000000000,0.3096281257
source,M2,C0,threshold_margin,0.6100000000,0.3090533249
source,M2,C0,threshold_margin,0.6200000000,0.3106859704
source,M2,C0,threshold_margin,0.6300000000,0.3114356469
source,M2,C0,threshold_margin,0.6400000000,0.3113905029
source,M2,C0,threshold_margin,0.6500000000,0.3118925495
source,M2,C0,threshold_margin,0.6600000000,0.3129136714
source,M2,C0,threshold_margin,0.6700000000,0.3150813397
source,M2,C0,threshold_margin,0.6800000000,0.3155855176
source,M2,C0,threshold_margin,0.6900000000,0.3159666729
source,M2,C0,threshold_margin,0.7000000000,0.3170086096
source,M2,C0,threshold_margin,0.7100000000,0.3172987779
source,M2,C0,threshold_margin,0.7200000000,0.3179697240
source,M2,C0,threshold_margin,0.7300000000,0.3185900814
source,M2,C0,threshold_margin,0.7400000000,0.3185871888
source,M2,C0,threshold_margin,0.7500000000,0.3196443837
source,M2,C0,threshold_margin,0.7600000000,0.3208930881
source,M2,C0,threshold_margin,0.7700000000,0.3220482931
source,M2,C0,threshold_margin,0.7800000000,0.3217409173
source,M2,C0,threshold_margin,0.7900000000,0.3224692961
source,M2,C0,threshold_margin,0.8000000000,0.3236122242
source,M2,C0,threshold_margin,0.8100000000,0.3234420347
source,M2,C0,threshold_margin,0.8200000000,0.3234297628
source,M2,C0,threshold_margin,0.8300000000,0.3245043514
source,M2,C0,threshold_margin,0.8400000000,0.3249554775
source,M2,C0,threshold_margin,0.8500000000,0.3254814703
source,M2,C0,threshold_margin,0.8600000000,0.3263580339
source,M2,C0,threshold_margin,0.8700000000,0.3270523213
source,M2,C0,threshold_margin,0.8800000000,0.3266015834
source,M2,C0,threshold_margin,0.8900000000,0.3274936368
source,M2,C0,threshold_margin,0.9000000000,0.3281877760
source,M2,C0,threshold_margin,0.9100000000,0.3279038091
source,M2,C0,threshold_margin,0.9200000000,0.3285598142
source,M2,C0,threshold_margin,0.9300000000,0.3289443449
source,M2,C0,threshold_margin,0.9400000000,0.3293934434
source,M2,C0,threshold_margin,0.9500000000,0.3303954650
source,M2,C0,threshold_margin,0.9600000000,0.3313142781
source,M2,C0,threshold_margin,0.9700000000,0.3320511126
source,M2,C0,threshold_margin,0.9800000000,0.3322277465
source,M2,C0,threshold_margin,0.9900000000,0.3317208479
source,M2,C0,threshold_margin,1.0000000000,0.3323544499
source,M3,C0,frozen,0.0500000000,0.0311538462
source,M3,C0,frozen,0.0600000000,0.0353988604
source,M3,C0,frozen,0.0700000000,0.0370573871
source,M3,C0,frozen,0.0800000000,0.0399038462
source,M3,C0,frozen,0.0900000000,0.0455603039
source,M3,C0,frozen,0.1000000000,0.0485897436
source,M3,C0,frozen,0.1100000000,0.0521367521
source,M3,C0,frozen,0.1200000000,0.0543803419
source,M3,C0,frozen,0.1300000000,0.0588264300
source,M3,C0,frozen,0.1400000000,0.0595085470
source,M3,C0,frozen,0.1500000000,0.0625925926
source,M3,C0,frozen,0.1600000000,0.0728365385
source,M3,C0,frozen,0.1700000000,0.0746732026
source,M3,C0,frozen,0.1800000000,0.0756885090
source,M3,C0,frozen,0.1900000000,0.0762595592
source,M3,C0,frozen,0.2000000000,0.0796047009
source,M3,C0,frozen,0.2100000000,0.0804436304
source,M3,C0,frozen,0.2200000000,0.0829642580
source,M3,C0,frozen,0.2300000000,0.0871609067
source,M3,C0,frozen,0.2400000000,0.0905092593
source,M3,C0,frozen,0.2500000000,0.0925299145
source,M3,C0,frozen,0.2600000000,0.0934500329
source,M3,C0,frozen,0.2700000000,0.0969531497
source,M3,C0,frozen,0.2800000000,0.0977640415
source,M3,C0,frozen,0.2900000000,0.0993958149
source,M3,C0,frozen,0.3000000000,0.1040242165
source,M3,C0,frozen,0.3100000000,0.1065618969
source,M3,C0,frozen,0.3200000000,0.1079527244
source,M3,C0,frozen,0.3300000000,0.1097125097
source,M3,C0,frozen,0.3400000000,0.1100364505
source,M3,C0,frozen,0.3500000000,0.1124786325
source,M3,C0,frozen,0.3600000000,0.1153786800
source,M3,C0,frozen,0.3700000000,0.1167359667
source,M3,C0,frozen,0.3800000000,0.1188765182
source,M3,C0,frozen,0.3900000000,0.1206717072
source,M3,C0,frozen,0.4000000000,0.1222756410
source,M3,C0,frozen,0.4100000000,0.1236554096
source,M3,C0,frozen,0.4200000000,0.1256715507
source,M3,C0,frozen,0.4300000000,0.1269727688
source,M3,C0,frozen,0.4400000000,0.1285062160
source,M3,C0,frozen,0.4500000000,0.1300664767
source,M3,C0,frozen,0.4600000000,0.1314149015
source,M3,C0,frozen,0.4700000000,0.1337970540
source,M3,C0,frozen,0.4800000000,0.1356615028
source,M3,C0,frozen,0.4900000000,0.1372536194
source,M3,C0,frozen,0.5000000000,0.1393092246
source,M3,C0,frozen,0.5100000000,0.1405791635
source,M3,C0,frozen,0.5200000000,0.1420263050
source,M3,C0,frozen,0.5300000000,0.1443059924
source,M3,C0,frozen,0.5400000000,0.1458442175
source,M3,C0,frozen,0.5500000000,0.1475829642
source,M3,C0,frozen,0.5600000000,0.1494313411
source,M3,C0,frozen,0.5700000000,0.1500862392
source,M3,C0,frozen,0.5800000000,0.1515034269
source,M3,C0,frozen,0.5900000000,0.1538614794
source,M3,C0,frozen,0.6000000000,0.1548407779
source,M3,C0,frozen,0.6100000000,0.1555251909
source,M3,C0,frozen,0.6200000000,0.1584246811
source,M3,C0,frozen,0.6300000000,0.1595461022
source,M3,C0,frozen,0.6400000000,0.1612435718
source,M3,C0,frozen,0.6500000000,0.1636285921
source,M3,C0,frozen,0.6600000000,0.1656013212
source,M3,C0,frozen,0.6700000000,0.1679776715
source,M3,C0,frozen,0.6800000000,0.1697026840
source,M3,C0,frozen,0.6900000000,0.1698290281
source,M3,C0,frozen,0.7000000000,0.1712035171
source,M3,C0,frozen,0.7100000000,0.1731111914
source,M3,C0,frozen,0.7200000000,0.1733689522
source,M3,C0,frozen,0.7300000000,0.1751214942
source,M3,C0,frozen,0.7400000000,0.1770894703
source,M3,C0,frozen,0.7500000000,0.1779762922
source,M3,C0,frozen,0.7600000000,0.1785304539
source,M3,C0,frozen,0.7700000000,0.1812350819
source,M3,C0,frozen,0.7800000000,0.1826922023
source,M3,C0,frozen,0.7900000000,0.1838148569
source,M3,C0,frozen,0.8000000000,0.1850430090
source,M3,C0,frozen,0.8100000000,0.1864782861
source,M3,C0,frozen,0.8200000000,0.1879958301
source,M3,C0,frozen,0.8300000000,0.1896184150
source,M3,C0,frozen,0.8400000000,0.1913550094
source,M3,C0,frozen,0.8500000000,0.1928244582
source,M3,C0,frozen,0.8600000000,0.1937751603
source,M3,C0,frozen,0.8700000000,0.1948120855
source,M3,C0,frozen,0.8800000000,0.1961897130
source,M3,C0,frozen,0.8900000000,0.1979589877
source,M3,C0,frozen,0.9000000000,0.1994752339
source,M3,C0,frozen,0.9100000000,0.1998778827
source,M3,C0,frozen,0.9200000000,0.2008641115
source,M3,C0,frozen,0.9300000000,0.2021071740
source,M3,C0,frozen,0.9400000000,0.2036284272
source,M3,C0,frozen,0.9500000000,0.2041503577
source,M3,C0,frozen,0.9600000000,0.2050509772
source,M3,C0,frozen,0.9700000000,0.2061202908
source,M3,C0,frozen,0.9800000000,0.2077151206
source,M3,C0,frozen,0.9900000000,0.2083365713
source,M3,C0,frozen,1.0000000000,0.2099982902
source,M3,C0,threshold_margin,0.0500000000,0.0778205128
source,M3,C0,threshold_margin,0.0600000000,0.0787393162
source,M3,C0,threshold_margin,0.0700000000,0.0748168498
source,M3,C0,threshold_margin,0.0800000000,0.0786858974
source,M3,C0,threshold_margin,0.0900000000,0.0814577398
source,M3,C0,threshold_margin,0.1000000000,0.0841452991
source,M3,C0,threshold_margin,0.1100000000,0.0955322455
source,M3,C0,threshold_margin,0.1200000000,0.0985220798
source,M3,C0,threshold_margin,0.1300000000,0.1035174227
source,M3,C0,threshold_margin,0.1400000000,0.1019993895
source,M3,C0,threshold_margin,0.1500000000,0.1032478632
source,M3,C0,threshold_margin,0.1600000000,0.1011351496
source,M3,C0,threshold_margin,0.1700000000,0.1053670186
source,M3,C0,threshold_margin,0.1800000000,0.1117640076
source,M3,C0,threshold_margin,0.1900000000,0.1138663968
source,M3,C0,threshold_margin,0.2000000000,0.1145833333
source,M3,C0,threshold_margin,0.2100000000,0.1202686203
source,M3,C0,threshold_margin,0.2200000000,0.1241744367
source,M3,C0,threshold_margin,0.2300000000,0.1247584541
source,M3,C0,threshold_margin,0.2400000000,0.1282407407
source,M3,C0,threshold_margin,0.2500000000,0.1299059829
source,M3,C0,threshold_margin,0.2600000000,0.1296515450
source,M3,C0,threshold_margin,0.2700000000,0.1349002849
source,M3,C0,threshold_margin,0.2800000000,0.1376144689
source,M3,C0,threshold_margin,0.2900000000,0.1390657235
source,M3,C0,threshold_margin,0.3000000000,0.1419017094
source,M3,C0,threshold_margin,0.3100000000,0.1419768404
source,M3,C0,threshold_margin,0.3200000000,0.1434829060
source,M3,C0,threshold_margin,0.3300000000,0.1458689459
source,M3,C0,threshold_margin,0.3400000000,0.1484917044
source,M3,C0,threshold_margin,0.3500000000,0.1483394383
source,M3,C0,threshold_margin,0.3600000000,0.1471272555
source,M3,C0,threshold_margin,0.3700000000,0.1502829753
source,M3,C0,threshold_margin,0.3800000000,0.1525697256
source,M3,C0,threshold_margin,0.3900000000,0.1534078457
source,M3,C0,threshold_margin,0.4000000000,0.1530181624
source,M3,C0,threshold_margin,0.4100000000,0.1527725662
source,M3,C0,threshold_margin,0.4200000000,0.1539936915
source,M3,C0,threshold_margin,0.4300000000,0.1538411847
source,M3,C0,threshold_margin,0.4400000000,0.1562694250
source,M3,C0,threshold_margin,0.4500000000,0.1573551757
source,M3,C0,threshold_margin,0.4600000000,0.1588117800
source,M3,C0,threshold_margin,0.4700000000,0.1585470085
source,M3,C0,threshold_margin,0.4800000000,0.1617654915
source,M3,C0,threshold_margin,0.4900000000,0.1638714460
source,M3,C0,threshold_margin,0.5000000000,0.1656364880
source,M3,C0,threshold_margin,0.5100000000,0.1676263515
source,M3,C0,threshold_margin,0.5200000000,0.1691903000
source,M3,C0,threshold_margin,0.5300000000,0.1708121623
source,M3,C0,threshold_margin,0.5400000000,0.1728765930
source,M3,C0,threshold_margin,0.5500000000,0.1733038004
source,M3,C0,threshold_margin,0.5600000000,0.1745401114
source,M3,C0,threshold_margin,0.5700000000,0.1745706787
source,M3,C0,threshold_margin,0.5800000000,0.1753187412
source,M3,C0,threshold_margin,0.5900000000,0.1768021445
source,M3,C0,threshold_margin,0.6000000000,0.1780579896
source,M3,C0,threshold_margin,0.6100000000,0.1779237615
source,M3,C0,threshold_margin,0.6200000000,0.1788107549
source,M3,C0,threshold_margin,0.6300000000,0.1794796119
source,M3,C0,threshold_margin,0.6400000000,0.1801642957
source,M3,C0,threshold_margin,0.6500000000,0.1805484316
source,M3,C0,threshold_margin,0.6600000000,0.1815037886
source,M3,C0,threshold_margin,0.6700000000,0.1820159490
source,M3,C0,threshold_margin,0.6800000000,0.1831416180
source,M3,C0,threshold_margin,0.6900000000,0.1843275723
source,M3,C0,threshold_margin,0.7000000000,0.1858002076
source,M3,C0,threshold_margin,0.7100000000,0.1865239901
source,M3,C0,threshold_margin,0.7200000000,0.1866488572
source,M3,C0,threshold_margin,0.7300000000,0.1876485743
source,M3,C0,threshold_margin,0.7400000000,0.1884768671
source,M3,C0,threshold_margin,0.7500000000,0.1892403260
source,M3,C0,threshold_margin,0.7600000000,0.1898290310
source,M3,C0,threshold_margin,0.7700000000,0.1904857064
source,M3,C0,threshold_margin,0.7800000000,0.1915255630
source,M3,C0,threshold_margin,0.7900000000,0.1926445923
source,M3,C0,threshold_margin,0.8000000000,0.1935486456
source,M3,C0,threshold_margin,0.8100000000,0.1938103530
source,M3,C0,threshold_margin,0.8200000000,0.1949179046
source,M3,C0,threshold_margin,0.8300000000,0.1969771873
source,M3,C0,threshold_margin,0.8400000000,0.1968325446
source,M3,C0,threshold_margin,0.8500000000,0.1975209936
source,M3,C0,threshold_margin,0.8600000000,0.1974156354
source,M3,C0,threshold_margin,0.8700000000,0.1986465242
source,M3,C0,threshold_margin,0.8800000000,0.1992180290
source,M3,C0,threshold_margin,0.8900000000,0.2001608798
source,M3,C0,threshold_margin,0.9000000000,0.2015576768
source,M3,C0,threshold_margin,0.9100000000,0.2019092574
source,M3,C0,threshold_margin,0.9200000000,0.2027781649
source,M3,C0,threshold_margin,0.9300000000,0.2042740935
source,M3,C0,threshold_margin,0.9400000000,0.2049402082
source,M3,C0,threshold_margin,0.9500000000,0.2054573267
source,M3,C0,threshold_margin,0.9600000000,0.2065981034
source,M3,C0,threshold_margin,0.9700000000,0.2077836528
source,M3,C0,threshold_margin,0.9800000000,0.2081141786
source,M3,C0,threshold_margin,0.9900000000,0.2090489142
source,M3,C0,threshold_margin,1.0000000000,0.2099982902
source,M4,C0,frozen,0.0500000000,0.0292307692
source,M4,C0,frozen,0.0600000000,0.0316595442
source,M4,C0,frozen,0.0700000000,0.0335470085
source,M4,C0,frozen,0.0800000000,0.0397702991
source,M4,C0,frozen,0.0900000000,0.0433285850
source,M4,C0,frozen,0.1000000000,0.0441239316
source,M4,C0,frozen,0.1100000000,0.0451631702
source,M4,C0,frozen,0.1200000000,0.0514066952
source,M4,C0,frozen,0.1300000000,0.0516436555
source,M4,C0,frozen,0.1400000000,0.0494047619
source,M4,C0,frozen,0.1500000000,0.0528062678
source,M4,C0,frozen,0.1600000000,0.0547809829
source,M4,C0,frozen,0.1700000000,0.0592885872
source,M4,C0,frozen,0.1800000000,0.0609211776
source,M4,C0,frozen,0.1900000000,0.0633378318
source,M4,C0,frozen,0.2000000000,0.0662606838
source,M4,C0,frozen,0.2100000000,0.0663105413
source,M4,C0,frozen,0.2200000000,0.0668803419
source,M4,C0,frozen,0.2300000000,0.0688963211
source,M4,C0,frozen,0.2400000000,0.0721242877
source,M4,C0,frozen,0.2500000000,0.0739829060
source,M4,C0,frozen,0.2600000000,0.0756985536
source,M4,C0,frozen,0.2700000000,0.0765352960
source,M4,C0,frozen,0.2800000000,0.0788385226
source,M4,C0,frozen,0.2900000000,0.0817933982
source,M4,C0,frozen,0.3000000000,0.0819871795
source,M4,C0,frozen,0.3100000000,0.0850978770
source,M4,C0,frozen,0.3200000000,0.0854433761
source,M4,C0,frozen,0.3300000000,0.0871600622
source,M4,C0,frozen,0.3400000000,0.0910507793
source,M4,C0,frozen,0.3500000000,0.0924786325
source,M4,C0,frozen,0.3600000000,0.0931742640
source,M4,C0,frozen,0.3700000000,0.0958535459
source,M4,C0,frozen,0.3800000000,0.0961426001
source,M4,C0,frozen,0.3900000000,0.0961428885
source,M4,C0,frozen,0.4000000000,0.0959561966
source,M4,C0,frozen,0.4100000000,0.0972899729
source,M4,C0,frozen,0.4200000000,0.0994505495
source,M4,C0,frozen,0.4300000000,0.1006161797
source,M4,C0,frozen,0.4400000000,0.1002476690
source,M4,C0,frozen,0.4500000000,0.1015099715
source,M4,C0,frozen,0.4600000000,0.1017651431
source,M4,C0,frozen,0.4700000000,0.1039643572
source,M4,C0,frozen,0.4800000000,0.1051593661
source,M4,C0,frozen,0.4900000000,0.1054727019
source,M4,C0,frozen,0.5000000000,0.1068949303
source,M4,C0,frozen,0.5100000000,0.1081510351
source,M4,C0,frozen,0.5200000000,0.1098109330
source,M4,C0,frozen,0.5300000000,0.1115251230
source,M4,C0,frozen,0.5400000000,0.1134251563
source,M4,C0,frozen,0.5500000000,0.1143118054
source,M4,C0,frozen,0.5600000000,0.1149034425
source,M4,C0,frozen,0.5700000000,0.1163554556
source,M4,C0,frozen,0.5800000000,0.1179379468
source,M4,C0,frozen,0.5900000000,0.1176048685
source,M4,C0,frozen,0.6000000000,0.1188145615
source,M4,C0,frozen,0.6100000000,0.1200546563
source,M4,C0,frozen,0.6200000000,0.1209617373
source,M4,C0,frozen,0.6300000000,0.1222470995
source,M4,C0,frozen,0.6400000000,0.1229079009
source,M4,C0,frozen,0.6500000000,0.1231538107
source,M4,C0,frozen,0.6600000000,0.1236998899
source,M4,C0,frozen,0.6700000000,0.1239106858
source,M4,C0,frozen,0.6800000000,0.1252718587
source,M4,C0,frozen,0.6900000000,0.1255931363
source,M4,C0,frozen,0.7000000000,0.1272943763
source,M4,C0,frozen,0.7100000000,0.1279995184
source,M4,C0,frozen,0.7200000000,0.1296467795
source,M4,C0,frozen,0.7300000000,0.1308126940
source,M4,C0,frozen,0.7400000000,0.1315976434
source,M4,C0,frozen,0.7500000000,0.1325012823
source,M4,C0,frozen,0.7600000000,0.1342022383
source,M4,C0,frozen,0.7700000000,0.1354981959
source,M4,C0,frozen,0.7800000000,0.1369390104
source,M4,C0,frozen,0.7900000000,0.1378212411
source,M4,C0,frozen,0.8000000000,0.1389832772
source,M4,C0,frozen,0.8100000000,0.1391536067
source,M4,C0,frozen,0.8200000000,0.1397888976
source,M4,C0,frozen,0.8300000000,0.1409624594
source,M4,C0,frozen,0.8400000000,0.1421843993
source,M4,C0,frozen,0.8500000000,0.1425856087
source,M4,C0,frozen,0.8600000000,0.1436981263
source,M4,C0,frozen,0.8700000000,0.1451658069
source,M4,C0,frozen,0.8800000000,0.1454927388
source,M4,C0,frozen,0.8900000000,0.1463069683
source,M4,C0,frozen,0.9000000000,0.1475138909
source,M4,C0,frozen,0.9100000000,0.1485251984
source,M4,C0,frozen,0.9200000000,0.1494657375
source,M4,C0,frozen,0.9300000000,0.1500643412
source,M4,C0,frozen,0.9400000000,0.1506047379
source,M4,C0,frozen,0.9500000000,0.1510145319
source,M4,C0,frozen,0.9600000000,0.1509661191
source,M4,C0,frozen,0.9700000000,0.1517272527
source,M4,C0,frozen,0.9800000000,0.1516834576
source,M4,C0,frozen,0.9900000000,0.1525579588
source,M4,C0,frozen,1.0000000000,0.1532144994
source,M4,C0,threshold_margin,0.0500000000,0.0369230769
source,M4,C0,threshold_margin,0.0600000000,0.0336182336
source,M4,C0,threshold_margin,0.0700000000,0.0340048840
source,M4,C0,threshold_margin,0.0800000000,0.0366987179
source,M4,C0,threshold_margin,0.0900000000,0.0408119658
source,M4,C0,threshold_margin,0.1000000000,0.0435683761
source,M4,C0,threshold_margin,0.1100000000,0.0492035742
source,M4,C0,threshold_margin,0.1200000000,0.0523148148
source,M4,C0,threshold_margin,0.1300000000,0.0548652202
source,M4,C0,threshold_margin,0.1400000000,0.0589590965
source,M4,C0,threshold_margin,0.1500000000,0.0589458689
source,M4,C0,threshold_margin,0.1600000000,0.0638755342
source,M4,C0,threshold_margin,0.1700000000,0.0658371041
source,M4,C0,threshold_margin,0.1800000000,0.0656220323
source,M4,C0,threshold_margin,0.1900000000,0.0668915879
source,M4,C0,threshold_margin,0.2000000000,0.0677136752
source,M4,C0,threshold_margin,0.2100000000,0.0691188441
source,M4,C0,threshold_margin,0.2200000000,0.0690365190
source,M4,C0,threshold_margin,0.2300000000,0.0717484207
source,M4,C0,threshold_margin,0.2400000000,0.0713853276
source,M4,C0,threshold_margin,0.2500000000,0.0726837607
source,M4,C0,threshold_margin,0.2600000000,0.0746548323
source,M4,C0,threshold_margin,0.2700000000,0.0769547325
source,M4,C0,threshold_margin,0.2800000000,0.0788614164
source,M4,C0,threshold_margin,0.2900000000,0.0805260831
source,M4,C0,threshold_margin,0.3000000000,0.0824358974
source,M4,C0,threshold_margin,0.3100000000,0.0838433967
source,M4,C0,threshold_margin,0.3200000000,0.0853098291
source,M4,C0,threshold_margin,0.3300000000,0.0877622378
source,M4,C0,threshold_margin,0.3400000000,0.0898567119
source,M4,C0,threshold_margin,0.3500000000,0.0908302808
source,M4,C0,threshold_margin,0.3600000000,0.0910375119
source,M4,C0,threshold_margin,0.3700000000,0.0920420420
source,M4,C0,threshold_margin,0.3800000000,0.0947930724
source,M4,C0,threshold_margin,0.3900000000,0.0955676090
source,M4,C0,threshold_margin,0.4000000000,0.0963034188
source,M4,C0,threshold_margin,0.4100000000,0.0976652074
source,M4,C0,threshold_margin,0.4200000000,0.0999440374
source,M4,C0,threshold_margin,0.4300000000,0.1010733453
source,M4,C0,threshold_margin,0.4400000000,0.1017385392
source,M4,C0,threshold_margin,0.4500000000,0.1040835708
source,M4,C0,threshold_margin,0.4600000000,0.1053279450
source,M4,C0,threshold_margin,0.4700000000,0.1063647936
source,M4,C0,threshold_margin,0.4800000000,0.1091346154
source,M4,C0,threshold_margin,0.4900000000,0.1116038723
source,M4,C0,threshold_margin,0.5000000000,0.1120073523
source,M4,C0,threshold_margin,0.5100000000,0.1129117425
source,M4,C0,threshold_margin,0.5200000000,0.1133908755
source,M4,C0,threshold_margin,0.5300000000,0.1158077264
source,M4,C0,threshold_margin,0.5400000000,0.1167497823
source,M4,C0,threshold_margin,0.5500000000,0.1176964327
source,M4,C0,threshold_margin,0.5600000000,0.1183993588
source,M4,C0,threshold_margin,0.5700000000,0.1201799775
source,M4,C0,threshold_margin,0.5800000000,0.1216265016
source,M4,C0,threshold_margin,0.5900000000,0.1214482359
source,M4,C0,threshold_margin,0.6000000000,0.1228574482
source,M4,C0,threshold_margin,0.6100000000,0.1234881928
source,M4,C0,threshold_margin,0.6200000000,0.1249431231
source,M4,C0,threshold_margin,0.6300000000,0.1257548002
source,M4,C0,threshold_margin,0.6400000000,0.1260435450
source,M4,C0,threshold_margin,0.6500000000,0.1268165976
source,M4,C0,threshold_margin,0.6600000000,0.1277248883
source,M4,C0,threshold_margin,0.6700000000,0.1280095694
source,M4,C0,threshold_margin,0.6800000000,0.1294267396
source,M4,C0,threshold_margin,0.6900000000,0.1301678746
source,M4,C0,threshold_margin,0.7000000000,0.1312389326
source,M4,C0,threshold_margin,0.7100000000,0.1324453675
source,M4,C0,threshold_margin,0.7200000000,0.1335500148
source,M4,C0,threshold_margin,0.7300000000,0.1349552082
source,M4,C0,threshold_margin,0.7400000000,0.1361058164
source,M4,C0,threshold_margin,0.7500000000,0.1366045478
source,M4,C0,threshold_margin,0.7600000000,0.1376609864
source,M4,C0,threshold_margin,0.7700000000,0.1385789620
source,M4,C0,threshold_margin,0.7800000000,0.1396788865
source,M4,C0,threshold_margin,0.7900000000,0.1394416491
source,M4,C0,threshold_margin,0.8000000000,0.1399289416
source,M4,C0,threshold_margin,0.8100000000,0.1405097356
source,M4,C0,threshold_margin,0.8200000000,0.1413630440
source,M4,C0,threshold_margin,0.8300000000,0.1414877182
source,M4,C0,threshold_margin,0.8400000000,0.1427415662
source,M4,C0,threshold_margin,0.8500000000,0.1435686629
source,M4,C0,threshold_margin,0.8600000000,0.1439739576
source,M4,C0,threshold_margin,0.8700000000,0.1440628838
source,M4,C0,threshold_margin,0.8800000000,0.1448661907
source,M4,C0,threshold_margin,0.8900000000,0.1454233300
source,M4,C0,threshold_margin,0.9000000000,0.1457899986
source,M4,C0,threshold_margin,0.9100000000,0.1456671833
source,M4,C0,threshold_margin,0.9200000000,0.1467688734
source,M4,C0,threshold_margin,0.9300000000,0.1473849901
source,M4,C0,threshold_margin,0.9400000000,0.1489132906
source,M4,C0,threshold_margin,0.9500000000,0.1496288298
source,M4,C0,threshold_margin,0.9600000000,0.1503405904
source,M4,C0,threshold_margin,0.9700000000,0.1515443930
source,M4,C0,threshold_margin,0.9800000000,0.1526254961
source,M4,C0,threshold_margin,0.9900000000,0.1528968614
source,M4,C0,threshold_margin,1.0000000000,0.1532144994
external,M1,C0,frozen,0.0500000000,0.0869342706
external,M1,C0,frozen,0.0600000000,0.0921997842
external,M1,C0,frozen,0.0700000000,0.0967450669
external,M1,C0,frozen,0.0800000000,0.0989440012
external,M1,C0,frozen,0.0900000000,0.1027046934
external,M1,C0,frozen,0.1000000000,0.1056716924
external,M1,C0,frozen,0.1100000000,0.1085379527
external,M1,C0,frozen,0.1200000000,0.1098229656
external,M1,C0,frozen,0.1300000000,0.1130164603
external,M1,C0,frozen,0.1400000000,0.1146679881
external,M1,C0,frozen,0.1500000000,0.1170294771
external,M1,C0,frozen,0.1600000000,0.1184010715
external,M1,C0,frozen,0.1700000000,0.1210088149
external,M1,C0,frozen,0.1800000000,0.1228103534
external,M1,C0,frozen,0.1900000000,0.1240782214
external,M1,C0,frozen,0.2000000000,0.1267471440
external,M1,C0,frozen,0.2100000000,0.1287302147
external,M1,C0,frozen,0.2200000000,0.1301104430
external,M1,C0,frozen,0.2300000000,0.1317259224
external,M1,C0,frozen,0.2400000000,0.1338992741
external,M1,C0,frozen,0.2500000000,0.1347375367
external,M1,C0,frozen,0.2600000000,0.1369089551
external,M1,C0,frozen,0.2700000000,0.1382034855
external,M1,C0,frozen,0.2800000000,0.1403718876
external,M1,C0,frozen,0.2900000000,0.1420547581
external,M1,C0,frozen,0.3000000000,0.1442606354
external,M1,C0,frozen,0.3100000000,0.1460427111
external,M1,C0,frozen,0.3200000000,0.1477514719
external,M1,C0,frozen,0.3300000000,0.1499827138
external,M1,C0,frozen,0.3400000000,0.1522491271
external,M1,C0,frozen,0.3500000000,0.1546917398
external,M1,C0,frozen,0.3600000000,0.1572020796
external,M1,C0,frozen,0.3700000000,0.1587787723
external,M1,C0,frozen,0.3800000000,0.1604282805
external,M1,C0,frozen,0.3900000000,0.1625213472
external,M1,C0,frozen,0.4000000000,0.1642164458
external,M1,C0,frozen,0.4100000000,0.1661300633
external,M1,C0,frozen,0.4200000000,0.1678468383
external,M1,C0,frozen,0.4300000000,0.1694414566
external,M1,C0,frozen,0.4400000000,0.1713255545
external,M1,C0,frozen,0.4500000000,0.1729957242
external,M1,C0,frozen,0.4600000000,0.1747695752
external,M1,C0,frozen,0.4700000000,0.1764377657
external,M1,C0,frozen,0.4800000000,0.1780891261
external,M1,C0,frozen,0.4900000000,0.1801441067
external,M1,C0,frozen,0.5000000000,0.1817061664
external,M1,C0,frozen,0.5100000000,0.1829185787
external,M1,C0,frozen,0.5200000000,0.1846950937
external,M1,C0,frozen,0.5300000000,0.1868551648
external,M1,C0,frozen,0.5400000000,0.1884304623
external,M1,C0,frozen,0.5500000000,0.1902184212
external,M1,C0,frozen,0.5600000000,0.1920322772
external,M1,C0,frozen,0.5700000000,0.1937443537
external,M1,C0,frozen,0.5800000000,0.1954436470
external,M1,C0,frozen,0.5900000000,0.1970957913
external,M1,C0,frozen,0.6000000000,0.1983806646
external,M1,C0,frozen,0.6100000000,0.2000500432
external,M1,C0,frozen,0.6200000000,0.2016954126
external,M1,C0,frozen,0.6300000000,0.2029897462
external,M1,C0,frozen,0.6400000000,0.2045016333
external,M1,C0,frozen,0.6500000000,0.2058422398
external,M1,C0,frozen,0.6600000000,0.2072678982
external,M1,C0,frozen,0.6700000000,0.2088224330
external,M1,C0,frozen,0.6800000000,0.2101383032
external,M1,C0,frozen,0.6900000000,0.2115404897
external,M1,C0,frozen,0.7000000000,0.2131783663
external,M1,C0,frozen,0.7100000000,0.2144965018
external,M1,C0,frozen,0.7200000000,0.2161202045
external,M1,C0,frozen,0.7300000000,0.2176540159
external,M1,C0,frozen,0.7400000000,0.2190751204
external,M1,C0,frozen,0.7500000000,0.2202235735
external,M1,C0,frozen,0.7600000000,0.2213207073
external,M1,C0,frozen,0.7700000000,0.2225909730
external,M1,C0,frozen,0.7800000000,0.2238021822
external,M1,C0,frozen,0.7900000000,0.2249852656
external,M1,C0,frozen,0.8000000000,0.2264284283
external,M1,C0,frozen,0.8100000000,0.2278759293
external,M1,C0,frozen,0.8200000000,0.2288778710
external,M1,C0,frozen,0.8300000000,0.2302394353
external,M1,C0,frozen,0.8400000000,0.2314406537
external,M1,C0,frozen,0.8500000000,0.2324929896
external,M1,C0,frozen,0.8600000000,0.2335319680
external,M1,C0,frozen,0.8700000000,0.2348233368
external,M1,C0,frozen,0.8800000000,0.2359282035
external,M1,C0,frozen,0.8900000000,0.2372900881
external,M1,C0,frozen,0.9000000000,0.2382347298
external,M1,C0,frozen,0.9100000000,0.2394213859
external,M1,C0,frozen,0.9200000000,0.2405524162
external,M1,C0,frozen,0.9300000000,0.2418348502
external,M1,C0,frozen,0.9400000000,0.2432031701
external,M1,C0,frozen,0.9500000000,0.2449737253
external,M1,C0,frozen,0.9600000000,0.2466315918
external,M1,C0,frozen,0.9700000000,0.2479946086
external,M1,C0,frozen,0.9800000000,0.2494040652
external,M1,C0,frozen,0.9900000000,0.2509661655
external,M1,C0,frozen,1.0000000000,0.2522922795
external,M1,C0,threshold_margin,0.0500000000,0.1080959428
external,M1,C0,threshold_margin,0.0600000000,0.1178742100
external,M1,C0,threshold_margin,0.0700000000,0.1267772199
external,M1,C0,threshold_margin,0.0800000000,0.1334393186
external,M1,C0,threshold_margin,0.0900000000,0.1426618705
external,M1,C0,threshold_margin,0.1000000000,0.1497194216
external,M1,C0,threshold_margin,0.1100000000,0.1587523826
external,M1,C0,threshold_margin,0.1200000000,0.1650389270
external,M1,C0,threshold_margin,0.1300000000,0.1711896969
external,M1,C0,threshold_margin,0.1400000000,0.1777304262
external,M1,C0,threshold_margin,0.1500000000,0.1820989558
external,M1,C0,threshold_margin,0.1600000000,0.1859946812
external,M1,C0,threshold_margin,0.1700000000,0.1893767911
external,M1,C0,threshold_margin,0.1800000000,0.1925321616
external,M1,C0,threshold_margin,0.1900000000,0.1957278481
external,M1,C0,threshold_margin,0.2000000000,0.1992676873
external,M1,C0,threshold_margin,0.2100000000,0.2022509030
external,M1,C0,threshold_margin,0.2200000000,0.2036650829
external,M1,C0,threshold_margin,0.2300000000,0.2056809041
external,M1,C0,threshold_margin,0.2400000000,0.2074227533
external,M1,C0,threshold_margin,0.2500000000,0.2090684279
external,M1,C0,threshold_margin,0.2600000000,0.2114028534
external,M1,C0,threshold_margin,0.2700000000,0.2128477456
external,M1,C0,threshold_margin,0.2800000000,0.2138750317
external,M1,C0,threshold_margin,0.2900000000,0.2153195109
external,M1,C0,threshold_margin,0.3000000000,0.2164271839
external,M1,C0,threshold_margin,0.3100000000,0.2174877656
external,M1,C0,threshold_margin,0.3200000000,0.2181843147
external,M1,C0,threshold_margin,0.3300000000,0.2197669638
external,M1,C0,threshold_margin,0.3400000000,0.2205776992
external,M1,C0,threshold_margin,0.3500000000,0.2211778024
external,M1,C0,threshold_margin,0.3600000000,0.2221818229
external,M1,C0,threshold_margin,0.3700000000,0.2224727903
external,M1,C0,threshold_margin,0.3800000000,0.2231683666
external,M1,C0,threshold_margin,0.3900000000,0.2244283681
external,M1,C0,threshold_margin,0.4000000000,0.2255051147
external,M1,C0,threshold_margin,0.4100000000,0.2262822827
external,M1,C0,threshold_margin,0.4200000000,0.2269883047
external,M1,C0,threshold_margin,0.4300000000,0.2272724665
external,M1,C0,threshold_margin,0.4400000000,0.2276526858
external,M1,C0,threshold_margin,0.4500000000,0.2280040154
external,M1,C0,threshold_margin,0.4600000000,0.2282743781
external,M1,C0,threshold_margin,0.4700000000,0.2283738125
external,M1,C0,threshold_margin,0.4800000000,0.2291718861
external,M1,C0,threshold_margin,0.4900000000,0.2302265433
external,M1,C0,threshold_margin,0.5000000000,0.2307706302
external,M1,C0,threshold_margin,0.5100000000,0.2317713529
external,M1,C0,threshold_margin,0.5200000000,0.2323836885
external,M1,C0,threshold_margin,0.5300000000,0.2325953399
external,M1,C0,threshold_margin,0.5400000000,0.2330375497
external,M1,C0,threshold_margin,0.5500000000,0.2336399975
external,M1,C0,threshold_margin,0.5600000000,0.2342625018
external,M1,C0,threshold_margin,0.5700000000,0.2346730175
external,M1,C0,threshold_margin,0.5800000000,0.2354223817
external,M1,C0,threshold_margin,0.5900000000,0.2355641440
external,M1,C0,threshold_margin,0.6000000000,0.2360095279
external,M1,C0,threshold_margin,0.6100000000,0.2363922883
external,M1,C0,threshold_margin,0.6200000000,0.2368032347
external,M1,C0,threshold_margin,0.6300000000,0.2371644275
external,M1,C0,threshold_margin,0.6400000000,0.2373225797
external,M1,C0,threshold_margin,0.6500000000,0.2375244899
external,M1,C0,threshold_margin,0.6600000000,0.2382201790
external,M1,C0,threshold_margin,0.6700000000,0.2388769231
external,M1,C0,threshold_margin,0.6800000000,0.2395383848
external,M1,C0,threshold_margin,0.6900000000,0.2403109401
external,M1,C0,threshold_margin,0.7000000000,0.2409043856
external,M1,C0,threshold_margin,0.7100000000,0.2415427844
external,M1,C0,threshold_margin,0.7200000000,0.2419150585
external,M1,C0,threshold_margin,0.7300000000,0.2421069083
external,M1,C0,threshold_margin,0.7400000000,0.2423619098
external,M1,C0,threshold_margin,0.7500000000,0.2428310947
external,M1,C0,threshold_margin,0.7600000000,0.2432946274
external,M1,C0,threshold_margin,0.7700000000,0.2432986140
external,M1,C0,threshold_margin,0.7800000000,0.2435675601
external,M1,C0,threshold_margin,0.7900000000,0.2442233307
external,M1,C0,threshold_margin,0.8000000000,0.2447946779
external,M1,C0,threshold_margin,0.8100000000,0.2450882983
external,M1,C0,threshold_margin,0.8200000000,0.2454619978
external,M1,C0,threshold_margin,0.8300000000,0.2459407449
external,M1,C0,threshold_margin,0.8400000000,0.2464859150
external,M1,C0,threshold_margin,0.8500000000,0.2470977033
external,M1,C0,threshold_margin,0.8600000000,0.2473806399
external,M1,C0,threshold_margin,0.8700000000,0.2476675279
external,M1,C0,threshold_margin,0.8800000000,0.2479980027
external,M1,C0,threshold_margin,0.8900000000,0.2483740598
external,M1,C0,threshold_margin,0.9000000000,0.2488010319
external,M1,C0,threshold_margin,0.9100000000,0.2489209438
external,M1,C0,threshold_margin,0.9200000000,0.2495500432
external,M1,C0,threshold_margin,0.9300000000,0.2498909169
external,M1,C0,threshold_margin,0.9400000000,0.2503785493
external,M1,C0,threshold_margin,0.9500000000,0.2506817791
external,M1,C0,threshold_margin,0.9600000000,0.2509372571
external,M1,C0,threshold_margin,0.9700000000,0.2512222763
external,M1,C0,threshold_margin,0.9800000000,0.2516049965
external,M1,C0,threshold_margin,0.9900000000,0.2519516419
external,M1,C0,threshold_margin,1.0000000000,0.2522922795
external,M2,C0,frozen,0.0500000000,0.1179738562
external,M2,C0,frozen,0.0600000000,0.1236550023
external,M2,C0,frozen,0.0700000000,0.1281558316
external,M2,C0,frozen,0.0800000000,0.1325856554
external,M2,C0,frozen,0.0900000000,0.1362949640
external,M2,C0,frozen,0.1000000000,0.1403524188
external,M2,C0,frozen,0.1100000000,0.1432713869
external,M2,C0,frozen,0.1200000000,0.1457835505
external,M2,C0,frozen,0.1300000000,0.1499205446
external,M2,C0,frozen,0.1400000000,0.1534291378
external,M2,C0,frozen,0.1500000000,0.1554010442
external,M2,C0,frozen,0.1600000000,0.1566976932
external,M2,C0,frozen,0.1700000000,0.1580458519
external,M2,C0,frozen,0.1800000000,0.1592176713
external,M2,C0,frozen,0.1900000000,0.1610029211
external,M2,C0,frozen,0.2000000000,0.1624400660
external,M2,C0,frozen,0.2100000000,0.1649986785
external,M2,C0,frozen,0.2200000000,0.1666344308
external,M2,C0,frozen,0.2300000000,0.1696328024
external,M2,C0,frozen,0.2400000000,0.1720537033
external,M2,C0,frozen,0.2500000000,0.1755235699
external,M2,C0,frozen,0.2600000000,0.1776336856
external,M2,C0,frozen,0.2700000000,0.1805913389
external,M2,C0,frozen,0.2800000000,0.1832512912
external,M2,C0,frozen,0.2900000000,0.1858240298
external,M2,C0,frozen,0.3000000000,0.1885680368
external,M2,C0,frozen,0.3100000000,0.1910310734
external,M2,C0,frozen,0.3200000000,0.1938976093
external,M2,C0,frozen,0.3300000000,0.1957845116
external,M2,C0,frozen,0.3400000000,0.1980365483
external,M2,C0,frozen,0.3500000000,0.1988141805
external,M2,C0,frozen,0.3600000000,0.2007374669
external,M2,C0,frozen,0.3700000000,0.2035089254
external,M2,C0,frozen,0.3800000000,0.2051786395
external,M2,C0,frozen,0.3900000000,0.2072782258
external,M2,C0,frozen,0.4000000000,0.2098163009
external,M2,C0,frozen,0.4100000000,0.2109779944
external,M2,C0,frozen,0.4200000000,0.2123571130
external,M2,C0,frozen,0.4300000000,0.2147911109
external,M2,C0,frozen,0.4400000000,0.2169249098
external,M2,C0,frozen,0.4500000000,0.2188741109
external,M2,C0,frozen,0.4600000000,0.2210097130
external,M2,C0,frozen,0.4700000000,0.2228215373
external,M2,C0,frozen,0.4800000000,0.2242636525
external,M2,C0,frozen,0.4900000000,0.2269183815
external,M2,C0,frozen,0.5000000000,0.2297774324
external,M2,C0,frozen,0.5100000000,0.2313055097
external,M2,C0,frozen,0.5200000000,0.2338053391
external,M2,C0,frozen,0.5300000000,0.2361616779
external,M2,C0,frozen,0.5400000000,0.2385817802
external,M2,C0,frozen,0.5500000000,0.2407653150
external,M2,C0,frozen,0.5600000000,0.2426803550
external,M2,C0,frozen,0.5700000000,0.2443074917
external,M2,C0,frozen,0.5800000000,0.2458599149
external,M2,C0,frozen,0.5900000000,0.2475815682
external,M2,C0,frozen,0.6000000000,0.2490700770
external,M2,C0,frozen,0.6100000000,0.2506447487
external,M2,C0,frozen,0.6200000000,0.2522753044
external,M2,C0,frozen,0.6300000000,0.2539292269
external,M2,C0,frozen,0.6400000000,0.2556372195
external,M2,C0,frozen,0.6500000000,0.2570414751
external,M2,C0,frozen,0.6600000000,0.2586143503
external,M2,C0,frozen,0.6700000000,0.2601434968
external,M2,C0,frozen,0.6800000000,0.2619423661
external,M2,C0,frozen,0.6900000000,0.2633988462
external,M2,C0,frozen,0.7000000000,0.2650610530
external,M2,C0,frozen,0.7100000000,0.2669061796
external,M2,C0,frozen,0.7200000000,0.2685238242
external,M2,C0,frozen,0.7300000000,0.2700477307
external,M2,C0,frozen,0.7400000000,0.2711956431
external,M2,C0,frozen,0.7500000000,0.2727446337
external,M2,C0,frozen,0.7600000000,0.2741017308
external,M2,C0,frozen,0.7700000000,0.2755238930
external,M2,C0,frozen,0.7800000000,0.2767168722
external,M2,C0,frozen,0.7900000000,0.2782483031
external,M2,C0,frozen,0.8000000000,0.2796240836
external,M2,C0,frozen,0.8100000000,0.2814849499
external,M2,C0,frozen,0.8200000000,0.2828296331
external,M2,C0,frozen,0.8300000000,0.2840696573
external,M2,C0,frozen,0.8400000000,0.2856068615
external,M2,C0,frozen,0.8500000000,0.2873019760
external,M2,C0,frozen,0.8600000000,0.2884454866
external,M2,C0,frozen,0.8700000000,0.2895240779
external,M2,C0,frozen,0.8800000000,0.2912430358
external,M2,C0,frozen,0.8900000000,0.2933794819
external,M2,C0,frozen,0.9000000000,0.2953660116
external,M2,C0,frozen,0.9100000000,0.2965735856
external,M2,C0,frozen,0.9200000000,0.2977808836
external,M2,C0,frozen,0.9300000000,0.2990659969
external,M2,C0,frozen,0.9400000000,0.3004316905
external,M2,C0,frozen,0.9500000000,0.3015300674
external,M2,C0,frozen,0.9600000000,0.3026469965
external,M2,C0,frozen,0.9700000000,0.3037030679
external,M2,C0,frozen,0.9800000000,0.3048779183
external,M2,C0,frozen,0.9900000000,0.3059595780
external,M2,C0,frozen,1.0000000000,0.3071565127
external,M2,C0,threshold_margin,0.0500000000,0.2165680109
external,M2,C0,threshold_margin,0.0600000000,0.2069035507
external,M2,C0,threshold_margin,0.0700000000,0.2004448555
external,M2,C0,threshold_margin,0.0800000000,0.1943962693
external,M2,C0,threshold_margin,0.0900000000,0.1928485783
external,M2,C0,threshold_margin,0.1000000000,0.1950097123
external,M2,C0,threshold_margin,0.1100000000,0.1978178607
external,M2,C0,threshold_margin,0.1200000000,0.2015031219
external,M2,C0,threshold_margin,0.1300000000,0.2056686115
external,M2,C0,threshold_margin,0.1400000000,0.2103821165
external,M2,C0,threshold_margin,0.1500000000,0.2131177027
external,M2,C0,threshold_margin,0.1600000000,0.2154574011
external,M2,C0,threshold_margin,0.1700000000,0.2188177894
external,M2,C0,threshold_margin,0.1800000000,0.2189072751
external,M2,C0,threshold_margin,0.1900000000,0.2212033431
external,M2,C0,threshold_margin,0.2000000000,0.2234193608
external,M2,C0,threshold_margin,0.2100000000,0.2257965524
external,M2,C0,threshold_margin,0.2200000000,0.2273094227
external,M2,C0,threshold_margin,0.2300000000,0.2293918919
external,M2,C0,threshold_margin,0.2400000000,0.2315879746
external,M2,C0,threshold_margin,0.2500000000,0.2327832458
external,M2,C0,threshold_margin,0.2600000000,0.2369498701
external,M2,C0,threshold_margin,0.2700000000,0.2397806176
external,M2,C0,threshold_margin,0.2800000000,0.2413332673
external,M2,C0,threshold_margin,0.2900000000,0.2432477406
external,M2,C0,threshold_margin,0.3000000000,0.2453783931
external,M2,C0,threshold_margin,0.3100000000,0.2455115580
external,M2,C0,threshold_margin,0.3200000000,0.2468047486
external,M2,C0,threshold_margin,0.3300000000,0.2486568182
external,M2,C0,threshold_margin,0.3400000000,0.2509817258
external,M2,C0,threshold_margin,0.3500000000,0.2529072841
external,M2,C0,threshold_margin,0.3600000000,0.2546273694
external,M2,C0,threshold_margin,0.3700000000,0.2562353118
external,M2,C0,threshold_margin,0.3800000000,0.2579270024
external,M2,C0,threshold_margin,0.3900000000,0.2593342821
external,M2,C0,threshold_margin,0.4000000000,0.2611437447
external,M2,C0,threshold_margin,0.4100000000,0.2623614307
external,M2,C0,threshold_margin,0.4200000000,0.2638415964
external,M2,C0,threshold_margin,0.4300000000,0.2647574076
external,M2,C0,threshold_margin,0.4400000000,0.2656449070
external,M2,C0,threshold_margin,0.4500000000,0.2668999849
external,M2,C0,threshold_margin,0.4600000000,0.2682975714
external,M2,C0,threshold_margin,0.4700000000,0.2697918307
external,M2,C0,threshold_margin,0.4800000000,0.2709337882
external,M2,C0,threshold_margin,0.4900000000,0.2725835379
external,M2,C0,threshold_margin,0.5000000000,0.2735783488
external,M2,C0,threshold_margin,0.5100000000,0.2743405341
external,M2,C0,threshold_margin,0.5200000000,0.2754453220
external,M2,C0,threshold_margin,0.5300000000,0.2761640050
external,M2,C0,threshold_margin,0.5400000000,0.2773725504
external,M2,C0,threshold_margin,0.5500000000,0.2785971374
external,M2,C0,threshold_margin,0.5600000000,0.2794269715
external,M2,C0,threshold_margin,0.5700000000,0.2804408272
external,M2,C0,threshold_margin,0.5800000000,0.2814845827
external,M2,C0,threshold_margin,0.5900000000,0.2821292130
external,M2,C0,threshold_margin,0.6000000000,0.2826575396
external,M2,C0,threshold_margin,0.6100000000,0.2836095820
external,M2,C0,threshold_margin,0.6200000000,0.2844505948
external,M2,C0,threshold_margin,0.6300000000,0.2852893816
external,M2,C0,threshold_margin,0.6400000000,0.2862575762
external,M2,C0,threshold_margin,0.6500000000,0.2868857358
external,M2,C0,threshold_margin,0.6600000000,0.2882412027
external,M2,C0,threshold_margin,0.6700000000,0.2889222549
external,M2,C0,threshold_margin,0.6800000000,0.2897780347
external,M2,C0,threshold_margin,0.6900000000,0.2901623520
external,M2,C0,threshold_margin,0.7000000000,0.2906579272
external,M2,C0,threshold_margin,0.7100000000,0.2914598344
external,M2,C0,threshold_margin,0.7200000000,0.2923007083
external,M2,C0,threshold_margin,0.7300000000,0.2929747196
external,M2,C0,threshold_margin,0.7400000000,0.2937757305
external,M2,C0,threshold_margin,0.7500000000,0.2942587499
external,M2,C0,threshold_margin,0.7600000000,0.2946272223
external,M2,C0,threshold_margin,0.7700000000,0.2952900684
external,M2,C0,threshold_margin,0.7800000000,0.2956105708
external,M2,C0,threshold_margin,0.7900000000,0.2962557035
external,M2,C0,threshold_margin,0.8000000000,0.2965956307
external,M2,C0,threshold_margin,0.8100000000,0.2967815554
external,M2,C0,threshold_margin,0.8200000000,0.2973688763
external,M2,C0,threshold_margin,0.8300000000,0.2976883069
external,M2,C0,threshold_margin,0.8400000000,0.2982447929
external,M2,C0,threshold_margin,0.8500000000,0.2984691342
external,M2,C0,threshold_margin,0.8600000000,0.2989433640
external,M2,C0,threshold_margin,0.8700000000,0.2993540601
external,M2,C0,threshold_margin,0.8800000000,0.2997803006
external,M2,C0,threshold_margin,0.8900000000,0.3003540829
external,M2,C0,threshold_margin,0.9000000000,0.3006562718
external,M2,C0,threshold_margin,0.9100000000,0.3009145463
external,M2,C0,threshold_margin,0.9200000000,0.3014763944
external,M2,C0,threshold_margin,0.9300000000,0.3031634091
external,M2,C0,threshold_margin,0.9400000000,0.3038036989
external,M2,C0,threshold_margin,0.9500000000,0.3043329731
external,M2,C0,threshold_margin,0.9600000000,0.3049334477
external,M2,C0,threshold_margin,0.9700000000,0.3054503349
external,M2,C0,threshold_margin,0.9800000000,0.3061075452
external,M2,C0,threshold_margin,0.9900000000,0.3066859152
external,M2,C0,threshold_margin,1.0000000000,0.3071565127
external,M3,C0,frozen,0.0500000000,0.0202151930
external,M3,C0,frozen,0.0600000000,0.0229998458
external,M3,C0,frozen,0.0700000000,0.0240838619
external,M3,C0,frozen,0.0800000000,0.0275870043
external,M3,C0,frozen,0.0900000000,0.0299006509
external,M3,C0,frozen,0.1000000000,0.0331930441
external,M3,C0,frozen,0.1100000000,0.0357116829
external,M3,C0,frozen,0.1200000000,0.0377540533
external,M3,C0,frozen,0.1300000000,0.0395925241
external,M3,C0,frozen,0.1400000000,0.0417200749
external,M3,C0,frozen,0.1500000000,0.0445609275
external,M3,C0,frozen,0.1600000000,0.0472432599
external,M3,C0,frozen,0.1700000000,0.0499619110
external,M3,C0,frozen,0.1800000000,0.0527665005
external,M3,C0,frozen,0.1900000000,0.0559144758
external,M3,C0,frozen,0.2000000000,0.0590745109
external,M3,C0,frozen,0.2100000000,0.0610225237
external,M3,C0,frozen,0.2200000000,0.0634542881
external,M3,C0,frozen,0.2300000000,0.0655787484
external,M3,C0,frozen,0.2400000000,0.0684178069
external,M3,C0,frozen,0.2500000000,0.0715687363
external,M3,C0,frozen,0.2600000000,0.0744583200
external,M3,C0,frozen,0.2700000000,0.0773205884
external,M3,C0,frozen,0.2800000000,0.0797113659
external,M3,C0,frozen,0.2900000000,0.0824189261
external,M3,C0,frozen,0.3000000000,0.0848653038
external,M3,C0,frozen,0.3100000000,0.0877640845
external,M3,C0,frozen,0.3200000000,0.0908377417
external,M3,C0,frozen,0.3300000000,0.0941278429
external,M3,C0,frozen,0.3400000000,0.0968085975
external,M3,C0,frozen,0.3500000000,0.0996154456
external,M3,C0,frozen,0.3600000000,0.1023404510
external,M3,C0,frozen,0.3700000000,0.1049619148
external,M3,C0,frozen,0.3800000000,0.1076076990
external,M3,C0,frozen,0.3900000000,0.1103961101
external,M3,C0,frozen,0.4000000000,0.1124507605
external,M3,C0,frozen,0.4100000000,0.1145499601
external,M3,C0,frozen,0.4200000000,0.1175531720
external,M3,C0,frozen,0.4300000000,0.1204643892
external,M3,C0,frozen,0.4400000000,0.1234289919
external,M3,C0,frozen,0.4500000000,0.1260730584
external,M3,C0,frozen,0.4600000000,0.1288086284
external,M3,C0,frozen,0.4700000000,0.1315186585
external,M3,C0,frozen,0.4800000000,0.1336994996
external,M3,C0,frozen,0.4900000000,0.1361471902
external,M3,C0,frozen,0.5000000000,0.1385083841
external,M3,C0,frozen,0.5100000000,0.1409851329
external,M3,C0,frozen,0.5200000000,0.1434808648
external,M3,C0,frozen,0.5300000000,0.1456287634
external,M3,C0,frozen,0.5400000000,0.1476665639
external,M3,C0,frozen,0.5500000000,0.1500426078
external,M3,C0,frozen,0.5600000000,0.1521964166
external,M3,C0,frozen,0.5700000000,0.1544599339
external,M3,C0,frozen,0.5800000000,0.1566600213
external,M3,C0,frozen,0.5900000000,0.1589104383
external,M3,C0,frozen,0.6000000000,0.1605760435
external,M3,C0,frozen,0.6100000000,0.1622517427
external,M3,C0,frozen,0.6200000000,0.1638002805
external,M3,C0,frozen,0.6300000000,0.1657103003
external,M3,C0,frozen,0.6400000000,0.1671397874
external,M3,C0,frozen,0.6500000000,0.1688322162
external,M3,C0,frozen,0.6600000000,0.1708450132
external,M3,C0,frozen,0.6700000000,0.1722546678
external,M3,C0,frozen,0.6800000000,0.1739863057
external,M3,C0,frozen,0.6900000000,0.1756085408
external,M3,C0,frozen,0.7000000000,0.1771256211
external,M3,C0,frozen,0.7100000000,0.1787220044
external,M3,C0,frozen,0.7200000000,0.1803010253
external,M3,C0,frozen,0.7300000000,0.1815867283
external,M3,C0,frozen,0.7400000000,0.1830533193
external,M3,C0,frozen,0.7500000000,0.1845632341
external,M3,C0,frozen,0.7600000000,0.1860541071
external,M3,C0,frozen,0.7700000000,0.1873785125
external,M3,C0,frozen,0.7800000000,0.1884224779
external,M3,C0,frozen,0.7900000000,0.1896521508
external,M3,C0,frozen,0.8000000000,0.1908075283
external,M3,C0,frozen,0.8100000000,0.1921351865
external,M3,C0,frozen,0.8200000000,0.1932864416
external,M3,C0,frozen,0.8300000000,0.1945873502
external,M3,C0,frozen,0.8400000000,0.1959571321
external,M3,C0,frozen,0.8500000000,0.1969496955
external,M3,C0,frozen,0.8600000000,0.1980308637
external,M3,C0,frozen,0.8700000000,0.1990644947
external,M3,C0,frozen,0.8800000000,0.1999922913
external,M3,C0,frozen,0.8900000000,0.2012191953
external,M3,C0,frozen,0.9000000000,0.2023119407
external,M3,C0,frozen,0.9100000000,0.2030663902
external,M3,C0,frozen,0.9200000000,0.2039529163
external,M3,C0,frozen,0.9300000000,0.2049087383
external,M3,C0,frozen,0.9400000000,0.2059093384
external,M3,C0,frozen,0.9500000000,0.2069568731
external,M3,C0,frozen,0.9600000000,0.2078656684
external,M3,C0,frozen,0.9700000000,0.2086813403
external,M3,C0,frozen,0.9800000000,0.2096200680
external,M3,C0,frozen,0.9900000000,0.2104214749
external,M3,C0,frozen,1.0000000000,0.2112165671
external,M3,C0,threshold_margin,0.0500000000,0.0695677642
external,M3,C0,threshold_margin,0.0600000000,0.0719181954
external,M3,C0,threshold_margin,0.0700000000,0.0764821177
external,M3,C0,threshold_margin,0.0800000000,0.0794523452
external,M3,C0,threshold_margin,0.0900000000,0.0833812950
external,M3,C0,threshold_margin,0.1000000000,0.0870055191
external,M3,C0,threshold_margin,0.1100000000,0.0909869380
external,M3,C0,threshold_margin,0.1200000000,0.0936187980
external,M3,C0,threshold_margin,0.1300000000,0.0965027750
external,M3,C0,threshold_margin,0.1400000000,0.0999438388
external,M3,C0,threshold_margin,0.1500000000,0.1020093323
external,M3,C0,threshold_margin,0.1600000000,0.1039650421
external,M3,C0,threshold_margin,0.1700000000,0.1059817898
external,M3,C0,threshold_margin,0.1800000000,0.1080613940
external,M3,C0,threshold_margin,0.1900000000,0.1097086985
external,M3,C0,threshold_margin,0.2000000000,0.1115242897
external,M3,C0,threshold_margin,0.2100000000,0.1124056618
external,M3,C0,threshold_margin,0.2200000000,0.1136154676
external,M3,C0,threshold_margin,0.2300000000,0.1159467503
external,M3,C0,threshold_margin,0.2400000000,0.1177497270
external,M3,C0,threshold_margin,0.2500000000,0.1197951355
external,M3,C0,threshold_margin,0.2600000000,0.1221344624
external,M3,C0,threshold_margin,0.2700000000,0.1234354301
external,M3,C0,threshold_margin,0.2800000000,0.1255387800
external,M3,C0,threshold_margin,0.2900000000,0.1272408293
external,M3,C0,threshold_margin,0.3000000000,0.1294075627
external,M3,C0,threshold_margin,0.3100000000,0.1316249901
external,M3,C0,threshold_margin,0.3200000000,0.1333892213
external,M3,C0,threshold_margin,0.3300000000,0.1349143167
external,M3,C0,threshold_margin,0.3400000000,0.1364526368
external,M3,C0,threshold_margin,0.3500000000,0.1381233041
external,M3,C0,threshold_margin,0.3600000000,0.1390943118
external,M3,C0,threshold_margin,0.3700000000,0.1407770389
external,M3,C0,threshold_margin,0.3800000000,0.1425748761
external,M3,C0,threshold_margin,0.3900000000,0.1441101360
external,M3,C0,threshold_margin,0.4000000000,0.1457139443
external,M3,C0,threshold_margin,0.4100000000,0.1475482454
external,M3,C0,threshold_margin,0.4200000000,0.1488345117
external,M3,C0,threshold_margin,0.4300000000,0.1504668273
external,M3,C0,threshold_margin,0.4400000000,0.1517688076
external,M3,C0,threshold_margin,0.4500000000,0.1533651277
external,M3,C0,threshold_margin,0.4600000000,0.1547971927
external,M3,C0,threshold_margin,0.4700000000,0.1565832808
external,M3,C0,threshold_margin,0.4800000000,0.1577990197
external,M3,C0,threshold_margin,0.4900000000,0.1594113020
external,M3,C0,threshold_margin,0.5000000000,0.1606516685
external,M3,C0,threshold_margin,0.5100000000,0.1618864080
external,M3,C0,threshold_margin,0.5200000000,0.1633786364
external,M3,C0,threshold_margin,0.5300000000,0.1647549233
external,M3,C0,threshold_margin,0.5400000000,0.1662278448
external,M3,C0,threshold_margin,0.5500000000,0.1675314373
external,M3,C0,threshold_margin,0.5600000000,0.1686296211
external,M3,C0,threshold_margin,0.5700000000,0.1699678671
external,M3,C0,threshold_margin,0.5800000000,0.1707296651
external,M3,C0,threshold_margin,0.5900000000,0.1724314451
external,M3,C0,threshold_margin,0.6000000000,0.1740135467
external,M3,C0,threshold_margin,0.6100000000,0.1754899433
external,M3,C0,threshold_margin,0.6200000000,0.1764755908
external,M3,C0,threshold_margin,0.6300000000,0.1776869050
external,M3,C0,threshold_margin,0.6400000000,0.1787254647
external,M3,C0,threshold_margin,0.6500000000,0.1800330644
external,M3,C0,threshold_margin,0.6600000000,0.1811351872
external,M3,C0,threshold_margin,0.6700000000,0.1819448471
external,M3,C0,threshold_margin,0.6800000000,0.1832213304
external,M3,C0,threshold_margin,0.6900000000,0.1842554732
external,M3,C0,threshold_margin,0.7000000000,0.1854637999
external,M3,C0,threshold_margin,0.7100000000,0.1862858781
external,M3,C0,threshold_margin,0.7200000000,0.1872962544
external,M3,C0,threshold_margin,0.7300000000,0.1882770491
external,M3,C0,threshold_margin,0.7400000000,0.1892086271
external,M3,C0,threshold_margin,0.7500000000,0.1900234756
external,M3,C0,threshold_margin,0.7600000000,0.1908606993
external,M3,C0,threshold_margin,0.7700000000,0.1917208280
external,M3,C0,threshold_margin,0.7800000000,0.1924410974
external,M3,C0,threshold_margin,0.7900000000,0.1935033938
external,M3,C0,threshold_margin,0.8000000000,0.1945314247
external,M3,C0,threshold_margin,0.8100000000,0.1953387846
external,M3,C0,threshold_margin,0.8200000000,0.1964084804
external,M3,C0,threshold_margin,0.8300000000,0.1972881954
external,M3,C0,threshold_margin,0.8400000000,0.1981776168
external,M3,C0,threshold_margin,0.8500000000,0.1990332328
external,M3,C0,threshold_margin,0.8600000000,0.1999906778
external,M3,C0,threshold_margin,0.8700000000,0.2007655584
external,M3,C0,threshold_margin,0.8800000000,0.2015047829
external,M3,C0,threshold_margin,0.8900000000,0.2023067355
external,M3,C0,threshold_margin,0.9000000000,0.2032693678
external,M3,C0,threshold_margin,0.9100000000,0.2039284153
external,M3,C0,threshold_margin,0.9200000000,0.2047847916
external,M3,C0,threshold_margin,0.9300000000,0.2058820311
external,M3,C0,threshold_margin,0.9400000000,0.2065850850
external,M3,C0,threshold_margin,0.9500000000,0.2073285166
external,M3,C0,threshold_margin,0.9600000000,0.2079849936
external,M3,C0,threshold_margin,0.9700000000,0.2087387190
external,M3,C0,threshold_margin,0.9800000000,0.2095539928
external,M3,C0,threshold_margin,0.9900000000,0.2104487281
external,M3,C0,threshold_margin,1.0000000000,0.2112165671
external,M4,C0,frozen,0.0500000000,0.0288259958
external,M4,C0,frozen,0.0600000000,0.0307666615
external,M4,C0,frozen,0.0700000000,0.0335315363
external,M4,C0,frozen,0.0800000000,0.0358133888
external,M4,C0,frozen,0.0900000000,0.0389294279
external,M4,C0,frozen,0.1000000000,0.0417846021
external,M4,C0,frozen,0.1100000000,0.0424977576
external,M4,C0,frozen,0.1200000000,0.0452696626
external,M4,C0,frozen,0.1300000000,0.0473755989
external,M4,C0,frozen,0.1400000000,0.0496850567
external,M4,C0,frozen,0.1500000000,0.0517791071
external,M4,C0,frozen,0.1600000000,0.0541529360
external,M4,C0,frozen,0.1700000000,0.0570002177
external,M4,C0,frozen,0.1800000000,0.0593281601
external,M4,C0,frozen,0.1900000000,0.0620772476
external,M4,C0,frozen,0.2000000000,0.0645961488
external,M4,C0,frozen,0.2100000000,0.0662753649
external,M4,C0,frozen,0.2200000000,0.0696505908
external,M4,C0,frozen,0.2300000000,0.0718421547
external,M4,C0,frozen,0.2400000000,0.0741658637
external,M4,C0,frozen,0.2500000000,0.0760496066
external,M4,C0,frozen,0.2600000000,0.0780469871
external,M4,C0,frozen,0.2700000000,0.0800049107
external,M4,C0,frozen,0.2800000000,0.0817073574
external,M4,C0,frozen,0.2900000000,0.0837713982
external,M4,C0,frozen,0.3000000000,0.0858504723
external,M4,C0,frozen,0.3100000000,0.0870772659
external,M4,C0,frozen,0.3200000000,0.0884090230
external,M4,C0,frozen,0.3300000000,0.0899371157
external,M4,C0,frozen,0.3400000000,0.0911576656
external,M4,C0,frozen,0.3500000000,0.0927762801
external,M4,C0,frozen,0.3600000000,0.0942398780
external,M4,C0,frozen,0.3700000000,0.0959843826
external,M4,C0,frozen,0.3800000000,0.0974979105
external,M4,C0,frozen,0.3900000000,0.0988164137
external,M4,C0,frozen,0.4000000000,0.0999433408
external,M4,C0,frozen,0.4100000000,0.1012029391
external,M4,C0,frozen,0.4200000000,0.1021980926
external,M4,C0,frozen,0.4300000000,0.1037876832
external,M4,C0,frozen,0.4400000000,0.1048540594
external,M4,C0,frozen,0.4500000000,0.1063766805
external,M4,C0,frozen,0.4600000000,0.1075361474
external,M4,C0,frozen,0.4700000000,0.1086193775
external,M4,C0,frozen,0.4800000000,0.1100502997
external,M4,C0,frozen,0.4900000000,0.1109713045
external,M4,C0,frozen,0.5000000000,0.1119482834
external,M4,C0,frozen,0.5100000000,0.1128117461
external,M4,C0,frozen,0.5200000000,0.1140961326
external,M4,C0,frozen,0.5300000000,0.1149687291
external,M4,C0,frozen,0.5400000000,0.1157533347
external,M4,C0,frozen,0.5500000000,0.1172760707
external,M4,C0,frozen,0.5600000000,0.1181492066
external,M4,C0,frozen,0.5700000000,0.1191991648
external,M4,C0,frozen,0.5800000000,0.1202503987
external,M4,C0,frozen,0.5900000000,0.1211410922
external,M4,C0,frozen,0.6000000000,0.1223166107
external,M4,C0,frozen,0.6100000000,0.1233241840
external,M4,C0,frozen,0.6200000000,0.1242268938
external,M4,C0,frozen,0.6300000000,0.1249352715
external,M4,C0,frozen,0.6400000000,0.1256655971
external,M4,C0,frozen,0.6500000000,0.1264398651
external,M4,C0,frozen,0.6600000000,0.1273074695
external,M4,C0,frozen,0.6700000000,0.1280207744
external,M4,C0,frozen,0.6800000000,0.1289443613
external,M4,C0,frozen,0.6900000000,0.1295317129
external,M4,C0,frozen,0.7000000000,0.1304764862
external,M4,C0,frozen,0.7100000000,0.1310265831
external,M4,C0,frozen,0.7200000000,0.1316982296
external,M4,C0,frozen,0.7300000000,0.1322182095
external,M4,C0,frozen,0.7400000000,0.1328616431
external,M4,C0,frozen,0.7500000000,0.1335621282
external,M4,C0,frozen,0.7600000000,0.1341461980
external,M4,C0,frozen,0.7700000000,0.1348880933
external,M4,C0,frozen,0.7800000000,0.1357315386
external,M4,C0,frozen,0.7900000000,0.1363485205
external,M4,C0,frozen,0.8000000000,0.1370896063
external,M4,C0,frozen,0.8100000000,0.1376334753
external,M4,C0,frozen,0.8200000000,0.1381249718
external,M4,C0,frozen,0.8300000000,0.1387994799
external,M4,C0,frozen,0.8400000000,0.1393927714
external,M4,C0,frozen,0.8500000000,0.1398924766
external,M4,C0,frozen,0.8600000000,0.1405395763
external,M4,C0,frozen,0.8700000000,0.1410498783
external,M4,C0,frozen,0.8800000000,0.1415739865
external,M4,C0,frozen,0.8900000000,0.1420620650
external,M4,C0,frozen,0.9000000000,0.1427188258
external,M4,C0,frozen,0.9100000000,0.1432474697
external,M4,C0,frozen,0.9200000000,0.1438705331
external,M4,C0,frozen,0.9300000000,0.1443916712
external,M4,C0,frozen,0.9400000000,0.1447606676
external,M4,C0,frozen,0.9500000000,0.1451879477
external,M4,C0,frozen,0.9600000000,0.1457296665
external,M4,C0,frozen,0.9700000000,0.1462374872
external,M4,C0,frozen,0.9800000000,0.1466229312
external,M4,C0,frozen,0.9900000000,0.1469361153
external,M4,C0,frozen,1.0000000000,0.1473600550
external,M4,C0,threshold_margin,0.0500000000,0.0284991984
external,M4,C0,threshold_margin,0.0600000000,0.0298828426
external,M4,C0,threshold_margin,0.0700000000,0.0320714412
external,M4,C0,threshold_margin,0.0800000000,0.0341137704
external,M4,C0,threshold_margin,0.0900000000,0.0361801987
external,M4,C0,threshold_margin,0.1000000000,0.0384238276
external,M4,C0,threshold_margin,0.1100000000,0.0400423254
external,M4,C0,threshold_margin,0.1200000000,0.0415221357
external,M4,C0,threshold_margin,0.1300000000,0.0439269959
external,M4,C0,threshold_margin,0.1400000000,0.0461579121
external,M4,C0,threshold_margin,0.1500000000,0.0482167818
external,M4,C0,threshold_margin,0.1600000000,0.0505694629
external,M4,C0,threshold_margin,0.1700000000,0.0526390249
external,M4,C0,threshold_margin,0.1800000000,0.0539047913
external,M4,C0,threshold_margin,0.1900000000,0.0551671535
external,M4,C0,threshold_margin,0.2000000000,0.0570725992
external,M4,C0,threshold_margin,0.2100000000,0.0588457698
external,M4,C0,threshold_margin,0.2200000000,0.0606869052
external,M4,C0,threshold_margin,0.2300000000,0.0628056628
external,M4,C0,threshold_margin,0.2400000000,0.0644793473
external,M4,C0,threshold_margin,0.2500000000,0.0663459878
external,M4,C0,threshold_margin,0.2600000000,0.0681010662
external,M4,C0,threshold_margin,0.2700000000,0.0696570508
external,M4,C0,threshold_margin,0.2800000000,0.0712175273
external,M4,C0,threshold_margin,0.2900000000,0.0729760766
external,M4,C0,threshold_margin,0.3000000000,0.0747140082
external,M4,C0,threshold_margin,0.3100000000,0.0760608140
external,M4,C0,threshold_margin,0.3200000000,0.0772781584
external,M4,C0,threshold_margin,0.3300000000,0.0789973090
external,M4,C0,threshold_margin,0.3400000000,0.0798553485
external,M4,C0,threshold_margin,0.3500000000,0.0812299574
external,M4,C0,threshold_margin,0.3600000000,0.0821864481
external,M4,C0,threshold_margin,0.3700000000,0.0835670950
external,M4,C0,threshold_margin,0.3800000000,0.0847768933
external,M4,C0,threshold_margin,0.3900000000,0.0859851360
external,M4,C0,threshold_margin,0.4000000000,0.0873411037
external,M4,C0,threshold_margin,0.4100000000,0.0885474482
external,M4,C0,threshold_margin,0.4200000000,0.0897572848
external,M4,C0,threshold_margin,0.4300000000,0.0909155121
external,M4,C0,threshold_margin,0.4400000000,0.0922814394
external,M4,C0,threshold_margin,0.4500000000,0.0936195508
external,M4,C0,threshold_margin,0.4600000000,0.0945680080
external,M4,C0,threshold_margin,0.4700000000,0.0957283630
external,M4,C0,threshold_margin,0.4800000000,0.0969450815
external,M4,C0,threshold_margin,0.4900000000,0.0983984645
external,M4,C0,threshold_margin,0.5000000000,0.0996749983
external,M4,C0,threshold_margin,0.5100000000,0.1010507923
external,M4,C0,threshold_margin,0.5200000000,0.1020816285
external,M4,C0,threshold_margin,0.5300000000,0.1031739244
external,M4,C0,threshold_margin,0.5400000000,0.1043813668
external,M4,C0,threshold_margin,0.5500000000,0.1055067808
external,M4,C0,threshold_margin,0.5600000000,0.1066041164
external,M4,C0,threshold_margin,0.5700000000,0.1077578885
external,M4,C0,threshold_margin,0.5800000000,0.1090603402
external,M4,C0,threshold_margin,0.5900000000,0.1100058534
external,M4,C0,threshold_margin,0.6000000000,0.1113613004
external,M4,C0,threshold_margin,0.6100000000,0.1127461090
external,M4,C0,threshold_margin,0.6200000000,0.1137721811
external,M4,C0,threshold_margin,0.6300000000,0.1147451240
external,M4,C0,threshold_margin,0.6400000000,0.1157743860
external,M4,C0,threshold_margin,0.6500000000,0.1168345976
external,M4,C0,threshold_margin,0.6600000000,0.1179395358
external,M4,C0,threshold_margin,0.6700000000,0.1191467966
external,M4,C0,threshold_margin,0.6800000000,0.1199952387
external,M4,C0,threshold_margin,0.6900000000,0.1210418594
external,M4,C0,threshold_margin,0.7000000000,0.1222079061
external,M4,C0,threshold_margin,0.7100000000,0.1231024629
external,M4,C0,threshold_margin,0.7200000000,0.1241090012
external,M4,C0,threshold_margin,0.7300000000,0.1250459355
external,M4,C0,threshold_margin,0.7400000000,0.1260608864
external,M4,C0,threshold_margin,0.7500000000,0.1270358219
external,M4,C0,threshold_margin,0.7600000000,0.1279542670
external,M4,C0,threshold_margin,0.7700000000,0.1287931939
external,M4,C0,threshold_margin,0.7800000000,0.1296716872
external,M4,C0,threshold_margin,0.7900000000,0.1306292276
external,M4,C0,threshold_margin,0.8000000000,0.1312887846
external,M4,C0,threshold_margin,0.8100000000,0.1321880627
external,M4,C0,threshold_margin,0.8200000000,0.1332218387
external,M4,C0,threshold_margin,0.8300000000,0.1341107086
external,M4,C0,threshold_margin,0.8400000000,0.1348170826
external,M4,C0,threshold_margin,0.8500000000,0.1358628896
external,M4,C0,threshold_margin,0.8600000000,0.1366846657
external,M4,C0,threshold_margin,0.8700000000,0.1374400578
external,M4,C0,threshold_margin,0.8800000000,0.1382175269
external,M4,C0,threshold_margin,0.8900000000,0.1392475912
external,M4,C0,threshold_margin,0.9000000000,0.1401800765
external,M4,C0,threshold_margin,0.9100000000,0.1409509384
external,M4,C0,threshold_margin,0.9200000000,0.1417363806
external,M4,C0,threshold_margin,0.9300000000,0.1424500589
external,M4,C0,threshold_margin,0.9400000000,0.1433096166
external,M4,C0,threshold_margin,0.9500000000,0.1439573048
external,M4,C0,threshold_margin,0.9600000000,0.1447543474
external,M4,C0,threshold_margin,0.9700000000,0.1453764897
external,M4,C0,threshold_margin,0.9800000000,0.1460734063
external,M4,C0,threshold_margin,0.9900000000,0.1466332153
external,M4,C0,threshold_margin,1.0000000000,0.1473600550
