model,condition,metric,score,source,external,difference,ci_low,ci_high,population
M1,C0,aurc,frozen,0.1630693983,0.1750397936,0.0119703953,-0.0011398034,0.0240459623,evaluable studies
M1,C0,augrc,frozen,0.0960793098,0.1022818576,0.0062025478,0.0000722162,0.0121539248,evaluable studies
M2,C0,aurc,frozen,0.2372977560,0.2208591238,-0.0164386322,-0.0282373834,-0.0043509638,evaluable studies
M2,C0,augrc,frozen,0.1387673897,0.1276588096,-0.0111085801,-0.0170676240,-0.0052137864,evaluable studies
M3,C0,aurc,frozen,0.1317004554,0.1269148870,-0.0047855684,-0.0142457872,0.0047720949,evaluable studies
M3,C0,augrc,frozen,0.0812488125,0.0813005408,0.0000517283,-0.0049471921,0.0050035339,evaluable studies
M4,C0,aurc,frozen,0.1010513406,0.1015463417,0.0004950011,-0.0077709852,0.0082830737,evaluable studies
M4,C0,augrc,frozen,0.0613755510,0.0613221336,-0.0000534174,-0.0043388622,0.0038809303,evaluable studies
M1,C0,aurc,threshold_margin,0.1887541044,0.2152718389,0.0265177345,0.0125135106,0.0397701487,evaluable studies
M1,C0,augrc,threshold_margin,0.1034891000,0.1179174796,0.0144283795,0.0078394258,0.0206499135,evaluable studies
M2,C0,aurc,threshold_margin,0.2933617144,0.2664453147,-0.0269163997,-0.0400539295,-0.0136527093,evaluable studies
M2,C0,augrc,threshold_margin,0.1554748018,0.1413167974,-0.0141580045,-0.0201477398,-0.0079701031,evaluable studies
M3,C0,aurc,threshold_margin,0.1553410096,0.1523198040,-0.0030212056,-0.0145671257,0.0080021879,evaluable studies
M3,C0,augrc,threshold_margin,0.0893166654,0.0884545865,-0.0008620789,-0.0062261985,0.0045998541,evaluable studies
M4,C0,aurc,threshold_margin,0.1030233233,0.0944948948,-0.0085284285,-0.0172944955,-0.0002910068,evaluable studies
M4,C0,augrc,threshold_margin,0.0621645971,0.0577920322,-0.0043725649,-0.0087397359,-0.0002251287,evaluable studies
