stratum,model,estimator,studies_source,studies_external,coverage_source,coverage_external,risk_source,risk_external,transfer_gap,ci_low,ci_high
AP_only,M1,evaluable_study,8837,110718,0.7613443476,0.7619718564,0.2055984556,0.2356301574,0.0300317018,0.0158061057,0.0445295766
PA_only,M1,evaluable_study,5910,22111,0.8480541455,0.8197729637,0.2264350144,0.1664900154,-0.0599449990,-0.0800929065,-0.0399441257
AP_only,M2,evaluable_study,8837,110718,0.7937082720,0.8513249878,0.3075895838,0.2565542973,-0.0510352865,-0.0651227283,-0.0371203688
PA_only,M2,evaluable_study,5910,22111,0.8162436548,0.8246121840,0.2946821516,0.4392539693,0.1445718177,0.1234821633,0.1638274651
AP_only,M3,evaluable_study,8837,110718,0.8326355098,0.7865026464,0.1872256687,0.1907230673,0.0034973986,-0.0083633785,0.0158865151
PA_only,M3,evaluable_study,5910,22111,0.7458544839,0.7122246845,0.2129029088,0.1830788419,-0.0298240669,-0.0503403087,-0.0108487060
AP_only,M4,evaluable_study,8837,110718,0.8014031911,0.8025885583,0.1366258679,0.1291345118,-0.0074913561,-0.0178335490,0.0020183375
PA_only,M4,evaluable_study,5910,22111,0.7976311337,0.7572701370,0.1464731963,0.1799494374,0.0334762411,0.0168780583,0.0486844997
AP_only,M1,original,8837,110718,0.7613443476,0.7619718564,0.1345496433,0.1908971836,0.0563475404,0.0474942541,0.0655257200
PA_only,M1,original,5910,22111,0.8480541455,0.8197729637,0.0734603618,0.1395224172,0.0660620554,0.0574323456,0.0746250396
AP_only,M2,original,8837,110718,0.7937082720,0.8513249878,0.1970345024,0.2079092269,0.0108747245,0.0006726997,0.0207834112
PA_only,M2,original,5910,22111,0.8162436548,0.8246121840,0.0999378109,0.3677032487,0.2677654377,0.2576437122,0.2776744760
AP_only,M3,original,8837,110718,0.8326355098,0.7865026464,0.1271495878,0.1576619201,0.0305123323,0.0223714207,0.0389425080
PA_only,M3,original,5910,22111,0.7458544839,0.7122246845,0.0819154567,0.1537941326,0.0718786758,0.0626662001,0.0808658914
AP_only,M4,original,8837,110718,0.8014031911,0.8025885583,0.0898427939,0.1056417701,0.0157989762,0.0090727301,0.0219719294
PA_only,M4,original,5910,22111,0.7976311337,0.7572701370,0.0513930137,0.1509107740,0.0995177603,0.0918386459,0.1064466994
