evaluation_tier,hypothesis,icc,paired_correlation,base_risk,standard_error,mde_80_power,power_at_materiality_0_02
prespecified_eval,H1_risk_transport_gap,0.05,,0.05,0.002435,0.022,0.5
prespecified_eval,H2_compound_shift_interaction,0.05,0.5,0.05,0.002638,0.0222,0.5
prespecified_eval,H2_compound_shift_interaction,0.05,0.7,0.05,0.00206,0.0217,0.5
prespecified_eval,H2_compound_shift_interaction,0.05,0.9,0.05,0.001236,0.021,0.5
prespecified_eval,H1_risk_transport_gap,0.05,,0.1,0.003332,0.0228,0.5
prespecified_eval,H2_compound_shift_interaction,0.05,0.5,0.1,0.003461,0.0229,0.5
prespecified_eval,H2_compound_shift_interaction,0.05,0.7,0.1,0.002687,0.0223,0.5
prespecified_eval,H2_compound_shift_interaction,0.05,0.9,0.1,0.001567,0.0213,0.5
prespecified_eval,H1_risk_transport_gap,0.05,,0.2,0.004429,0.0237,0.5
prespecified_eval,H2_compound_shift_interaction,0.05,0.5,0.2,0.004501,0.0238,0.5
prespecified_eval,H2_compound_shift_interaction,0.05,0.7,0.2,0.003488,0.0229,0.5
prespecified_eval,H2_compound_shift_interaction,0.05,0.9,0.2,0.002018,0.0217,0.5
prespecified_eval,H1_risk_transport_gap,0.05,,0.3,0.005069,0.0243,0.5
prespecified_eval,H2_compound_shift_interaction,0.05,0.5,0.3,0.00511,0.0243,0.5
prespecified_eval,H2_compound_shift_interaction,0.05,0.7,0.3,0.003958,0.0233,0.5
prespecified_eval,H2_compound_shift_interaction,0.05,0.9,0.3,0.002287,0.0219,0.5
prespecified_eval,H1_risk_transport_gap,0.15,,0.05,0.002979,0.0225,0.5
prespecified_eval,H2_compound_shift_interaction,0.15,0.5,0.05,0.003235,0.0227,0.5
prespecified_eval,H2_compound_shift_interaction,0.15,0.7,0.05,0.002526,0.0221,0.5
prespecified_eval,H2_compound_shift_interaction,0.15,0.9,0.05,0.001515,0.0213,0.5
prespecified_eval,H1_risk_transport_gap,0.15,,0.1,0.004082,0.0234,0.5
prespecified_eval,H2_compound_shift_interaction,0.15,0.5,0.1,0.004245,0.0236,0.5
prespecified_eval,H2_compound_shift_interaction,0.15,0.7,0.1,0.003295,0.0228,0.5
prespecified_eval,H2_compound_shift_interaction,0.15,0.9,0.1,0.001922,0.0216,0.5
prespecified_eval,H1_risk_transport_gap,0.15,,0.2,0.00543,0.0246,0.5
prespecified_eval,H2_compound_shift_interaction,0.15,0.5,0.2,0.00552,0.0246,0.5
prespecified_eval,H2_compound_shift_interaction,0.15,0.7,0.2,0.004277,0.0236,0.5
prespecified_eval,H2_compound_shift_interaction,0.15,0.9,0.2,0.002475,0.0221,0.5
prespecified_eval,H1_risk_transport_gap,0.15,,0.3,0.006216,0.0252,0.5
prespecified_eval,H2_compound_shift_interaction,0.15,0.5,0.3,0.006267,0.0253,0.5
prespecified_eval,H2_compound_shift_interaction,0.15,0.7,0.3,0.004855,0.0241,0.5
prespecified_eval,H2_compound_shift_interaction,0.15,0.9,0.3,0.002804,0.0224,0.5
prespecified_eval,H1_risk_transport_gap,0.3,,0.05,0.003646,0.0231,0.5
prespecified_eval,H2_compound_shift_interaction,0.3,0.5,0.05,0.003966,0.0233,0.5
prespecified_eval,H2_compound_shift_interaction,0.3,0.7,0.05,0.003097,0.0226,0.5
prespecified_eval,H2_compound_shift_interaction,0.3,0.9,0.05,0.001858,0.0216,0.5
prespecified_eval,H1_risk_transport_gap,0.3,,0.1,0.005,0.0242,0.5
prespecified_eval,H2_compound_shift_interaction,0.3,0.5,0.1,0.005204,0.0244,0.5
prespecified_eval,H2_compound_shift_interaction,0.3,0.7,0.1,0.004039,0.0234,0.5
prespecified_eval,H2_compound_shift_interaction,0.3,0.9,0.1,0.002357,0.022,0.5
prespecified_eval,H1_risk_transport_gap,0.3,,0.2,0.006654,0.0256,0.5
prespecified_eval,H2_compound_shift_interaction,0.3,0.5,0.2,0.006767,0.0257,0.5
prespecified_eval,H2_compound_shift_interaction,0.3,0.7,0.2,0.005244,0.0244,0.5
prespecified_eval,H2_compound_shift_interaction,0.3,0.9,0.2,0.003034,0.0226,0.5
prespecified_eval,H1_risk_transport_gap,0.3,,0.3,0.007618,0.0264,0.5
prespecified_eval,H2_compound_shift_interaction,0.3,0.5,0.3,0.007682,0.0265,0.5
prespecified_eval,H2_compound_shift_interaction,0.3,0.7,0.3,0.005951,0.025,0.5
prespecified_eval,H2_compound_shift_interaction,0.3,0.9,0.3,0.003438,0.0229,0.5
official_test,H1_risk_transport_gap,0.05,,0.05,0.007122,0.026,0.5
official_test,H2_compound_shift_interaction,0.05,0.5,0.05,0.007791,0.0266,0.5
official_test,H2_compound_shift_interaction,0.05,0.7,0.05,0.006084,0.0251,0.5
official_test,H2_compound_shift_interaction,0.05,0.9,0.05,0.00365,0.0231,0.5
official_test,H1_risk_transport_gap,0.05,,0.1,0.009797,0.0282,0.5
official_test,H2_compound_shift_interaction,0.05,0.5,0.1,0.010223,0.0286,0.4986
official_test,H2_compound_shift_interaction,0.05,0.7,0.1,0.007935,0.0267,0.5
official_test,H2_compound_shift_interaction,0.05,0.9,0.1,0.004629,0.0239,0.5
official_test,H1_risk_transport_gap,0.05,,0.2,0.013058,0.0366,0.3342
official_test,H2_compound_shift_interaction,0.05,0.5,0.2,0.013293,0.0372,0.3244
official_test,H2_compound_shift_interaction,0.05,0.7,0.2,0.010301,0.0289,0.4926
official_test,H2_compound_shift_interaction,0.05,0.9,0.2,0.00596,0.025,0.5
official_test,H1_risk_transport_gap,0.05,,0.3,0.014958,0.0419,0.2667
official_test,H2_compound_shift_interaction,0.05,0.5,0.3,0.015092,0.0423,0.2628
official_test,H2_compound_shift_interaction,0.05,0.7,0.3,0.011692,0.0328,0.4016
official_test,H2_compound_shift_interaction,0.05,0.9,0.3,0.006754,0.0257,0.5
official_test,H1_risk_transport_gap,0.15,,0.05,0.009473,0.028,0.5
official_test,H2_compound_shift_interaction,0.15,0.5,0.05,0.010368,0.029,0.4876
official_test,H2_compound_shift_interaction,0.15,0.7,0.05,0.008096,0.0268,0.5
official_test,H2_compound_shift_interaction,0.15,0.9,0.05,0.004857,0.0241,0.5
official_test,H1_risk_transport_gap,0.15,,0.1,0.013034,0.0365,0.3352
official_test,H2_compound_shift_interaction,0.15,0.5,0.1,0.013604,0.0381,0.3121
official_test,H2_compound_shift_interaction,0.15,0.7,0.1,0.01056,0.0296,0.4737
official_test,H2_compound_shift_interaction,0.15,0.9,0.1,0.006161,0.0252,0.5
official_test,H1_risk_transport_gap,0.15,,0.2,0.017375,0.0487,0.2093
official_test,H2_compound_shift_interaction,0.15,0.5,0.2,0.01769,0.0496,0.2035
official_test,H2_compound_shift_interaction,0.15,0.7,0.2,0.013708,0.0384,0.3082
official_test,H2_compound_shift_interaction,0.15,0.9,0.2,0.00793,0.0267,0.5
official_test,H1_risk_transport_gap,0.15,,0.3,0.019904,0.0558,0.1698
official_test,H2_compound_shift_interaction,0.15,0.5,0.3,0.020083,0.0563,0.1675
official_test,H2_compound_shift_interaction,0.15,0.7,0.3,0.015558,0.0436,0.25
official_test,H2_compound_shift_interaction,0.15,0.9,0.3,0.008987,0.0276,0.5
official_test,H1_risk_transport_gap,0.3,,0.05,0.012177,0.0341,0.3754
official_test,H2_compound_shift_interaction,0.3,0.5,0.05,0.01333,0.0373,0.3229
official_test,H2_compound_shift_interaction,0.3,0.7,0.05,0.010409,0.0292,0.4847
official_test,H2_compound_shift_interaction,0.3,0.9,0.05,0.006244,0.0253,0.5
official_test,H1_risk_transport_gap,0.3,,0.1,0.016756,0.0469,0.2217
official_test,H2_compound_shift_interaction,0.3,0.5,0.1,0.01749,0.049,0.2071
official_test,H2_compound_shift_interaction,0.3,0.7,0.1,0.013576,0.038,0.3132
official_test,H2_compound_shift_interaction,0.3,0.9,0.1,0.00792,0.0267,0.5
official_test,H1_risk_transport_gap,0.3,,0.2,0.022337,0.0626,0.1435
official_test,H2_compound_shift_interaction,0.3,0.5,0.2,0.022743,0.0637,0.1399
official_test,H2_compound_shift_interaction,0.3,0.7,0.2,0.017624,0.0494,0.2046
official_test,H2_compound_shift_interaction,0.3,0.9,0.2,0.010196,0.0286,0.5
official_test,H1_risk_transport_gap,0.3,,0.3,0.025589,0.0717,0.1193
official_test,H2_compound_shift_interaction,0.3,0.5,0.3,0.02582,0.0723,0.1179
official_test,H2_compound_shift_interaction,0.3,0.7,0.3,0.020002,0.056,0.1685
official_test,H2_compound_shift_interaction,0.3,0.9,0.3,0.011554,0.0324,0.4094
