site,model,condition,target_coverage,realised_coverage,drift,material
source,M1,C0,0.8,0.789166,-0.010834,False
source,M1,C1,0.8,0.789166,-0.010834,False
source,M1,C2,0.8,0.789166,-0.010834,False
source,M2,C0,0.8,0.784632,-0.015368,False
source,M2,C1,0.8,1.0,0.2,True
source,M2,C2,0.8,0.773416,-0.026584,False
source,M3,C0,0.8,0.830927,0.030927,False
source,M3,C1,0.8,0.833552,0.033552,False
source,M3,C2,0.8,0.751104,-0.048896,False
source,M4,C0,0.8,0.807541,0.007541,False
source,M4,C1,0.8,0.796086,-0.003914,False
source,M4,C2,0.8,0.799069,-0.000931,False
external,M1,C0,0.8,0.771364,-0.028636,False
external,M1,C1,0.8,0.771364,-0.028636,False
external,M1,C2,0.8,0.771364,-0.028636,False
external,M2,C0,0.8,0.852804,0.052804,True
external,M2,C1,0.8,1.0,0.2,True
external,M2,C2,0.8,0.850817,0.050817,True
external,M3,C0,0.8,0.776635,-0.023365,False
external,M3,C1,0.8,0.82295,0.02295,False
external,M3,C2,0.8,0.735203,-0.064797,True
external,M4,C0,0.8,0.790417,-0.009583,False
external,M4,C1,0.8,0.761946,-0.038054,False
external,M4,C2,0.8,0.787955,-0.012045,False
